"county","party","candidate","votes","above_65"
Mitchell,Democrat,Hillary Clinton,260,21.5
Adams,Republican,Donald Trump,2798,16.5
Union,Republican,Donald Trump,719,12.4
Henry,Republican,Donald Trump,1636,20.5
Hancock,Republican,Donald Trump,4147,17.3
Tillman,Democrat,Bernie Sanders,346,18.2
Marion,Republican,Donald Trump,1581,26.8
Cherokee,Republican,Donald Trump,18460,11.9
Scott,Republican,Donald Trump,510,18.6
DuPage,Democrat,Bernie Sanders,65159,13.5
Warren,Democrat,Hillary Clinton,2827,21.5
Pope,Republican,Donald Trump,3073,14.4
West Baton Rouge,Democrat,Hillary Clinton,2178,12.0
Adams,Democrat,Bernie Sanders,3279,9.6
Russell,Republican,Donald Trump,1106,18.9
Marion,Republican,Donald Trump,31370,27.9
Brown,Republican,Donald Trump,555,24.3
Kenton,Democrat,Hillary Clinton,5146,12.7
Madera,Republican,Donald Trump,8247,12.8
Hancock,Republican,Donald Trump,1494,23.1
Osceola,Republican,Ted Cruz,113,20.2
Sublette,Democrat,Bernie Sanders,3,12.6
Delta,Republican,Donald Trump,1954,21.4
Massac,Republican,Donald Trump,1341,20.3
Mason,Republican,Donald Trump,896,19.8
Clark,Republican,Donald Trump,1484,18.7
Platte,Republican,Ted Cruz,5798,13.0
Pima,Democrat,Hillary Clinton,56317,17.7
Johnson,Republican,Donald Trump,17218,13.8
Martinsville,Democrat,Hillary Clinton,834,20.4
Colfax,Republican,Donald Trump,494,13.1
Guilford,Democrat,Hillary Clinton,37880,13.8
Roosevelt,Republican,Donald Trump,712,10.5
Carlisle,Democrat,Bernie Sanders,462,19.9
Shasta,Republican,Donald Trump,14822,19.2
Big Horn,Democrat,Bernie Sanders,2,19.2
Oakland,Democrat,Hillary Clinton,92296,15.1
Danville,Democrat,Hillary Clinton,2676,19.7
Burlington,Democrat,Hillary Clinton,32712,15.6
Calloway,Democrat,Bernie Sanders,2239,15.9
Prince George,Democrat,Hillary Clinton,1992,12.4
Jackson,Democrat,Bernie Sanders,1845,17.6
Rabun,Republican,Donald Trump,1732,25.5
Randolph,Republican,Donald Trump,1917,17.2
Starke,Republican,Donald Trump,2456,16.8
Wayne,Democrat,Bernie Sanders,2898,18.4
Falls Church,Democrat,Hillary Clinton,1587,11.4
Todd,Democrat,Bernie Sanders,524,7.3
Manassas Park,Democrat,Hillary Clinton,581,7.5
Daviess,Republican,Donald Trump,634,18.9
Cooper,Republican,Ted Cruz,1369,16.5
Jones,Republican,Donald Trump,6388,15.5
Clay,Republican,Donald Trump,1294,18.8
St. Clair,Democrat,Hillary Clinton,20987,13.8
Hyde,Democrat,Hillary Clinton,459,17.7
Clinton,Democrat,Bernie Sanders,1234,18.3
Polk,Republican,Donald Trump,3360,14.9
Allendale,Democrat,Hillary Clinton,1022,16.3
Claiborne,Democrat,Hillary Clinton,1411,14.3
Richmond City,Democrat,Hillary Clinton,21822,11.4
Lincoln,Republican,Donald Trump,742,20.7
Berrien,Republican,Donald Trump,1563,16.5
Wibaux,Republican,Donald Trump,231,24.6
Nassau,Republican,Donald Trump,9192,20.0
Highlands,Republican,Donald Trump,7480,33.8
Ouachita,Democrat,Hillary Clinton,2095,18.3
Worth,Republican,Donald Trump,1890,16.9
Daviess,Republican,Donald Trump,3894,14.5
Madison,Republican,Donald Trump,23791,13.7
Sacramento,Democrat,Hillary Clinton,68248,12.8
Branch,Republican,Donald Trump,2455,16.6
Lee,Republican,Donald Trump,273,15.0
Benton,Republican,Donald Trump,1175,16.2
Miner,Democrat,Hillary Clinton,109,21.8
Audrain,Republican,Ted Cruz,1642,16.7
Ben Hill,Republican,Donald Trump,1020,15.4
Clinton,Democrat,Bernie Sanders,4524,15.3
Bertie,Democrat,Hillary Clinton,2065,19.8
Kenosha,Democrat,Bernie Sanders,14612,12.5
Miami,Republican,Donald Trump,3286,15.9
Lauderdale,Republican,Donald Trump,7502,18.2
Thomas,Republican,Donald Trump,2649,16.8
Keya Paha,Republican,Donald Trump,203,28.3
Bullock,Democrat,Hillary Clinton,2451,14.9
Hendricks,Republican,Donald Trump,18555,12.3
Calhoun,Democrat,Bernie Sanders,803,20.7
Cassia,Republican,Ted Cruz,2095,13.5
Schuyler,Republican,Donald Trump,428,19.7
Athens,Democrat,Bernie Sanders,5663,11.4
Franklin,Democrat,Bernie Sanders,2338,14.9
Cumberland,Democrat,Hillary Clinton,22744,10.8
Wakulla,Republican,Donald Trump,1664,13.2
Newberry,Democrat,Hillary Clinton,2118,18.0
Colquitt,Republican,Donald Trump,2967,14.0
Fayette,Republican,Donald Trump,2479,19.6
Assumption,Democrat,Hillary Clinton,1139,15.2
Schley,Republican,Donald Trump,331,14.7
Butte,Republican,Donald Trump,15695,17.0
Duval,Democrat,Hillary Clinton,58632,12.8
Jim Wells,Democrat,Hillary Clinton,4688,14.1
Crowley,Democrat,Bernie Sanders,16,13.0
Washington,Republican,Donald Trump,11970,15.8
Keweenaw,Democrat,Bernie Sanders,188,30.9
Merrick,Republican,Donald Trump,775,18.8
Ontonagon,Republican,Donald Trump,519,32.1
Maverick,Democrat,Hillary Clinton,4342,11.4
Prince Edward,Democrat,Hillary Clinton,1366,15.4
Tallapoosa,Republican,Donald Trump,4658,19.6
Baraga,Republican,Donald Trump,468,19.1
Cass,Democrat,Hillary Clinton,300,21.5
Furnas,Republican,Donald Trump,546,22.7
Muscatine,Democrat,Bernie Sanders,972,15.0
Johnson,Republican,Donald Trump,1383,19.3
Shoshone,Republican,Donald Trump,632,21.7
Dolores,Democrat,Bernie Sanders,22,22.0
Franklin,Republican,Donald Trump,9080,15.6
Albany,Democrat,Bernie Sanders,20422,15.3
Madison,Republican,Ted Cruz,452,16.3
Alcorn,Republican,Donald Trump,2901,17.1
Cook,Republican,Donald Trump,1229,14.7
Schenectady,Democrat,Bernie Sanders,6862,15.6
Concordia,Democrat,Hillary Clinton,1830,15.2
Fluvanna,Democrat,Hillary Clinton,1355,18.3
Montrose,Democrat,Bernie Sanders,258,21.3
Ohio,Republican,Donald Trump,786,19.6
Placer,Republican,Donald Trump,25700,17.8
Richland,Democrat,Hillary Clinton,696,15.1
Nevada,Democrat,Bernie Sanders,8472,23.4
Knox,Republican,Donald Trump,343,21.0
Delta,Democrat,Bernie Sanders,417,23.5
Calhoun,Republican,Donald Trump,1323,17.6
Columbia,Democrat,Bernie Sanders,3302,20.9
Breckinridge,Democrat,Hillary Clinton,877,17.6
Davis,Republican,Donald Trump,205,17.5
Henry,Democrat,Hillary Clinton,15639,10.4
Socorro,Democrat,Hillary Clinton,1050,16.8
Webster,Republican,Donald Trump,191,19.7
Gilmer,Democrat,Bernie Sanders,643,14.9
East Baton Rouge,Democrat,Hillary Clinton,32960,12.4
Scott,Democrat,Hillary Clinton,2013,13.7
Grant,Democrat,Bernie Sanders,715,12.6
Shelby,Democrat,Bernie Sanders,232,22.4
Garrard,Republican,Donald Trump,581,16.4
Ziebach,Democrat,Bernie Sanders,132,6.7
Johnson,Republican,Donald Trump,326,16.9
St. Lucie,Republican,Donald Trump,18350,22.6
Attala,Democrat,Hillary Clinton,1519,19.5
Moody,Democrat,Hillary Clinton,262,17.1
Washington,Democrat,Hillary Clinton,1741,16.0
Teton,Republican,Ted Cruz,465,8.6
Henry,Republican,Donald Trump,5714,18.0
Paulding,Republican,Donald Trump,10002,9.5
Jefferson,Democrat,Bernie Sanders,347,19.5
Morgan,Republican,Donald Trump,10909,15.9
Dawson,Republican,Donald Trump,1685,16.8
Covington,Republican,Donald Trump,4608,19.8
Barren,Democrat,Bernie Sanders,2653,16.8
Chouteau,Republican,Donald Trump,865,18.1
Cedar,Democrat,Bernie Sanders,445,18.4
Dent,Republican,Donald Trump,1688,20.3
Uvalde,Democrat,Hillary Clinton,1740,16.0
Barry,Republican,Ted Cruz,3189,20.2
Newton,Republican,Donald Trump,1073,24.3
Gentry,Republican,Donald Trump,435,19.7
Floyd,Republican,Donald Trump,5945,15.7
Crockett,Democrat,Hillary Clinton,266,15.1
Brunswick,Democrat,Hillary Clinton,1354,19.2
Santa Fe,Democrat,Hillary Clinton,16087,19.6
Leflore,Democrat,Hillary Clinton,2094,12.6
Hillsborough,Democrat,Hillary Clinton,68936,13.1
Iron,Republican,Donald Trump,800,18.7
Calvert,Republican,Donald Trump,6360,13.0
Lassen,Republican,Donald Trump,2508,12.5
Jackson,Republican,Donald Trump,8113,16.0
Chambers,Democrat,Hillary Clinton,2899,18.3
Campbell,Democrat,Bernie Sanders,12,7.1
Clare,Republican,Donald Trump,1996,21.8
Panola,Democrat,Hillary Clinton,3061,14.2
Charlottesville,Democrat,Bernie Sanders,4474,9.5
Iroquois,Republican,Donald Trump,2836,20.4
Monroe,Republican,Donald Trump,8802,15.7
Perry,Republican,Donald Trump,1461,17.3
Merced,Democrat,Hillary Clinton,7169,10.5
Martin,Republican,Donald Trump,586,13.3
Carter,Democrat,Bernie Sanders,2113,15.6
O'Brien,Republican,Ted Cruz,347,20.6
Queens,Democrat,Hillary Clinton,122386,13.6
Keith,Republican,Donald Trump,1253,23.2
Decatur,Republican,Donald Trump,1525,15.4
Franklin,Democrat,Hillary Clinton,650,16.9
Washakie,Democrat,Hillary Clinton,2,20.1
Schuyler,Republican,Donald Trump,697,19.7
Lafayette,Republican,Donald Trump,2518,17.9
Lake,Democrat,Bernie Sanders,2704,20.6
Sheridan,Democrat,Bernie Sanders,7,18.3
Cameron,Republican,Donald Trump,216,15.0
McCormick,Democrat,Hillary Clinton,973,29.8
Macon,Republican,Donald Trump,1489,21.0
Boyd,Republican,Donald Trump,327,28.7
Sabine,Republican,Ted Cruz,728,18.5
Meagher,Republican,Donald Trump,394,26.2
Lucas,Democrat,Hillary Clinton,32137,14.6
Beaufort,Democrat,Hillary Clinton,9945,24.1
Miller,Republican,Donald Trump,555,19.6
Sonoma,Democrat,Hillary Clinton,44923,16.7
Madison,Republican,Donald Trump,1412,26.3
Fayette,Republican,Donald Trump,2744,18.4
West Feliciana,Democrat,Hillary Clinton,902,12.6
Lincoln,Republican,Donald Trump,3235,17.1
Pulaski,Republican,Donald Trump,2821,17.7
Portsmouth,Democrat,Hillary Clinton,9464,13.9
Estill,Democrat,Hillary Clinton,446,17.1
LaRue,Democrat,Bernie Sanders,910,17.0
Sunflower,Democrat,Hillary Clinton,2332,11.6
Contra Costa,Democrat,Hillary Clinton,69809,14.2
Nelson,Democrat,Hillary Clinton,2395,13.5
Adair,Democrat,Hillary Clinton,168,22.1
Moniteau,Republican,Ted Cruz,1374,14.8
Santa Rosa,Republican,Donald Trump,16044,14.5
Lee,Republican,Donald Trump,51659,26.3
Escambia,Republican,Donald Trump,20856,15.7
Jackson,Democrat,Hillary Clinton,15,20.9
Jackson,Democrat,Bernie Sanders,3021,17.7
Gordon,Republican,Donald Trump,4339,13.3
Cerro Gordo,Democrat,Bernie Sanders,1108,19.7
Charlevoix,Republican,Donald Trump,1886,21.5
Otero,Democrat,Bernie Sanders,94,19.0
Tyrrell,Democrat,Hillary Clinton,266,19.4
Nash,Democrat,Hillary Clinton,8554,16.4
Henrico,Democrat,Hillary Clinton,28121,13.8
Christian,Republican,Ted Cruz,10586,14.3
Story,Democrat,Bernie Sanders,2737,10.7
Mississippi,Democrat,Hillary Clinton,2017,13.4
Coweta,Republican,Donald Trump,9593,12.4
Brantley,Republican,Donald Trump,1161,14.7
Franklin,Democrat,Hillary Clinton,4951,15.2
Washita,Democrat,Bernie Sanders,700,16.5
Westchester,Democrat,Hillary Clinton,69628,15.6
Osage,Republican,Donald Trump,1316,16.7
Johnson,Democrat,Bernie Sanders,1,20.6
Morehouse,Democrat,Hillary Clinton,1513,16.9
Ashley,Democrat,Hillary Clinton,1375,18.4
Teton,Republican,Donald Trump,882,22.0
Atoka,Democrat,Bernie Sanders,723,18.0
Izard,Republican,Donald Trump,873,25.0
Madison,Democrat,Hillary Clinton,1542,17.9
Kiowa,Democrat,Bernie Sanders,514,18.9
Lee,Republican,Donald Trump,3057,10.7
Pueblo,Democrat,Hillary Clinton,1260,17.1
Washington,Democrat,Hillary Clinton,1374,21.1
Callaway,Republican,Ted Cruz,3261,14.2
Brooke,Democrat,Bernie Sanders,1966,21.5
Roscommon,Republican,Donald Trump,2257,30.0
Marion,Republican,Ted Cruz,2263,16.9
Allegheny,Democrat,Hillary Clinton,122399,17.4
Pasquotank,Democrat,Hillary Clinton,2471,15.5
Buchanan,Democrat,Hillary Clinton,525,16.2
Passaic,Democrat,Hillary Clinton,29538,13.1
McDonough,Republican,Donald Trump,1599,14.9
Anson,Democrat,Hillary Clinton,2307,16.4
Fulton,Democrat,Bernie Sanders,2537,18.9
Letcher,Democrat,Bernie Sanders,1788,16.7
Dallas,Republican,Donald Trump,1672,19.6
Limestone,Republican,Donald Trump,8198,13.8
Mason,Democrat,Bernie Sanders,775,16.8
Ripley,Republican,Donald Trump,1096,19.6
Wapello,Democrat,Hillary Clinton,817,17.0
Terrell,Democrat,Hillary Clinton,804,17.7
Sauk,Democrat,Bernie Sanders,7195,17.0
Pushmataha,Democrat,Bernie Sanders,667,22.2
Wicomico,Republican,Donald Trump,6998,14.4
Troup,Republican,Donald Trump,4140,13.7
Fountain,Republican,Donald Trump,2742,19.2
Multnomah,Democrat,Bernie Sanders,87247,11.9
Geneva,Republican,Donald Trump,3106,19.2
Madison,Republican,Ted Cruz,4079,6.0
Baltimore,Democrat,Hillary Clinton,73099,15.8
Benton,Republican,Donald Trump,2278,28.8
Jim Hogg,Democrat,Hillary Clinton,1421,15.8
Oldham,Democrat,Hillary Clinton,2730,11.7
Dickinson,Democrat,Bernie Sanders,358,24.2
Tensas,Democrat,Hillary Clinton,492,19.6
Pottawattamie,Democrat,Bernie Sanders,1573,15.7
Frederick,Republican,Donald Trump,15076,12.9
Grant,Republican,Donald Trump,162,19.7
Douglas,Republican,Donald Trump,1657,22.2
Jefferson,Democrat,Hillary Clinton,1519,17.0
Pope,Republican,Donald Trump,507,21.3
Tehama,Republican,Donald Trump,3940,17.8
Oscoda,Republican,Donald Trump,705,26.1
Logan,Republican,Donald Trump,1208,19.2
Wabash,Republican,Donald Trump,977,18.9
Laurens,Republican,Donald Trump,3088,16.2
Bayfield,Democrat,Bernie Sanders,2604,23.9
Clearwater,Republican,Donald Trump,629,25.4
Green,Republican,Donald Trump,655,19.6
DeWitt,Republican,Donald Trump,1577,18.1
Hart,Republican,Donald Trump,1858,20.6
Sussex,Democrat,Hillary Clinton,958,16.2
Bonner,Republican,Ted Cruz,3132,21.4
Nicholas,Democrat,Bernie Sanders,420,17.2
Livingston,Republican,Ted Cruz,3235,17.0
Crenshaw,Republican,Donald Trump,1496,18.0
Tate,Republican,Ted Cruz,2034,15.0
Custer,Democrat,Bernie Sanders,45,29.0
Chattahoochee,Democrat,Hillary Clinton,182,4.1
Dillon,Democrat,Hillary Clinton,1615,15.0
Graves,Democrat,Bernie Sanders,2631,17.2
El Paso,Democrat,Hillary Clinton,36067,11.3
DeKalb,Democrat,Bernie Sanders,8315,11.1
Cross,Republican,Donald Trump,972,17.6
Kane,Democrat,Bernie Sanders,31085,11.7
Chilton,Republican,Donald Trump,5273,15.2
Chowan,Democrat,Hillary Clinton,974,22.4
Fremont,Democrat,Bernie Sanders,10,16.2
Madison,Democrat,Hillary Clinton,722,12.9
Adair,Democrat,Bernie Sanders,971,14.5
Hawaii,Democrat,Bernie Sanders,5605,17.5
Saline,Republican,Donald Trump,1417,16.6
Clinton,Republican,Donald Trump,1635,17.3
Miami-Dade,Democrat,Hillary Clinton,129467,15.2
Wolfe,Democrat,Bernie Sanders,499,17.8
St. Joseph,Republican,Donald Trump,19059,14.3
Knox,Republican,Donald Trump,1285,16.9
Carbon,Republican,Donald Trump,1507,22.3
Arkansas,Republican,Donald Trump,1073,17.5
Bradley,Republican,Donald Trump,770,18.3
Richmond,Democrat,Hillary Clinton,2941,16.1
Kershaw,Democrat,Hillary Clinton,3743,16.4
St. Clair,Republican,Donald Trump,8596,15.3
Graham,Republican,Ted Cruz,1606,12.3
McLean,Republican,Ted Cruz,13085,11.4
Bannock,Republican,Ted Cruz,4404,12.8
Scotland,Democrat,Hillary Clinton,2671,16.1
Clarke,Democrat,Hillary Clinton,7089,9.7
Macomb,Republican,Donald Trump,60492,15.6
Roanoke City,Democrat,Hillary Clinton,4783,14.9
Butler,Democrat,Hillary Clinton,2196,18.0
Bergen,Democrat,Hillary Clinton,55264,16.0
Carroll,Republican,Donald Trump,0,21.1
Washington,Republican,Donald Trump,1370,18.4
Ozark,Republican,Donald Trump,1099,26.3
Marion,Republican,Donald Trump,2760,18.4
Suwannee,Republican,Donald Trump,2844,19.6
Jasper,Republican,Donald Trump,1205,15.5
Boyd,Democrat,Bernie Sanders,2262,17.9
Jefferson,Republican,Donald Trump,17781,13.3
Jefferson,Republican,Ted Cruz,3080,11.1
White,Republican,Donald Trump,1424,21.8
Crawford,Democrat,Bernie Sanders,1582,20.6
Yalobusha,Democrat,Hillary Clinton,1214,18.3
Union,Democrat,Hillary Clinton,40972,13.0
Lake,Democrat,Hillary Clinton,43091,14.6
Mercer,Democrat,Bernie Sanders,1331,18.1
Muskogee,Democrat,Bernie Sanders,3515,16.0
Summit,Democrat,Bernie Sanders,419,10.8
Montgomery,Republican,Donald Trump,1192,19.8
Harrison,Democrat,Bernie Sanders,1059,16.5
Middlesex,Democrat,Hillary Clinton,47978,13.4
Carroll,Democrat,Hillary Clinton,504,19.2
Robertson,Democrat,Bernie Sanders,177,22.0
Milwaukee,Democrat,Hillary Clinton,100932,12.1
Warren,Democrat,Hillary Clinton,3463,14.6
Walker,Republican,Donald Trump,4208,16.6
Lafayette,Democrat,Hillary Clinton,443,21.5
Carroll,Democrat,Bernie Sanders,0,21.1
Dunklin,Republican,Donald Trump,1781,17.4
Habersham,Republican,Donald Trump,3289,17.4
Holt,Republican,Donald Trump,1302,20.8
Montgomery,Democrat,Bernie Sanders,192,20.8
Walton,Republican,Donald Trump,7910,14.2
Gallatin,Republican,Donald Trump,8313,11.2
Russell,Democrat,Hillary Clinton,4381,12.5
McDowell,Democrat,Bernie Sanders,1453,18.1
Gila,Republican,Donald Trump,3065,26.6
Ste. Genevieve,Republican,Donald Trump,1080,17.3
Winnebago,Democrat,Bernie Sanders,16715,15.6
Del Norte,Republican,Donald Trump,1536,15.6
Palm Beach,Democrat,Hillary Clinton,103369,22.7
Webster,Democrat,Hillary Clinton,1878,18.1
Duval,Democrat,Hillary Clinton,2272,17.2
Pitt,Democrat,Hillary Clinton,11856,11.3
Whitfield,Republican,Donald Trump,5945,12.7
Jones,Democrat,Hillary Clinton,910,21.7
Tunica,Democrat,Hillary Clinton,904,10.2
Warren,Republican,Donald Trump,1321,18.7
Wetzel,Democrat,Bernie Sanders,1744,21.4
Morrill,Republican,Donald Trump,695,18.2
Bolivar,Democrat,Hillary Clinton,3029,13.7
Pitkin,Democrat,Bernie Sanders,421,15.6
Telfair,Republican,Donald Trump,626,15.3
Winneshiek,Democrat,Bernie Sanders,616,18.1
Menominee,Republican,Donald Trump,1304,21.6
McLean,Democrat,Bernie Sanders,628,18.6
Clinton,Republican,Donald Trump,3252,15.8
Monroe,Republican,Donald Trump,698,20.8
Kit Carson,Democrat,Bernie Sanders,16,17.2
Red River,Democrat,Hillary Clinton,530,16.6
Richland,Democrat,Hillary Clinton,39243,11.3
Cumberland,Republican,Donald Trump,460,20.7
Metcalfe,Democrat,Bernie Sanders,582,17.6
Linn,Democrat,Bernie Sanders,6331,14.3
Essex,Democrat,Hillary Clinton,642,20.4
Trumbull,Democrat,Hillary Clinton,17903,19.4
Barton,Republican,Ted Cruz,1560,18.6
Clay,Republican,Donald Trump,887,13.5
Chesterfield,Democrat,Hillary Clinton,22674,12.8
Pittsburg,Democrat,Bernie Sanders,3026,18.1
Hamilton,Democrat,Hillary Clinton,758,15.9
Lincoln,Republican,Donald Trump,3073,24.8
Lincoln,Democrat,Hillary Clinton,779,16.7
Wayne,Republican,Donald Trump,1735,15.7
Powder River,Republican,Donald Trump,516,23.6
Bronx,Democrat,Hillary Clinton,95772,11.2
Hughes,Democrat,Bernie Sanders,873,18.8
Morgan,Republican,Donald Trump,1976,23.7
Chaffee,Democrat,Bernie Sanders,404,23.0
Cass,Republican,Donald Trump,2859,19.4
Edgecombe,Democrat,Hillary Clinton,6411,16.9
Garfield,Republican,Donald Trump,357,22.6
Hardin,Republican,Donald Trump,496,23.3
Lincoln,Democrat,Hillary Clinton,20,17.4
Sanders,Republican,Donald Trump,1992,26.0
Winnebago,Democrat,Bernie Sanders,17818,14.7
Elbert,Democrat,Bernie Sanders,144,13.9
Crook,Democrat,Hillary Clinton,1,18.0
Garden,Republican,Donald Trump,372,27.7
Kent,Democrat,Hillary Clinton,1460,24.4
Floyd,Democrat,Bernie Sanders,4010,16.0
Upson,Republican,Donald Trump,1910,17.8
Trinity,Republican,Donald Trump,1026,24.0
Calhoun,Democrat,Bernie Sanders,200,22.3
Lyon,Democrat,Bernie Sanders,561,23.4
Cass,Republican,Ted Cruz,7671,15.5
Chickasaw,Democrat,Hillary Clinton,1398,15.6
San Joaquin,Democrat,Hillary Clinton,25118,11.8
Chicot,Democrat,Hillary Clinton,1370,19.2
Custer,Republican,Donald Trump,430,23.8
Union,Republican,Donald Trump,875,16.9
Columbia,Republican,Donald Trump,4019,17.3
Randolph,Republican,Donald Trump,2352,19.6
Macon,Democrat,Hillary Clinton,977,14.9
Caddo,Democrat,Bernie Sanders,1543,15.6
Boise,Republican,Donald Trump,691,21.3
Knott,Democrat,Bernie Sanders,1114,15.8
Christian,Republican,Donald Trump,2392,18.6
Indian River,Republican,Donald Trump,13678,30.0
Hancock,Republican,Donald Trump,9520,15.1
Manistee,Democrat,Bernie Sanders,1646,23.4
Virginia Beach,Democrat,Hillary Clinton,22352,12.3
Leelanau,Democrat,Bernie Sanders,2359,27.7
Sumter,Democrat,Hillary Clinton,1960,14.8
Valley,Republican,Donald Trump,1250,20.8
Yuba,Republican,Donald Trump,3210,11.4
Montezuma,Democrat,Bernie Sanders,412,19.1
Henry,Republican,Donald Trump,1778,20.8
Union,Republican,Donald Trump,2169,15.7
Muscogee,Democrat,Hillary Clinton,12801,12.0
Lincoln,Republican,Ted Cruz,276,12.3
Bartow,Republican,Donald Trump,8281,12.8
Conway,Democrat,Hillary Clinton,1755,18.3
Towns,Republican,Donald Trump,1356,32.2
Cumberland,Democrat,Hillary Clinton,6875,13.6
St. Louis City,Democrat,Hillary Clinton,34458,11.4
Ringgold,Democrat,Hillary Clinton,132,25.3
Saginaw,Democrat,Hillary Clinton,12348,17.3
Petroleum,Republican,Donald Trump,167,21.0
Dodge,Republican,Donald Trump,2760,19.0
Okaloosa,Republican,Donald Trump,17770,15.1
Baltimore City,Democrat,Hillary Clinton,81115,12.3
Boone,Democrat,Bernie Sanders,715,17.0
Benton,Democrat,Hillary Clinton,672,16.9
Crawford,Republican,Donald Trump,1508,18.3
Tift,Republican,Donald Trump,2697,14.0
Vance,Democrat,Hillary Clinton,4561,16.4
Wayne,Democrat,Hillary Clinton,163886,13.8
Crawford,Republican,Ted Cruz,3926,15.3
Putnam,Republican,Donald Trump,565,23.6
Clark,Republican,Donald Trump,545,19.1
Crisp,Republican,Donald Trump,1204,16.0
Montmorency,Republican,Donald Trump,1046,29.4
Vernon,Democrat,Bernie Sanders,3476,18.5
Coosa,Republican,Donald Trump,1233,18.5
Williamsburg,Democrat,Hillary Clinton,4609,17.9
Kiowa,Democrat,Hillary Clinton,5,24.1
Benzie,Democrat,Bernie Sanders,1650,23.9
Greene,Republican,Donald Trump,2103,15.0
Hayes,Republican,Donald Trump,103,24.8
Jasper,Democrat,Hillary Clinton,2194,15.4
Knox,Republican,Donald Trump,4918,16.7
Casey,Republican,Donald Trump,1029,18.8
Stanislaus,Republican,Donald Trump,15390,12.1
Braxton,Democrat,Bernie Sanders,1321,20.0
Marion,Democrat,Bernie Sanders,5324,18.1
Franklin,Republican,Donald Trump,3130,19.5
Pontotoc,Republican,Ted Cruz,2498,13.9
Northampton,Democrat,Hillary Clinton,868,24.4
Jackson,Republican,Donald Trump,9934,14.2
Scott,Republican,Donald Trump,3373,16.5
Lamar,Republican,Donald Trump,1810,20.5
Gage,Republican,Donald Trump,1407,20.4
McPherson,Republican,Donald Trump,114,19.9
Effingham,Republican,Ted Cruz,3448,16.8
Gratiot,Democrat,Bernie Sanders,1812,16.4
Buchanan,Republican,Donald Trump,4691,14.6
Hardeman,Democrat,Hillary Clinton,1721,16.3
Lucas,Republican,Ted Cruz,213,21.0
Benewah,Republican,Ted Cruz,671,21.2
Clark,Democrat,Hillary Clinton,1650,16.1
Marshall,Republican,Ted Cruz,1095,21.8
Charles City,Democrat,Hillary Clinton,863,21.3
Jefferson,Democrat,Hillary Clinton,67357,14.3
Van Buren,Democrat,Bernie Sanders,3656,16.0
Greene,Democrat,Hillary Clinton,215,21.4
Starr,Democrat,Hillary Clinton,6918,11.3
Sumter,Democrat,Hillary Clinton,2987,16.3
Marshall,Republican,Donald Trump,9115,16.3
Lexington,Democrat,Hillary Clinton,402,14.1
Cedar,Republican,Donald Trump,775,21.3
Catoosa,Republican,Donald Trump,4449,16.0
Nance,Republican,Donald Trump,310,20.6
Elkhart,Republican,Ted Cruz,16204,13.3
Treutlen,Republican,Donald Trump,437,15.0
Solano,Democrat,Hillary Clinton,31753,13.5
Webster,Republican,Ted Cruz,4124,14.6
Glenn,Republican,Donald Trump,1699,14.9
Douglas,Republican,Ted Cruz,1764,16.3
Perry,Republican,Donald Trump,1561,16.6
Grant,Republican,Donald Trump,5992,17.7
Grenada,Republican,Donald Trump,1727,16.6
Lemhi,Republican,Donald Trump,757,27.3
Louisa,Republican,Donald Trump,261,16.6
Taylor,Republican,Donald Trump,550,18.2
Erie,Democrat,Hillary Clinton,19511,15.8
Craig,Democrat,Bernie Sanders,926,18.7
Washington,Republican,Donald Trump,1739,17.3
Prince William,Democrat,Hillary Clinton,26439,8.3
Sandoval,Democrat,Hillary Clinton,7448,15.1
Perry,Republican,Donald Trump,676,17.2
Alachua,Democrat,Hillary Clinton,17733,12.5
McIntosh,Republican,Donald Trump,1078,21.7
Barry,Republican,Donald Trump,3478,16.9
Union,Democrat,Hillary Clinton,822,18.4
Ford,Republican,Ted Cruz,1281,19.8
Clay,Democrat,Hillary Clinton,297,23.3
Brown,Republican,Donald Trump,2202,21.1
Marlboro,Democrat,Hillary Clinton,2132,15.2
Putnam,Democrat,Bernie Sanders,504,19.8
Lamar,Republican,Donald Trump,1398,16.0
Greenup,Democrat,Bernie Sanders,1655,19.1
Polk,Republican,Ted Cruz,3430,17.1
La Crosse,Democrat,Bernie Sanders,15139,14.8
Iowa,Democrat,Hillary Clinton,357,18.0
Cheyenne,Democrat,Hillary Clinton,5,18.2
Clinton,Republican,Donald Trump,771,18.2
Faulkner,Republican,Ted Cruz,6228,11.2
Petersburg,Democrat,Hillary Clinton,4099,15.3
Cortland,Democrat,Bernie Sanders,1878,15.0
Shelby,Republican,Donald Trump,579,20.6
Converse,Democrat,Bernie Sanders,3,14.1
Clinton,Republican,Donald Trump,2522,16.0
Minnehaha,Democrat,Hillary Clinton,6018,12.2
Archuleta,Democrat,Bernie Sanders,156,22.9
Blount,Republican,Donald Trump,7390,17.0
Leake,Democrat,Hillary Clinton,1614,14.4
Claiborne,Democrat,Hillary Clinton,768,17.5
Edgar,Republican,Donald Trump,1562,20.4
Bath,Democrat,Bernie Sanders,641,16.0
Page,Republican,Ted Cruz,249,20.8
Watauga,Democrat,Bernie Sanders,5811,14.2
Phillips,Republican,Donald Trump,1097,20.5
Boone,Republican,Donald Trump,7023,12.6
Weston,Democrat,Hillary Clinton,1,18.1
Livingston,Republican,Donald Trump,1191,19.3
Wexford,Republican,Donald Trump,2578,17.6
Monroe,Democrat,Hillary Clinton,1191,21.7
Fayette,Democrat,Hillary Clinton,525,20.4
Inyo,Republican,Donald Trump,1414,21.4
Pawnee,Republican,Donald Trump,225,25.6
El Dorado,Republican,Donald Trump,17651,18.0
Twiggs,Democrat,Hillary Clinton,818,19.6
Dawson,Republican,Donald Trump,1950,15.0
Smith,Republican,Donald Trump,1820,17.2
Minidoka,Republican,Ted Cruz,1163,15.5
Stillwater,Republican,Donald Trump,1658,20.1
Webster,Democrat,Bernie Sanders,837,21.5
Jeff Davis,Democrat,Hillary Clinton,1806,19.3
Kalamazoo,Democrat,Bernie Sanders,20146,13.5
Fergus,Republican,Donald Trump,1975,23.0
DeKalb,Republican,Donald Trump,4203,14.8
Fannin,Republican,Donald Trump,3001,25.6
Union,Democrat,Bernie Sanders,268,18.9
Fleming,Democrat,Bernie Sanders,806,16.2
Crawford,Republican,Donald Trump,2189,17.8
Antrim,Republican,Donald Trump,1969,25.2
Las Animas,Democrat,Bernie Sanders,106,22.3
Leslie,Republican,Donald Trump,503,16.2
Garfield,Republican,Donald Trump,227,26.9
Cherry,Republican,Donald Trump,1220,21.4
Bibb,Democrat,Hillary Clinton,12944,14.0
Davidson,Democrat,Hillary Clinton,43691,11.1
Washington,Republican,Ted Cruz,783,22.7
Cherokee,Republican,Donald Trump,2777,20.9
Lunenburg,Democrat,Hillary Clinton,738,19.7
Monroe,Republican,Donald Trump,805,18.4
Chattooga,Republican,Donald Trump,1674,16.5
Tuolumne,Republican,Donald Trump,4949,23.5
Bullitt,Democrat,Bernie Sanders,3210,13.6
Macon,Republican,Donald Trump,6655,17.9
Escambia,Republican,Donald Trump,2817,16.7
Northampton,Democrat,Hillary Clinton,3195,23.0
Monona,Republican,Ted Cruz,185,24.6
Pinal,Republican,Donald Trump,12182,18.0
Madison,Democrat,Hillary Clinton,1085,17.5
Boone,Democrat,Bernie Sanders,15076,10.5
Loudoun,Democrat,Hillary Clinton,21171,7.9
Oneida,Republican,Ted Cruz,473,19.3
Vanderburgh,Republican,Donald Trump,14544,15.2
Pecos,Democrat,Hillary Clinton,816,12.4
Henry,Republican,Donald Trump,3021,18.5
Bay,Democrat,Bernie Sanders,6363,18.3
Rensselaer,Democrat,Bernie Sanders,6649,15.2
Alexandria,Democrat,Hillary Clinton,16281,10.1
Jackson,Democrat,Hillary Clinton,450,19.8
Mineral,Democrat,Bernie Sanders,25,26.5
Mahaska,Republican,Ted Cruz,669,16.9
Tuscola,Republican,Donald Trump,3750,18.3
Fremont,Democrat,Hillary Clinton,10,16.2
Rock Island,Democrat,Hillary Clinton,10216,17.6
Lake,Democrat,Bernie Sanders,165,11.0
Washington,Democrat,Bernie Sanders,12,20.8
Howard,Republican,Donald Trump,559,16.9
Custer,Republican,Donald Trump,1363,18.7
McCracken,Democrat,Bernie Sanders,3541,18.2
Carroll,Republican,Donald Trump,1133,21.0
Carbon,Democrat,Hillary Clinton,4,13.8
Crawford,Republican,Donald Trump,1108,24.0
Honolulu,Democrat,Bernie Sanders,11458,15.8
Benton,Republican,Marco Rubio,12863,13.0
Grundy,Republican,Ted Cruz,272,19.8
Hamilton,Republican,Donald Trump,766,20.2
Emmet,Democrat,Hillary Clinton,168,19.2
Pendleton,Democrat,Bernie Sanders,546,14.5
Worth,Republican,Donald Trump,224,24.3
Haskell,Democrat,Bernie Sanders,752,19.8
Monroe,Democrat,Hillary Clinton,37309,15.5
Vermilion,Republican,Donald Trump,1460,13.9
Kern,Republican,Donald Trump,33838,9.9
Greenwood,Democrat,Hillary Clinton,3588,17.1
Lackawanna,Democrat,Hillary Clinton,22971,18.8
Chatham,Democrat,Hillary Clinton,19898,13.6
Mobile,Democrat,Hillary Clinton,28927,14.5
Pike,Republican,Donald Trump,511,18.6
Rock,Democrat,Bernie Sanders,17337,15.1
Blaine,Republican,Donald Trump,99,21.8
Citrus,Republican,Donald Trump,15232,35.2
Howell,Republican,Donald Trump,4230,18.5
Choctaw,Republican,Donald Trump,765,19.2
Greene,Republican,Donald Trump,4491,18.0
Shiawassee,Democrat,Bernie Sanders,4452,16.4
Clatsop,Democrat,Bernie Sanders,3334,19.3
St. Johns,Republican,Donald Trump,24205,18.2
St. Tammany,Republican,Donald Trump,12933,14.9
Lewis and Clark,Republican,Donald Trump,6194,16.2
Kemper,Democrat,Hillary Clinton,1008,17.2
Greene,Republican,Ted Cruz,26784,15.3
Marshall,Democrat,Hillary Clinton,287,19.8
Anne Arundel,Democrat,Hillary Clinton,35659,13.4
Burke,Democrat,Hillary Clinton,1659,14.1
Foard,Democrat,Bernie Sanders,112,24.9
Coahoma,Democrat,Hillary Clinton,2301,13.3
Twin Falls,Republican,Ted Cruz,4717,14.8
Hamilton,Republican,Donald Trump,35031,10.4
Stone,Republican,Donald Trump,993,25.4
Jefferson,Democrat,Hillary Clinton,9936,15.1
Grady,Republican,Donald Trump,1422,16.0
Carroll,Democrat,Bernie Sanders,573,14.7
Brooklyn,Democrat,Hillary Clinton,174236,12.1
Clackamas,Democrat,Bernie Sanders,27969,16.2
Owsley,Republican,Donald Trump,168,17.8
Harmon,Democrat,Bernie Sanders,167,19.4
Teller,Democrat,Bernie Sanders,219,18.0
Switzerland,Republican,Donald Trump,858,16.3
Johnson,Republican,Donald Trump,3035,11.8
Fremont,Republican,Ted Cruz,1434,16.0
Spencer,Republican,Donald Trump,2350,18.0
Nottoway,Democrat,Hillary Clinton,829,18.3
Sullivan,Republican,Donald Trump,510,18.4
St. Joseph,Republican,Ted Cruz,2655,16.5
Carroll,Republican,John Kasich,0,21.1
Hidalgo,Democrat,Hillary Clinton,515,19.1
Amite,Democrat,Hillary Clinton,1212,21.0
Jones,Republican,Donald Trump,2318,15.4
Nemaha,Republican,Donald Trump,472,18.0
Prince George's,Democrat,Hillary Clinton,113912,11.2
Reeves,Democrat,Hillary Clinton,1128,12.0
St. Bernard,Democrat,Hillary Clinton,1057,9.8
Monroe,Republican,Ted Cruz,195,19.0
Ogle,Republican,Ted Cruz,4307,17.2
Taylor,Republican,Donald Trump,140,21.1
Pulaski,Republican,Donald Trump,2802,7.6
Pulaski,Democrat,Hillary Clinton,34862,13.5
Roberts,Democrat,Bernie Sanders,397,18.1
Zavala,Democrat,Hillary Clinton,1557,12.5
Brookings,Democrat,Hillary Clinton,955,10.5
Beauregard,Republican,Ted Cruz,1363,14.4
Logan,Republican,Ted Cruz,2361,17.1
Lamar,Republican,Donald Trump,5197,11.6
Rio Grande,Democrat,Bernie Sanders,59,18.6
Mariposa,Republican,Donald Trump,1940,24.5
Barnwell,Democrat,Hillary Clinton,1560,15.9
Eaton,Democrat,Bernie Sanders,7007,16.4
Duplin,Democrat,Hillary Clinton,3036,15.8
Williamsburg,Democrat,Bernie Sanders,1197,15.8
Anderson,Democrat,Bernie Sanders,1649,14.2
Etowah,Republican,Donald Trump,8657,17.3
Liberty,Republican,Donald Trump,387,19.8
Marshall,Republican,Donald Trump,4755,16.1
Dixie,Republican,Donald Trump,1103,22.0
Butler,Republican,Donald Trump,910,20.6
Yellowstone,Republican,Donald Trump,17925,15.3
Carter,Democrat,Bernie Sanders,1051,16.5
Hopewell,Democrat,Hillary Clinton,1177,15.7
Perry,Democrat,Hillary Clinton,648,17.9
Morgan,Republican,Donald Trump,2378,18.3
Montgomery,Democrat,Bernie Sanders,1322,14.8
Wheeler,Republican,Donald Trump,283,12.8
Otoe,Republican,Donald Trump,1255,19.9
Lake,Democrat,Hillary Clinton,49750,12.2
Holmes,Republican,Donald Trump,1239,18.9
Gallatin,Democrat,Bernie Sanders,663,22.8
Newaygo,Republican,Ted Cruz,3557,17.9
Trimble,Democrat,Bernie Sanders,542,15.6
Lawrence,Republican,Donald Trump,1201,16.2
Adams,Republican,Donald Trump,354,24.9
White,Republican,Ted Cruz,4395,15.1
Saint Lawrence,Democrat,Bernie Sanders,4102,15.3
Montcalm,Republican,Donald Trump,3051,16.0
Lowndes,Democrat,Hillary Clinton,4030,14.4
Calhoun,Democrat,Hillary Clinton,1536,19.7
Fayette,Democrat,Hillary Clinton,20014,11.7
McDonald,Republican,Donald Trump,1580,14.0
Latimer,Democrat,Bernie Sanders,852,19.3
Chariton,Republican,Donald Trump,597,22.5
Appling,Republican,Donald Trump,1290,15.6
LaGrange,Republican,Donald Trump,2571,12.6
Lee,Republican,Ted Cruz,5921,14.3
St. Mary,Democrat,Hillary Clinton,1995,14.5
Jasper,Republican,Ted Cruz,11113,13.9
JoDaviess,Republican,Donald Trump,1666,24.6
Lyon,Republican,Ted Cruz,432,16.9
Beadle,Democrat,Hillary Clinton,501,16.7
Jasper,Democrat,Hillary Clinton,927,18.0
Essex,Democrat,Hillary Clinton,75071,12.4
Ida,Republican,Donald Trump,136,21.6
Crittenden,Democrat,Bernie Sanders,344,19.3
Union,Democrat,Bernie Sanders,1106,15.0
Sheridan,Republican,Donald Trump,499,20.8
Camden,Republican,Donald Trump,3065,11.3
Centre,Democrat,Bernie Sanders,10269,12.4
Independence,Republican,Donald Trump,2077,17.0
Cotton,Democrat,Bernie Sanders,388,18.2
Kendall,Democrat,Bernie Sanders,7482,9.0
Hickman,Democrat,Bernie Sanders,300,23.6
Coal,Democrat,Bernie Sanders,456,20.4
Terrell,Democrat,Hillary Clinton,67,23.0
Hempstead,Republican,Ted Cruz,917,16.3
McCurtain,Democrat,Bernie Sanders,1314,17.0
Tipton,Republican,Donald Trump,2269,19.3
Sarasota,Republican,Donald Trump,34593,33.9
Wilkes,Republican,Donald Trump,734,21.4
Caribou,Republican,Ted Cruz,602,16.8
Marshall,Democrat,Bernie Sanders,738,20.8
Lee,Democrat,Hillary Clinton,7137,10.3
Ingham,Democrat,Bernie Sanders,22909,11.9
Arapahoe,Democrat,Bernie Sanders,6086,11.9
Benton,Democrat,Bernie Sanders,11567,14.3
Craighead,Republican,Ted Cruz,4108,13.0
Sharkey,Democrat,Hillary Clinton,645,16.1
Grundy,Republican,Donald Trump,978,21.2
Wayne,Republican,Ted Cruz,171,22.3
Stone,Republican,Ted Cruz,1428,14.3
Cherokee,Democrat,Bernie Sanders,2897,15.1
Kossuth,Democrat,Hillary Clinton,360,22.5
Cuming,Republican,Donald Trump,783,21.5
Arenac,Republican,Donald Trump,1141,22.5
Johnson,Democrat,Hillary Clinton,1,20.6
Kalkaska,Republican,Donald Trump,1724,19.0
Daviess,Democrat,Bernie Sanders,5188,16.0
Hill,Republican,Donald Trump,1342,14.1
Monroe,Republican,Donald Trump,6030,20.5
Madison,Republican,Donald Trump,7540,12.3
Clear Creek,Democrat,Bernie Sanders,199,17.9
Candler,Republican,Donald Trump,897,16.7
Dunn,Democrat,Bernie Sanders,4272,14.7
Powell,Democrat,Bernie Sanders,744,14.4
Lafayette,Republican,Donald Trump,556,14.0
Fayette,Democrat,Bernie Sanders,3585,18.7
Jackson,Republican,Donald Trump,5362,15.3
Adair,Republican,Donald Trump,1512,16.4
Simpson,Republican,Donald Trump,2420,15.6
Uinta,Democrat,Bernie Sanders,5,11.0
Trigg,Democrat,Bernie Sanders,715,21.2
Hopkins,Democrat,Bernie Sanders,2696,17.1
Franklin,Republican,Donald Trump,1997,18.7
Erie,Democrat,Hillary Clinton,50199,16.5
Toombs,Republican,Donald Trump,1513,15.2
Livingston,Republican,Donald Trump,4918,11.6
Jerauld,Democrat,Hillary Clinton,96,24.9
Musselshell,Republican,Donald Trump,1032,21.3
Union,Democrat,Hillary Clinton,2548,16.6
Harris,Republican,Donald Trump,2542,16.7
Hot Spring,Republican,Donald Trump,1597,17.2
Suffolk,Democrat,Hillary Clinton,7533,13.0
Dallas,Democrat,Hillary Clinton,113574,9.7
Powell,Republican,Donald Trump,818,18.5
Montgomery,Democrat,Hillary Clinton,75333,16.4
Brown,Republican,Donald Trump,502,13.0
Rio Blanco,Democrat,Bernie Sanders,18,13.7
Lincoln,Democrat,Hillary Clinton,599,13.5
Marshall,Democrat,Hillary Clinton,3361,15.0
Itawamba,Republican,Donald Trump,1905,17.4
Montgomery,Republican,Donald Trump,2269,18.4
Trempealeau,Democrat,Bernie Sanders,2429,16.9
Larimer,Democrat,Bernie Sanders,6664,13.9
Greene,Democrat,Hillary Clinton,1643,14.8
Ohio,Democrat,Bernie Sanders,943,16.9
Marshall,Democrat,Bernie Sanders,2308,21.1
Taliaferro,Democrat,Hillary Clinton,236,22.4
Washington,Democrat,Hillary Clinton,1663,16.3
Delaware,Democrat,Hillary Clinton,44775,15.0
Dorchester,Republican,Donald Trump,2744,19.7
Calhoun,Democrat,Bernie Sanders,545,17.3
Garvin,Democrat,Bernie Sanders,1505,17.1
Madison,Democrat,Hillary Clinton,4351,14.9
Silver Bow,Democrat,Hillary Clinton,4089,17.3
Camden,Democrat,Hillary Clinton,43720,14.2
Elliott,Democrat,Bernie Sanders,443,18.3
Madison,Democrat,Bernie Sanders,18723,15.7
Isabella,Democrat,Bernie Sanders,4024,11.0
Barbour,Democrat,Hillary Clinton,2567,16.5
Andrew,Republican,Donald Trump,1457,17.5
Santa Barbara,Democrat,Hillary Clinton,23543,14.0
Johnson,Republican,Donald Trump,1075,16.1
Cleveland,Democrat,Hillary Clinton,4880,17.1
Howard,Republican,Donald Trump,534,20.2
Vernon,Republican,Donald Trump,1530,17.7
East Carroll,Democrat,Hillary Clinton,508,13.3
Dubois,Republican,Donald Trump,4692,15.9
Jackson,Republican,Donald Trump,711,16.7
Somerset,Democrat,Hillary Clinton,19667,14.1
Chickasaw,Democrat,Hillary Clinton,360,19.4
Ogemaw,Republican,Donald Trump,1612,24.3
Newton,Republican,Donald Trump,1814,17.7
Macoupin,Democrat,Bernie Sanders,3552,18.7
Antelope,Republican,Donald Trump,772,22.4
Marion,Democrat,Hillary Clinton,3359,17.1
Lake,Republican,Donald Trump,2927,19.7
Lanier,Republican,Donald Trump,512,12.1
Glades,Republican,Donald Trump,632,26.5
Blaine,Republican,Donald Trump,465,14.2
Tallahatchie,Democrat,Hillary Clinton,1341,13.5
Haralson,Republican,Donald Trump,2818,16.0
Murray,Democrat,Bernie Sanders,909,19.1
Boone,Republican,Donald Trump,3816,14.0
San Bernardino,Democrat,Hillary Clinton,71246,10.3
St. Clair,Republican,Donald Trump,962,26.1
Sampson,Democrat,Hillary Clinton,3790,16.0
Woodford,Democrat,Bernie Sanders,1918,15.7
Leon,Democrat,Hillary Clinton,27333,11.4
Kimball,Republican,Donald Trump,439,22.7
Manhattan,Democrat,Hillary Clinton,177496,14.4
Wayne,Republican,Donald Trump,6116,17.9
Martin,Republican,Donald Trump,16065,29.3
Garland,Republican,Donald Trump,5538,21.7
Blackford,Republican,Donald Trump,1019,19.8
Talbot,Republican,Donald Trump,3104,26.6
Washington,Republican,Ted Cruz,542,18.5
Crittenden,Democrat,Hillary Clinton,3379,12.1
Fairfax,Democrat,Hillary Clinton,86898,11.5
Mercer,Democrat,Hillary Clinton,29505,13.8
Bond,Republican,Donald Trump,1102,16.5
Wasco,Democrat,Bernie Sanders,1795,19.9
Prowers,Democrat,Hillary Clinton,40,16.1
Southampton,Democrat,Hillary Clinton,1199,18.0
Luce,Republican,Donald Trump,407,20.1
Boone,Democrat,Bernie Sanders,2410,16.8
Otsego,Republican,Donald Trump,1933,19.6
Culberson,Democrat,Hillary Clinton,355,16.8
Edgefield,Democrat,Hillary Clinton,1474,15.9
Hertford,Democrat,Hillary Clinton,2926,17.5
Hernando,Republican,Donald Trump,15479,27.5
Henry,Democrat,Bernie Sanders,958,16.0
Dimmit,Democrat,Hillary Clinton,1804,14.3
Fulton,Democrat,Hillary Clinton,82576,10.4
Grant,Democrat,Bernie Sanders,4484,16.3
Phelps,Republican,Donald Trump,963,20.1
Carroll,Republican,Marco Rubio,0,21.1
Barrow,Republican,Donald Trump,4653,11.2
Sequoyah,Democrat,Bernie Sanders,1872,16.9
Lafayette,Democrat,Bernie Sanders,1330,16.5
Dane,Democrat,Bernie Sanders,102585,11.9
Shelby,Democrat,Hillary Clinton,66465,11.6
Beaverhead,Republican,Donald Trump,1626,19.8
Sanilac,Republican,Donald Trump,3279,19.5
Harrisonburg,Democrat,Bernie Sanders,2911,8.1
Catahoula,Democrat,Hillary Clinton,431,15.7
Ralls,Republican,Donald Trump,961,19.3
Clay,Republican,Donald Trump,19374,14.2
Halifax,Democrat,Hillary Clinton,6224,18.3
Allegany,Republican,Donald Trump,6272,19.2
Muskegon,Democrat,Bernie Sanders,10062,15.1
Sweet Grass,Republican,Donald Trump,707,23.5
Polk,Democrat,Hillary Clinton,12122,11.7
Cleburne,Republican,Donald Trump,2120,18.4
Garfield,Democrat,Bernie Sanders,734,10.7
Fillmore,Republican,Donald Trump,574,22.9
Plaquemines,Republican,Donald Trump,705,12.2
Saline,Republican,Donald Trump,2102,19.2
Wilkinson,Democrat,Hillary Clinton,832,17.9
Ottawa,Republican,Ted Cruz,23862,13.2
Eau Claire,Democrat,Bernie Sanders,13058,14.1
Golden Valley,Republican,Donald Trump,203,24.5
Butler,Republican,Donald Trump,564,17.5
Presidio,Democrat,Hillary Clinton,776,21.0
Washington,Republican,Donald Trump,3156,15.4
Routt,Democrat,Bernie Sanders,406,12.3
Queen Anne's,Republican,Donald Trump,5195,17.3
Johnston,Democrat,Bernie Sanders,606,17.8
Pickens,Democrat,Hillary Clinton,2326,17.8
West Carroll,Republican,Ted Cruz,342,17.6
Baker,Republican,Donald Trump,2163,12.9
Chesapeake,Democrat,Hillary Clinton,16126,11.8
Phillips,Democrat,Hillary Clinton,2696,16.3
Bexar,Democrat,Hillary Clinton,76502,11.3
Palo Alto,Democrat,Hillary Clinton,213,21.4
Marion,Republican,Ted Cruz,1011,16.4
Searcy,Republican,Donald Trump,939,23.6
Atkinson,Republican,Donald Trump,619,11.8
Howard,Republican,Ted Cruz,798,17.0
Haywood,Democrat,Bernie Sanders,3873,23.7
Texas,Republican,Donald Trump,2659,19.5
Carter,Republican,Donald Trump,349,25.2
Banks,Republican,Donald Trump,1806,15.9
Pinellas,Democrat,Hillary Clinton,63699,23.0
Saguache,Democrat,Bernie Sanders,219,18.9
Clarke,Democrat,Hillary Clinton,3148,18.0
Clark,Democrat,Bernie Sanders,1888,16.3
Terrebonne,Republican,Donald Trump,3454,12.6
Ascension,Democrat,Hillary Clinton,4221,10.2
Sioux,Republican,Ted Cruz,1524,14.5
DeKalb,Republican,Donald Trump,6247,15.7
Pawnee,Democrat,Bernie Sanders,762,18.1
Hickory,Republican,Donald Trump,297,31.9
Hamilton,Democrat,Hillary Clinton,353,19.4
Huron,Republican,Donald Trump,2346,23.4
Colfax,Democrat,Hillary Clinton,949,23.7
Clay,Republican,Donald Trump,702,19.1
Collier,Republican,Donald Trump,30071,29.4
Caldwell,Republican,Donald Trump,284,16.5
Union,Democrat,Hillary Clinton,1690,18.5
Volusia,Republican,Donald Trump,34167,23.2
Yazoo,Democrat,Hillary Clinton,2203,12.4
Frontier,Republican,Donald Trump,315,21.2
Monroe,Republican,Donald Trump,2602,17.6
Dade,Republican,Donald Trump,1151,17.0
Calaveras,Republican,Donald Trump,4902,25.1
Norfolk,Democrat,Hillary Clinton,15747,9.9
Carroll,Republican,Donald Trump,1004,20.6
Newton,Republican,Donald Trump,1794,16.2
Lenoir,Democrat,Hillary Clinton,4731,17.9
Warren,Democrat,Bernie Sanders,5365,12.0
Day,Democrat,Hillary Clinton,343,24.4
McIntosh,Democrat,Bernie Sanders,1261,24.6
Woodruff,Democrat,Hillary Clinton,862,21.2
Nassau,Democrat,Hillary Clinton,70947,16.4
Mississippi,Republican,Donald Trump,970,16.2
Vermilion,Republican,Donald Trump,5021,17.4
Delaware,Republican,Donald Trump,8793,16.0
Putnam,Republican,Donald Trump,1983,21.5
Randolph,Democrat,Hillary Clinton,690,20.9
Power,Republican,Ted Cruz,421,13.9
Rockdale,Democrat,Hillary Clinton,7930,12.8
LaClede,Republican,Donald Trump,3493,16.9
Parke,Republican,Donald Trump,1996,17.1
Boundary,Republican,Ted Cruz,901,20.5
Gunnison,Democrat,Bernie Sanders,481,11.2
Benton,Democrat,Hillary Clinton,557,17.9
Greene,Republican,Donald Trump,1014,18.3
La Plata,Democrat,Bernie Sanders,1466,14.2
Randolph,Democrat,Bernie Sanders,2492,20.0
Caswell,Democrat,Hillary Clinton,1701,19.6
Sullivan,Democrat,Bernie Sanders,2671,16.8
Hampton,Democrat,Hillary Clinton,13529,13.7
Portage,Democrat,Bernie Sanders,9348,14.6
Jackson,Democrat,Hillary Clinton,48860,13.5
Polk,Republican,Donald Trump,33187,19.5
Orange,Democrat,Bernie Sanders,18096,11.2
Jefferson,Republican,Donald Trump,3077,16.3
Mingo,Democrat,Bernie Sanders,2425,15.5
Lincoln,Democrat,Bernie Sanders,4674,24.9
Whitley,Republican,Ted Cruz,4064,16.0
Gosper,Republican,Donald Trump,259,20.9
Johnson,Democrat,Bernie Sanders,5473,9.9
Franklin,Republican,Donald Trump,1229,18.0
Amador,Republican,Donald Trump,3605,25.1
Madison,Republican,Donald Trump,916,19.2
Dixon,Republican,Donald Trump,513,19.7
Richmond,Democrat,Hillary Clinton,16269,12.6
Charles,Democrat,Hillary Clinton,15132,11.0
Baca,Democrat,Hillary Clinton,15,25.7
LaSalle,Republican,Donald Trump,6950,17.6
Georgetown,Democrat,Hillary Clinton,4931,24.1
Box Butte,Republican,Donald Trump,1188,16.1
Custer,Republican,Donald Trump,1306,20.9
Buffalo,Democrat,Hillary Clinton,110,7.2
Alamance,Democrat,Hillary Clinton,7374,16.1
St. James,Democrat,Hillary Clinton,2114,15.1
Lawrence,Republican,Donald Trump,5971,18.2
Hitchcock,Republican,Donald Trump,305,23.8
Oregon,Republican,Donald Trump,941,22.1
LeFlore,Democrat,Bernie Sanders,2283,16.9
Gibson,Republican,Donald Trump,4237,16.5
Cumberland,Republican,Donald Trump,1081,17.6
Winnebago,Democrat,Bernie Sanders,230,20.4
Clark,Republican,Ted Cruz,62,14.8
Montgomery,Republican,Donald Trump,4412,16.6
Allamakee,Democrat,Hillary Clinton,304,21.3
Tuscaloosa,Democrat,Hillary Clinton,12136,11.7
Pike,Democrat,Bernie Sanders,4848,15.9
Dubuque,Democrat,Hillary Clinton,2504,16.2
Natrona,Democrat,Hillary Clinton,20,12.8
Staunton,Democrat,Bernie Sanders,1364,20.6
Randolph,Republican,Donald Trump,1887,15.4
Knox,Democrat,Bernie Sanders,3168,19.6
Meade,Democrat,Bernie Sanders,1541,12.3
Warrick,Republican,Donald Trump,7450,16.1
Greer,Democrat,Bernie Sanders,332,18.2
Person,Democrat,Hillary Clinton,2954,17.5
Monroe,Democrat,Bernie Sanders,15166,11.4
Lincoln,Republican,Donald Trump,4144,12.4
Guadalupe,Democrat,Hillary Clinton,399,17.9
Lenawee,Republican,Donald Trump,5167,16.8
Stoddard,Republican,Donald Trump,3024,19.0
Franklin,Republican,Donald Trump,333,25.7
Butler,Republican,Donald Trump,3652,17.7
Shelby,Republican,Donald Trump,5044,15.6
Edwards,Republican,Donald Trump,867,19.2
Bartholomew,Republican,Donald Trump,7918,14.9
Colleton,Democrat,Hillary Clinton,2932,18.6
Colusa,Republican,Donald Trump,1342,13.1
Greene,Republican,Donald Trump,1088,12.9
Pemiscot,Republican,Donald Trump,1155,15.3
Walthall,Republican,Donald Trump,1143,17.7
Columbia,Republican,Donald Trump,9177,11.8
Randolph,Republican,Donald Trump,2939,18.6
Ouachita,Democrat,Hillary Clinton,8995,13.3
Liberty,Democrat,Bernie Sanders,392,11.8
Teton,Democrat,Bernie Sanders,9,12.2
Champaign,Democrat,Bernie Sanders,20581,11.1
Essex,Democrat,Bernie Sanders,1932,21.0
Carter,Republican,Donald Trump,623,17.8
Lincoln,Democrat,Hillary Clinton,1692,12.3
Lincoln,Democrat,Hillary Clinton,3,14.8
Pondera,Republican,Donald Trump,930,19.6
Van Buren,Republican,Ted Cruz,196,20.8
Dakota,Republican,Donald Trump,819,12.7
Cole,Republican,Ted Cruz,6159,14.0
Fayette,Republican,Donald Trump,1933,17.1
Monroe,Republican,Donald Trump,3272,16.0
Maricopa,Republican,Donald Trump,144522,13.8
Los Alamos,Democrat,Hillary Clinton,1424,16.6
Park,Democrat,Bernie Sanders,8,20.1
Elbert,Republican,Donald Trump,1394,19.1
Gallatin,Democrat,Bernie Sanders,340,12.3
Lee,Democrat,Hillary Clinton,929,18.6
Woodford,Republican,Ted Cruz,5091,16.3
Coffee,Republican,Donald Trump,2469,12.3
Mendocino,Democrat,Bernie Sanders,4654,18.9
Lawrence,Republican,Donald Trump,3604,16.8
Napa,Democrat,Hillary Clinton,7370,16.8
Jenkins,Republican,Donald Trump,513,15.3
Niobrara,Democrat,Bernie Sanders,2,21.2
Chesterfield,Democrat,Hillary Clinton,2209,16.0
Dallas,Democrat,Hillary Clinton,8577,15.6
Zapata,Democrat,Hillary Clinton,1969,11.6
Allen,Republican,Donald Trump,640,16.1
Taylor,Democrat,Hillary Clinton,949,17.3
Yuma,Democrat,Hillary Clinton,45,17.4
Nelson,Democrat,Hillary Clinton,991,23.7
Moffat,Democrat,Bernie Sanders,28,12.9
Harford,Republican,Donald Trump,21771,14.6
Houghton,Democrat,Bernie Sanders,2039,16.1
Kosciusko,Republican,Donald Trump,8748,15.0
Warren,Republican,Donald Trump,1018,18.4
Franklin,Democrat,Bernie Sanders,5398,16.3
Ulster,Democrat,Bernie Sanders,11572,17.4
Greensville,Democrat,Hillary Clinton,832,15.1
Onondaga,Democrat,Hillary Clinton,20397,15.3
Forrest,Republican,Donald Trump,4267,12.7
Fulton,Republican,Donald Trump,2556,17.6
Avoyelles,Democrat,Hillary Clinton,1181,15.5
Charlotte,Republican,Donald Trump,16525,37.7
Broward,Democrat,Hillary Clinton,132527,15.3
Mackinac,Republican,Donald Trump,856,25.5
Levy,Republican,Donald Trump,3745,22.9
Bossier,Republican,Ted Cruz,4988,12.8
Walton,Republican,Donald Trump,6650,18.7
Muhlenberg,Democrat,Bernie Sanders,1632,17.8
Adair,Republican,Donald Trump,1404,13.6
Clayton,Democrat,Bernie Sanders,408,20.9
Pierce,Democrat,Bernie Sanders,3199,12.5
Dickinson,Republican,Donald Trump,1708,20.4
Beaver,Democrat,Hillary Clinton,12963,19.7
Allegan,Republican,Ted Cruz,7530,15.1
Ravalli,Republican,Donald Trump,6281,23.1
Rapides,Democrat,Hillary Clinton,4722,14.9
Warren,Republican,Donald Trump,2722,16.6
Robeson,Democrat,Hillary Clinton,8457,13.0
Bernalillo,Democrat,Bernie Sanders,38247,14.2
Yell,Republican,Donald Trump,911,17.1
Travis,Democrat,Bernie Sanders,73889,8.4
Hinsdale,Democrat,Bernie Sanders,10,25.7
Delaware,Democrat,Bernie Sanders,1773,23.0
Greene,Republican,Donald Trump,1555,26.2
Pontotoc,Democrat,Bernie Sanders,2392,15.7
Hamilton,Republican,Donald Trump,1030,17.8
Mecklenburg,Democrat,Hillary Clinton,71265,10.0
Hot Springs,Democrat,Hillary Clinton,1,23.6
Caldwell,Democrat,Bernie Sanders,866,19.3
Mecklenburg,Democrat,Hillary Clinton,1588,23.8
Guthrie,Democrat,Hillary Clinton,220,21.7
Johnson,Republican,Donald Trump,1338,15.8
Baker,Democrat,Hillary Clinton,303,17.8
Boulder,Democrat,Bernie Sanders,11142,12.2
Jefferson,Republican,Donald Trump,1648,18.7
Hardee,Republican,Donald Trump,1113,14.8
Perkins,Republican,Donald Trump,331,21.9
Mono,Democrat,Bernie Sanders,917,11.8
Dawson,Republican,Donald Trump,2649,17.9
Cascade,Republican,Donald Trump,8129,16.9
Brevard,Republican,Donald Trump,45483,22.6
Yankton,Democrat,Hillary Clinton,706,17.5
Platte,Republican,Donald Trump,2902,15.7
Tattnall,Republican,Donald Trump,1089,12.5
Clay,Democrat,Hillary Clinton,960,21.4
Cuyahoga,Democrat,Hillary Clinton,125914,16.4
Broome,Democrat,Bernie Sanders,9176,17.5
Weld,Democrat,Bernie Sanders,1647,11.1
Oglala Lakota,Democrat,Bernie Sanders,574,6.8
Lonoke,Republican,Ted Cruz,4028,12.6
Camas,Republican,Donald Trump,130,18.6
Wake,Democrat,Hillary Clinton,77927,10.0
Grand,Democrat,Bernie Sanders,636,15.9
Columbia,Democrat,Bernie Sanders,4221,17.1
Bracken,Democrat,Bernie Sanders,424,15.4
Sullivan,Republican,Donald Trump,2379,16.3
Riverside,Republican,Donald Trump,82814,13.2
Jackson,Democrat,Hillary Clinton,827,18.3
Bladen,Democrat,Hillary Clinton,3442,18.7
San Mateo,Democrat,Hillary Clinton,47358,14.7
Carroll,Republican,Donald Trump,7495,12.5
Plumas,Republican,Donald Trump,2588,24.7
Brewster,Democrat,Bernie Sanders,771,19.4
Valencia,Democrat,Hillary Clinton,3123,15.4
Monongalia,Democrat,Bernie Sanders,8096,10.8
Mercer,Republican,Donald Trump,455,20.8
New Madrid,Republican,Donald Trump,1376,17.6
Pike,Republican,Donald Trump,2493,14.1
Marshall,Democrat,Bernie Sanders,960,17.5
Covington,Republican,Donald Trump,1724,17.0
Franklin City,Democrat,Hillary Clinton,831,17.5
Iron,Republican,Donald Trump,868,28.2
Granite,Republican,Donald Trump,487,28.9
Hall,Republican,Donald Trump,3818,14.2
Richland,Republican,Donald Trump,1469,20.0
Door,Democrat,Bernie Sanders,3417,26.4
Greenlee,Democrat,Hillary Clinton,497,11.6
Noxubee,Democrat,Hillary Clinton,1397,15.7
McCreary,Republican,Donald Trump,725,14.0
Kenedy,Democrat,Hillary Clinton,63,15.3
Big Horn,Democrat,Hillary Clinton,2,19.2
Ware,Republican,Donald Trump,1998,16.2
Costilla,Democrat,Hillary Clinton,64,25.8
Jones,Democrat,Bernie Sanders,480,18.5
Sevier,Republican,Donald Trump,593,13.6
Jackson,Republican,Donald Trump,582,15.6
Sangamon,Republican,Ted Cruz,12261,15.5
Washington,Republican,Donald Trump,1666,15.4
Cochise,Republican,Donald Trump,6339,19.9
Montgomery,Democrat,Hillary Clinton,953,19.0
LaSalle,Republican,Donald Trump,577,15.9
Kent,Republican,Donald Trump,8294,15.6
Okfuskee,Democrat,Bernie Sanders,596,17.0
Fairfield,Democrat,Hillary Clinton,3260,18.0
Menominee,Democrat,Bernie Sanders,355,12.6
Wayne,Democrat,Hillary Clinton,7546,14.5
Huerfano,Democrat,Bernie Sanders,150,29.7
Big Horn,Republican,Donald Trump,1087,11.4
Union,Republican,Donald Trump,2691,31.3
Chippewa,Republican,Donald Trump,1959,16.1
Tama,Democrat,Hillary Clinton,476,19.2
Pierce,Republican,Donald Trump,617,18.0
Allen,Democrat,Hillary Clinton,536,13.3
Genesee,Democrat,Hillary Clinton,31284,15.7
Issaquena,Democrat,Hillary Clinton,175,13.7
Wilkinson,Democrat,Hillary Clinton,1269,15.5
Mesa,Democrat,Bernie Sanders,1095,16.9
Val Verde,Democrat,Hillary Clinton,1777,13.8
Adams,Republican,Donald Trump,5233,18.7
Kleberg,Democrat,Hillary Clinton,1738,12.4
Lincoln,Republican,Donald Trump,2950,15.6
Montgomery,Democrat,Bernie Sanders,5090,11.0
Denver,Democrat,Bernie Sanders,14624,10.9
Lowndes,Republican,Donald Trump,5194,11.0
Dallas,Republican,Marco Rubio,2469,11.2
Clinton,Democrat,Bernie Sanders,4301,15.2
Scott,Democrat,Bernie Sanders,4144,14.4
Butte,Republican,Ted Cruz,275,19.6
Lane,Democrat,Bernie Sanders,41883,17.4
Loup,Republican,Donald Trump,101,24.8
Iberia,Democrat,Hillary Clinton,2171,13.3
Lewis,Republican,Donald Trump,801,18.0
Oklahoma,Democrat,Hillary Clinton,34255,12.5
Okmulgee,Democrat,Bernie Sanders,1882,17.3
Orange,Democrat,Hillary Clinton,66654,10.8
Echols,Republican,Donald Trump,268,11.3
Conejos,Democrat,Hillary Clinton,73,17.4
Camden,Republican,Donald Trump,5467,24.9
Winston,Republican,Donald Trump,3352,20.0
Abbeville,Democrat,Hillary Clinton,1501,19.4
Love,Democrat,Bernie Sanders,502,18.3
Stone,Republican,Donald Trump,3928,27.4
Taney,Republican,Donald Trump,5086,19.7
Deuel,Democrat,Hillary Clinton,162,21.0
Wayne,Republican,Donald Trump,2075,19.8
Jasper,Democrat,Hillary Clinton,1976,18.0
Monterey,Democrat,Hillary Clinton,17126,12.0
St. Martin,Democrat,Hillary Clinton,1869,13.3
Cass,Republican,Donald Trump,680,16.4
Tazewell,Republican,Ted Cruz,12085,17.0
Stephens,Republican,Donald Trump,1726,18.3
Chester,Democrat,Hillary Clinton,1962,16.7
Choctaw,Democrat,Bernie Sanders,745,19.4
Dooly,Democrat,Hillary Clinton,737,15.7
Douglas,Democrat,Bernie Sanders,4510,16.3
Refugio,Democrat,Hillary Clinton,549,20.7
Bienville,Democrat,Hillary Clinton,1056,19.1
East Feliciana,Democrat,Hillary Clinton,1847,15.9
Sierra,Republican,Donald Trump,497,26.8
Washtenaw,Democrat,Bernie Sanders,38063,12.0
Jennings,Republican,Donald Trump,3361,14.8
Monroe,Democrat,Hillary Clinton,843,20.3
Haywood,Democrat,Hillary Clinton,1197,16.1
Liberty,Democrat,Hillary Clinton,2783,7.5
La Salle,Democrat,Hillary Clinton,557,13.2
Osceola,Republican,Donald Trump,1812,19.1
Gadsden,Democrat,Hillary Clinton,7446,15.5
Simpson,Democrat,Hillary Clinton,708,15.8
Berrien,Republican,Donald Trump,7817,17.8
Worcester,Republican,Donald Trump,5808,25.3
DeKalb,Republican,Donald Trump,800,15.7
Buena Vista,Republican,Ted Cruz,309,14.6
Hudson,Democrat,Hillary Clinton,49798,10.8
Sharp,Republican,Donald Trump,1241,25.7
Dawes,Republican,Donald Trump,831,17.6
Boone,Republican,Donald Trump,2577,19.8
Harlan,Democrat,Bernie Sanders,1092,16.3
Grundy,Republican,Donald Trump,3625,12.9
Winn,Democrat,Hillary Clinton,488,16.2
Houston,Republican,Donald Trump,8171,16.1
Pike,Republican,Donald Trump,1649,19.0
Ray,Republican,Donald Trump,1565,17.1
Kauai,Democrat,Bernie Sanders,2049,17.4
Osage,Democrat,Hillary Clinton,2390,18.5
Bear Lake,Republican,Ted Cruz,643,19.6
Cullman,Republican,Donald Trump,10618,17.6
Knox,Republican,Donald Trump,642,23.8
Wright,Republican,Donald Trump,1874,19.1
Lafayette,Republican,Donald Trump,2521,11.3
Bryan,Republican,Donald Trump,2214,10.2
Hinds,Democrat,Hillary Clinton,31386,12.1
Shannon,Republican,Donald Trump,808,19.6
Grant,Republican,Ted Cruz,1329,16.1
LaPorte,Republican,Donald Trump,9494,15.8
Mercer,Republican,Ted Cruz,1073,20.5
Orleans,Democrat,Hillary Clinton,40601,12.1
Coconino,Democrat,Bernie Sanders,6941,11.1
Jackson,Democrat,Hillary Clinton,2798,18.0
Fayette,Republican,Donald Trump,8055,16.2
Payette,Republican,Ted Cruz,1364,17.0
Miller,Republican,Ted Cruz,2741,15.2
Cumberland,Republican,Ted Cruz,1081,17.6
Webb,Democrat,Hillary Clinton,18559,8.7
Cecil,Republican,Donald Trump,7348,13.8
Judith Basin,Republican,Donald Trump,421,22.5
Floyd,Republican,Donald Trump,7456,14.5
Logan,Democrat,Bernie Sanders,3201,17.2
Hardin,Democrat,Hillary Clinton,4359,12.3
Madison,Republican,Donald Trump,2460,15.6
Carroll,Republican,Ted Cruz,0,21.1
Whiteside,Democrat,Bernie Sanders,3102,18.9
Rowan,Democrat,Bernie Sanders,1363,13.4
Navajo,Democrat,Hillary Clinton,4415,15.8
DeSoto,Republican,Ted Cruz,12300,11.8
Turner,Republican,Donald Trump,652,18.6
Appanoose,Republican,Donald Trump,292,21.4
Bent,Democrat,Hillary Clinton,26,16.9
Hillsdale,Republican,Donald Trump,3060,17.7
Jefferson,Democrat,Hillary Clinton,16580,13.4
Washington,Democrat,Hillary Clinton,1511,17.0
Orangeburg,Democrat,Hillary Clinton,11819,17.1
Gulf,Republican,Donald Trump,1038,18.1
Wilcox,Democrat,Hillary Clinton,3337,17.7
Clay,Republican,Donald Trump,1920,19.4
St. Charles,Republican,Donald Trump,30489,13.2
Maries,Republican,Donald Trump,958,19.3
Yolo,Democrat,Hillary Clinton,12567,11.5
Livingston,Democrat,Bernie Sanders,610,19.9
Monroe,Democrat,Hillary Clinton,2438,17.9
Lauderdale,Republican,Donald Trump,4740,15.1
Hancock,Republican,Ted Cruz,385,20.2
Drew,Democrat,Hillary Clinton,1250,16.1
McHenry,Republican,Donald Trump,16514,12.1
McDuffie,Republican,Donald Trump,1288,15.9
Rio Arriba,Democrat,Hillary Clinton,4915,16.5
Seminole,Republican,Donald Trump,25763,14.3
Montgomery,Democrat,Hillary Clinton,28650,13.3
Morgan,Democrat,Bernie Sanders,988,14.6
Madison,Republican,Donald Trump,2280,15.6
Latah,Republican,Ted Cruz,2134,11.8
Cleburne,Republican,Donald Trump,2530,25.4
Lee,Republican,Donald Trump,2153,17.5
Willacy,Democrat,Hillary Clinton,2072,12.6
Washington,Democrat,Bernie Sanders,41841,11.9
Hall,Republican,Donald Trump,12536,13.6
Montgomery,Democrat,Hillary Clinton,109304,13.7
Arthur,Republican,Donald Trump,68,21.2
Quitman,Democrat,Hillary Clinton,193,27.7
Caroline,Republican,Donald Trump,2521,15.4
Columbus,Democrat,Hillary Clinton,3628,17.7
Williamson,Republican,Donald Trump,4929,17.6
Swain,Democrat,Bernie Sanders,831,18.5
Conecuh,Democrat,Hillary Clinton,2031,20.4
Morgan,Democrat,Bernie Sanders,87,15.4
Harlan,Republican,Donald Trump,436,24.3
Sussex,Republican,Donald Trump,17794,24.2
Gilpin,Democrat,Bernie Sanders,173,13.2
Vigo,Republican,Donald Trump,8539,14.5
Magoffin,Democrat,Bernie Sanders,626,14.8
St. Clair,Republican,Donald Trump,11995,16.7
Morgan,Republican,Donald Trump,1656,18.2
Sac,Republican,Donald Trump,212,22.3
Grand Traverse,Democrat,Bernie Sanders,8091,17.1
Nuckolls,Republican,Donald Trump,446,26.2
Kings,Republican,Donald Trump,7046,9.1
Dewey,Democrat,Bernie Sanders,342,10.0
Phillips,Democrat,Bernie Sanders,18,20.8
San Miguel,Democrat,Hillary Clinton,3418,18.4
Baldwin,Democrat,Hillary Clinton,3034,14.2
Los Angeles,Democrat,Hillary Clinton,590502,12.2
Franklin,Republican,Ted Cruz,1187,13.6
Scott,Republican,Donald Trump,1929,15.8
Union,Republican,Donald Trump,1332,19.9
Howard,Democrat,Hillary Clinton,30873,12.2
Nez Perce,Republican,Ted Cruz,1583,18.9
Black Hawk,Democrat,Bernie Sanders,3647,14.8
Emporia,Democrat,Hillary Clinton,404,17.5
Wilson,Democrat,Hillary Clinton,6408,16.3
Shelby,Democrat,Hillary Clinton,2195,14.0
Lincoln,Democrat,Bernie Sanders,3,14.8
Marion,Democrat,Hillary Clinton,59649,11.3
Lewis,Republican,Donald Trump,286,24.1
Pulaski,Republican,Donald Trump,673,18.9
Radford,Democrat,Bernie Sanders,655,7.9
Clay,Republican,Donald Trump,3615,16.6
Gloucester,Democrat,Hillary Clinton,17954,14.1
Moultrie,Republican,Ted Cruz,1321,19.0
DeSoto,Republican,Donald Trump,1445,19.7
San Benito,Democrat,Hillary Clinton,2022,11.4
Montgomery,Republican,Donald Trump,712,15.5
Mecosta,Republican,Donald Trump,2113,16.9
Fremont,Democrat,Bernie Sanders,268,20.3
Sumter,Republican,Donald Trump,17769,52.9
Holmes,Democrat,Hillary Clinton,3301,13.5
Seminole,Democrat,Bernie Sanders,1194,17.0
Manassas,Democrat,Hillary Clinton,1812,8.2
Arlington,Democrat,Hillary Clinton,25561,9.3
Park,Democrat,Bernie Sanders,231,16.2
Stephenson,Republican,Ted Cruz,3038,20.5
Johnson,Republican,Donald Trump,684,15.5
Fresno,Republican,Donald Trump,37672,11.2
Wells,Republican,Ted Cruz,3826,17.0
Franklin,Republican,Donald Trump,2155,15.9
Crawford,Republican,Ted Cruz,226,16.9
Alger,Democrat,Bernie Sanders,622,23.7
Montgomery,Republican,Donald Trump,672,25.4
Perry,Democrat,Hillary Clinton,2575,17.9
Pike,Republican,Donald Trump,1603,19.8
Tillamook,Democrat,Bernie Sanders,2207,23.4
Spencer,Democrat,Bernie Sanders,806,12.4
Butler,Democrat,Bernie Sanders,350,21.0
Marin,Democrat,Hillary Clinton,27238,19.4
Albemarle,Democrat,Hillary Clinton,8284,16.5
Sumter,Democrat,Hillary Clinton,9816,14.5
Putnam,Republican,Donald Trump,5119,21.1
Durham,Democrat,Hillary Clinton,35845,11.1
Woodbury,Democrat,Bernie Sanders,1920,13.8
Hampton,Democrat,Hillary Clinton,1930,15.8
Mohave,Republican,Donald Trump,14154,26.9
Lowndes,Democrat,Hillary Clinton,3782,17.4
Gasconade,Republican,Donald Trump,1429,21.6
Worth,Democrat,Bernie Sanders,218,19.8
Neshoba,Republican,Donald Trump,2249,14.7
Cherokee,Republican,Donald Trump,248,22.4
Marion,Republican,Donald Trump,473,17.0
Imperial,Democrat,Hillary Clinton,5743,12.0
Stark,Republican,Ted Cruz,448,24.4
Logan,Democrat,Hillary Clinton,77,15.7
Oktibbeha,Democrat,Hillary Clinton,2389,10.3
Laurel,Republican,Donald Trump,2313,15.0
Plymouth,Republican,Donald Trump,618,17.6
Howard,Republican,Donald Trump,8475,18.0
Lincoln,Democrat,Bernie Sanders,1510,17.2
Warren,Democrat,Hillary Clinton,468,20.3
Kankakee,Republican,Donald Trump,6403,14.9
Hancock,Democrat,Hillary Clinton,1112,20.0
Pike,Republican,Donald Trump,1930,14.6
Cleveland,Democrat,Bernie Sanders,16428,11.9
Jay,Republican,Donald Trump,2194,16.5
Will,Democrat,Bernie Sanders,46305,11.2
Green,Democrat,Bernie Sanders,4359,16.9
Pulaski,Republican,Donald Trump,1668,17.8
Ada,Republican,Ted Cruz,20156,12.6
Jefferson,Democrat,Bernie Sanders,654,18.8
Jerome,Republican,Ted Cruz,1164,12.1
Peach,Democrat,Hillary Clinton,1675,13.3
Vernon,Republican,Donald Trump,1119,10.5
Randolph,Republican,Donald Trump,735,19.9
Madison,Republican,Donald Trump,12487,16.9
Washington,Democrat,Hillary Clinton,9110,10.7
Newton,Democrat,Hillary Clinton,7269,11.9
Wayne,Republican,Donald Trump,2033,14.7
Alamosa,Democrat,Bernie Sanders,167,12.6
Carroll,Republican,Ben Carson,0,21.1
Corson,Democrat,Bernie Sanders,148,10.5
Iosco,Republican,Donald Trump,1973,27.9
Ouray,Democrat,Bernie Sanders,156,24.6
St. Francois,Republican,Donald Trump,4061,15.3
Webster,Republican,Donald Trump,1191,16.6
Adams,Democrat,Hillary Clinton,113,22.0
White,Republican,Donald Trump,3044,18.8
Baldwin,Republican,Donald Trump,23618,18.7
St. Charles,Democrat,Hillary Clinton,2245,11.6
Owyhee,Republican,Ted Cruz,717,16.3
Cass,Republican,Donald Trump,1811,16.1
Yancey,Democrat,Bernie Sanders,1386,23.5
Harrison,Republican,Donald Trump,315,19.1
Marquette,Democrat,Bernie Sanders,5530,16.6
Bureau,Republican,Donald Trump,2185,19.9
Yuma,Republican,Donald Trump,4390,17.4
Goshen,Democrat,Hillary Clinton,3,20.5
Sweetwater,Democrat,Bernie Sanders,12,9.5
Grant,Democrat,Hillary Clinton,2272,24.1
Bryan,Democrat,Bernie Sanders,1913,16.9
Broadwater,Republican,Donald Trump,1001,20.9
Gooding,Republican,Ted Cruz,863,16.4
Tippecanoe,Republican,Donald Trump,10296,10.3
Lawrence,Republican,Donald Trump,1326,17.0
Oglethorpe,Republican,Donald Trump,1230,18.0
Humboldt,Republican,Donald Trump,204,20.3
Talbot,Democrat,Hillary Clinton,852,19.1
Osceola,Democrat,Hillary Clinton,16512,12.7
Douglas,Democrat,Bernie Sanders,2347,9.9
Newport News,Democrat,Hillary Clinton,12495,11.6
Deer Lodge,Democrat,Hillary Clinton,986,20.7
Boone,Republican,Donald Trump,740,21.6
Heard,Republican,Donald Trump,1068,15.7
Campbell,Democrat,Hillary Clinton,3169,13.8
Ionia,Democrat,Bernie Sanders,2812,13.0
Somerset,Republican,Donald Trump,1686,15.3
Rockland,Democrat,Hillary Clinton,16966,14.8
Gates,Democrat,Hillary Clinton,749,17.8
Cheyenne,Republican,Donald Trump,1130,16.2
Canyon,Republican,Ted Cruz,11164,12.5
Rosebud,Republican,Donald Trump,959,13.6
Newton,Republican,Ted Cruz,6452,17.4
Talladega,Republican,Donald Trump,6304,16.1
Shelby,Republican,Donald Trump,18260,13.0
Bamberg,Democrat,Hillary Clinton,1715,18.3
Lake,Republican,Donald Trump,26393,26.0
Alcona,Republican,Donald Trump,1111,34.8
Rockcastle,Republican,Donald Trump,743,16.6
Carroll,Republican,Donald Trump,1268,23.6
Wheatland,Republican,Donald Trump,380,23.9
Summers,Democrat,Bernie Sanders,1060,21.1
Clay,Democrat,Bernie Sanders,754,19.1
Apache,Democrat,Hillary Clinton,4450,13.5
Harrison,Republican,Donald Trump,4326,16.0
Owen,Democrat,Bernie Sanders,720,16.6
Bleckley,Republican,Donald Trump,935,16.7
Colbert,Democrat,Hillary Clinton,3879,18.5
Richmond,Democrat,Hillary Clinton,333,19.5
Bates,Republican,Donald Trump,1306,18.7
Boone,Democrat,Hillary Clinton,2932,11.2
Pike,Democrat,Hillary Clinton,2870,15.6
Sedgwick,Democrat,Hillary Clinton,13,24.4
Whitley,Republican,Donald Trump,1556,15.1
Menard,Republican,Ted Cruz,1064,18.1
Comanche,Democrat,Bernie Sanders,3804,11.0
Granville,Democrat,Hillary Clinton,4693,15.3
Wayne,Republican,Donald Trump,1376,21.9
Payne,Democrat,Bernie Sanders,3829,11.1
Prentiss,Republican,Donald Trump,1597,17.0
Floyd,Democrat,Hillary Clinton,453,20.7
Carroll,Democrat,Hillary Clinton,0,21.1
Jefferson,Republican,Donald Trump,3281,17.6
Eagle,Democrat,Bernie Sanders,623,8.1
Mineral,Republican,Donald Trump,638,26.6
Copiah,Democrat,Hillary Clinton,3373,15.4
Grand,Democrat,Bernie Sanders,187,13.9
La Paz,Republican,Donald Trump,940,36.1
Cass,Republican,Donald Trump,3941,16.2
Lawrence,Democrat,Bernie Sanders,659,15.9
Glascock,Republican,Donald Trump,405,17.4
Dinwiddie,Democrat,Hillary Clinton,1935,16.3
Calhoun,Democrat,Bernie Sanders,5810,16.4
Calhoun,Republican,Donald Trump,8960,16.0
Pierce,Republican,Donald Trump,1345,15.6
Brooks,Republican,Donald Trump,1009,18.6
Adams,Democrat,Hillary Clinton,3013,16.7
Phelps,Republican,Donald Trump,3425,14.9
Cleveland,Republican,Ted Cruz,550,19.1
Gwinnett,Democrat,Hillary Clinton,37465,8.6
Webster,Democrat,Hillary Clinton,866,17.2
Macon,Democrat,Hillary Clinton,4293,16.8
Surry,Democrat,Hillary Clinton,812,19.1
Dade,Republican,Ted Cruz,997,22.2
Seminole,Republican,Donald Trump,754,21.8
Washington,Democrat,Hillary Clinton,601,17.2
Franklin,Democrat,Hillary Clinton,226,20.1
Hendry,Republican,Donald Trump,1290,12.7
Acadia,Democrat,Hillary Clinton,1862,13.5
Van Buren,Republican,Donald Trump,1198,24.6
Pointe Coupee,Democrat,Hillary Clinton,1680,18.2
Pickens,Republican,Donald Trump,3360,20.3
Poweshiek,Democrat,Bernie Sanders,475,19.2
Lafourche,Republican,Donald Trump,2725,13.7
Henderson,Republican,Donald Trump,516,23.6
Long,Republican,Donald Trump,633,7.7
Richland,Republican,Donald Trump,1435,13.0
Ottawa,Democrat,Bernie Sanders,1238,18.1
Chase,Republican,Donald Trump,476,20.7
Cobb,Democrat,Hillary Clinton,39277,10.6
Prairie,Democrat,Hillary Clinton,558,22.0
St. John the Baptist,Democrat,Hillary Clinton,3818,12.6
Marion,Republican,Donald Trump,2454,16.6
Brooks,Democrat,Hillary Clinton,1603,18.2
Des Moines,Democrat,Bernie Sanders,1066,18.8
Jeff Davis,Democrat,Hillary Clinton,738,15.2
Modoc,Republican,Donald Trump,1019,23.2
Clay,Republican,Ted Cruz,13559,12.8
Sheridan,Democrat,Hillary Clinton,7,18.3
Clay,Democrat,Hillary Clinton,2372,16.3
Jefferson,Democrat,Hillary Clinton,1671,20.1
Bonneville,Republican,Ted Cruz,7794,12.1
Crook,Democrat,Bernie Sanders,1,18.0
Nowata,Democrat,Bernie Sanders,530,18.9
Wright,Democrat,Hillary Clinton,273,21.3
Morgan,Republican,Donald Trump,10235,15.1
Columbia,Republican,Donald Trump,1149,16.6
Bourbon,Democrat,Hillary Clinton,1109,17.5
Tishomingo,Republican,Donald Trump,1854,19.6
Mills,Republican,Donald Trump,300,15.8
Menifee,Democrat,Bernie Sanders,323,18.2
Treasure,Republican,Donald Trump,143,27.0
San Francisco,Democrat,Hillary Clinton,85070,14.4
Siskiyou,Republican,Donald Trump,3573,22.7
Cibola,Democrat,Hillary Clinton,1586,14.2
Bacon,Republican,Donald Trump,904,14.1
Alpine,Democrat,Bernie Sanders,129,21.1
Weston,Democrat,Bernie Sanders,1,18.1
Holt,Republican,Donald Trump,504,22.8
Iberville,Democrat,Hillary Clinton,3699,13.6
Lake,Republican,Donald Trump,803,26.2
White,Republican,Donald Trump,2715,20.6
Calcasieu,Democrat,Hillary Clinton,6594,13.7
Missoula,Democrat,Bernie Sanders,13271,13.6
Bingham,Republican,Ted Cruz,3471,12.9
Sebastian,Republican,Donald Trump,6030,14.5
Steuben,Republican,Donald Trump,3973,17.2
Noble,Republican,Donald Trump,4422,14.6
Posey,Republican,Donald Trump,3159,16.2
Flathead,Republican,Donald Trump,10642,17.2
Pulaski,Republican,Donald Trump,436,20.2
Washington,Democrat,Hillary Clinton,2982,13.6
Rankin,Republican,Donald Trump,13729,13.3
Nodaway,Republican,Donald Trump,1268,13.9
Glynn,Republican,Donald Trump,5516,17.7
Buncombe,Democrat,Bernie Sanders,30913,18.1
Yavapai,Republican,Donald Trump,17005,28.1
Madison,Democrat,Bernie Sanders,2044,19.8
Natchitoches,Democrat,Hillary Clinton,2545,15.3
Darlington,Democrat,Hillary Clinton,4988,16.5
New Castle,Democrat,Hillary Clinton,38580,13.8
Adams,Republican,Ted Cruz,3851,14.4
Jersey,Republican,Donald Trump,1902,17.6
Lee,Democrat,Hillary Clinton,3224,15.0
Todd,Democrat,Bernie Sanders,507,15.6
Ripley,Republican,Donald Trump,3694,16.9
San Miguel,Democrat,Bernie Sanders,329,10.4
Jasper,Republican,Ted Cruz,928,18.2
Howard,Democrat,Bernie Sanders,215,19.7
Clinch,Republican,Donald Trump,412,15.0
Charlton,Republican,Donald Trump,602,13.3
Charleston,Democrat,Hillary Clinton,26535,14.5
Franklin,Republican,Donald Trump,3487,15.6
Allen,Republican,Ted Cruz,29963,13.1
Nevada,Democrat,Hillary Clinton,647,19.4
Stewart,Democrat,Hillary Clinton,460,15.3
Dearborn,Republican,Donald Trump,6617,15.3
Ventura,Democrat,Hillary Clinton,45848,13.6
Clarendon,Democrat,Hillary Clinton,3564,19.8
Lafayette,Republican,Donald Trump,7171,11.3
Calhoun,Democrat,Hillary Clinton,413,19.8
Irwin,Republican,Donald Trump,869,18.2
Berkeley,Democrat,Hillary Clinton,9471,12.3
Emmet,Democrat,Bernie Sanders,2589,19.7
Hancock,Democrat,Bernie Sanders,573,16.1
Shelby,Republican,Ted Cruz,2069,20.6
Lawrence,Republican,Ted Cruz,4235,17.8
Butts,Republican,Donald Trump,1884,14.3
Carroll,Republican,Donald Trump,2421,17.7
Wayne,Republican,Donald Trump,805,18.1
Fremont,Republican,Donald Trump,182,21.6
Harrison,Republican,Donald Trump,12555,13.2
Logan,Republican,Donald Trump,166,18.4
Mora,Democrat,Hillary Clinton,986,22.7
Lawrence,Democrat,Hillary Clinton,933,19.3
Hoke,Democrat,Hillary Clinton,3528,8.4
Broomfield,Democrat,Bernie Sanders,1010,12.2
Greeley,Republican,Donald Trump,125,23.7
Deuel,Republican,Donald Trump,274,23.5
Dallas,Democrat,Hillary Clinton,693,20.5
Lewis,Republican,Donald Trump,522,16.6
Hardin,Republican,Ted Cruz,417,21.2
McKinley,Democrat,Hillary Clinton,4761,10.6
Marion,Democrat,Hillary Clinton,1162,14.8
Decatur,Republican,Donald Trump,3319,15.4
Piatt,Republican,Ted Cruz,1855,18.1
Evans,Republican,Donald Trump,481,15.1
Wabash,Republican,Donald Trump,3932,19.4
Scott,Republican,Donald Trump,715,18.7
Glacier,Democrat,Bernie Sanders,1074,10.9
Orange,Republican,Donald Trump,146888,13.1
Fulton,Democrat,Hillary Clinton,701,25.4
Polk,Republican,Donald Trump,1895,21.7
Christian,Democrat,Hillary Clinton,2437,11.1
Delaware,Democrat,Hillary Clinton,440,18.1
El Paso,Democrat,Bernie Sanders,4954,11.5
Pike,Republican,Donald Trump,1241,16.5
Fallon,Republican,Donald Trump,734,15.7
Lapeer,Republican,Donald Trump,7446,15.9
Roger Mills,Democrat,Bernie Sanders,268,18.3
Chatham,Democrat,Hillary Clinton,7406,23.6
Crawford,Republican,Donald Trump,1162,17.2
Perry,Democrat,Bernie Sanders,1666,15.4
Jackson,Democrat,Bernie Sanders,4656,13.0
Albany,Democrat,Bernie Sanders,25,9.8
Henry,Republican,Ted Cruz,379,17.6
Houston,Republican,Donald Trump,7091,11.7
Pettis,Republican,Donald Trump,3343,15.3
Prairie,Republican,Donald Trump,269,30.0
Bulloch,Republican,Donald Trump,3111,10.3
Covington,Democrat,Hillary Clinton,244,18.9
Caroline,Democrat,Hillary Clinton,1902,15.1
Jessamine,Democrat,Bernie Sanders,2113,13.4
Reynolds,Republican,Donald Trump,647,22.7
Jackson,Republican,Donald Trump,5463,18.6
Pearl River,Republican,Donald Trump,4562,17.2
Edmonson,Republican,Donald Trump,531,19.3
Philadelphia,Democrat,Hillary Clinton,212785,12.5
Linn,Republican,Donald Trump,955,20.2
Carroll,Republican,Donald Trump,16534,15.3
Putnam,Republican,Donald Trump,4087,15.2
Tippah,Republican,Donald Trump,1951,15.8
Hart,Democrat,Bernie Sanders,1062,16.2
Keokuk,Democrat,Hillary Clinton,250,20.1
Grayson,Republican,Donald Trump,749,16.2
Hood River,Democrat,Bernie Sanders,2527,14.1
Lumpkin,Republican,Donald Trump,2453,15.7
Park,Republican,Donald Trump,1901,19.5
Tompkins,Democrat,Bernie Sanders,9298,12.3
Franklin,Republican,Donald Trump,761,17.8
Saint Francis,Democrat,Hillary Clinton,1912,13.9
Hale,Democrat,Hillary Clinton,2426,17.3
Karnes,Democrat,Hillary Clinton,719,14.5
Humboldt,Democrat,Bernie Sanders,13245,15.4
Jefferson,Republican,Donald Trump,533,22.5
Rush,Republican,Donald Trump,2362,17.4
Sutter,Republican,Donald Trump,4697,14.5
Pottawatomie,Democrat,Bernie Sanders,3400,15.6
Martin,Democrat,Hillary Clinton,2469,20.6
Harris,Democrat,Hillary Clinton,156729,9.2
Jefferson,Democrat,Hillary Clinton,64090,14.5
Grant,Republican,Donald Trump,722,13.8
Decatur,Republican,Ted Cruz,173,18.3
Desha,Democrat,Hillary Clinton,1342,17.1
Crawford,Republican,Donald Trump,930,16.9
Walker,Republican,Donald Trump,8394,18.2
Lee,Democrat,Hillary Clinton,956,16.7
Ballard,Democrat,Bernie Sanders,659,19.5
Hidalgo,Democrat,Hillary Clinton,40276,10.4
Wilcox,Republican,Donald Trump,602,16.0
Baxter,Republican,Donald Trump,3798,30.0
Jackson,Republican,Donald Trump,5484,13.5
Idaho County,Republican,Donald Trump,1668,24.0
Blaine,Republican,Donald Trump,543,15.8
Dona Ana,Democrat,Hillary Clinton,9097,14.2
Autauga,Republican,Donald Trump,5387,13.8
Fairfax City,Democrat,Hillary Clinton,1840,15.4
Toole,Republican,Donald Trump,863,15.6
Vermillion,Republican,Donald Trump,1748,18.6
George,Republican,Donald Trump,2245,14.5
Elmore,Republican,Donald Trump,8525,14.0
Taos,Democrat,Bernie Sanders,4325,22.3
Warren,Democrat,Hillary Clinton,1217,14.9
Schoolcraft,Republican,Donald Trump,529,24.1
Forsyth,Republican,Donald Trump,15698,11.1
Buffalo,Republican,Donald Trump,3748,12.9
Caddo,Democrat,Hillary Clinton,16666,14.8
Elmore,Republican,Donald Trump,1252,11.8
Winchester,Democrat,Hillary Clinton,949,14.6
Hooker,Republican,Donald Trump,119,29.0
Daniels,Republican,Donald Trump,340,25.2
Cape Girardeau,Republican,Ted Cruz,7332,15.4
Audubon,Democrat,Hillary Clinton,187,24.3
Clayton,Democrat,Hillary Clinton,25130,8.3
Presque Isle,Republican,Donald Trump,916,28.7
Garrett,Republican,Donald Trump,3564,20.0
Santa Clara,Democrat,Hillary Clinton,109963,12.2
Harrison,Republican,Donald Trump,755,21.0
Fulton,Democrat,Hillary Clinton,315,19.4
Manatee,Republican,Donald Trump,26320,25.5
Clay,Democrat,Bernie Sanders,303,19.6
Murray,Republican,Donald Trump,3084,13.3
Missaukee,Republican,Donald Trump,1221,19.1
Gilmer,Republican,Donald Trump,3314,22.0
Laramie,Democrat,Hillary Clinton,26,14.3
Alexander,Democrat,Hillary Clinton,770,18.2
Okeechobee,Republican,Donald Trump,2202,17.9
St. Landry,Democrat,Hillary Clinton,4606,14.8
Breathitt,Democrat,Bernie Sanders,1716,15.4
Hot Springs,Democrat,Bernie Sanders,1,23.6
San Juan,Democrat,Bernie Sanders,27,20.4
Mahoning,Democrat,Hillary Clinton,21000,19.1
Quitman,Democrat,Hillary Clinton,986,15.0
Logan,Democrat,Bernie Sanders,1131,17.2
Bell,Republican,Donald Trump,692,17.3
Nueces,Democrat,Hillary Clinton,15662,13.0
Dougherty,Democrat,Hillary Clinton,8891,13.6
Martin,Republican,Donald Trump,1398,17.1
Douglas,Democrat,Hillary Clinton,9375,10.3
Madison,Democrat,Bernie Sanders,4385,12.7
Lancaster,Republican,Donald Trump,13251,12.1
Cheboygan,Republican,Donald Trump,2089,24.7
Florence,Democrat,Hillary Clinton,9411,15.0
Platte,Democrat,Bernie Sanders,2,22.7
Calhoun,Democrat,Hillary Clinton,200,22.3
Calhoun,Democrat,Bernie Sanders,503,22.8
Marion,Republican,Donald Trump,3503,20.1
Monroe,Republican,Donald Trump,2262,16.8
St. Helena,Democrat,Hillary Clinton,1407,17.6
Marengo,Democrat,Hillary Clinton,3590,18.6
Evangeline,Democrat,Hillary Clinton,1319,14.3
DeSoto,Democrat,Hillary Clinton,1508,16.0
Spalding,Republican,Donald Trump,4257,16.1
Owen,Republican,Donald Trump,2679,17.3
Pocahontas,Democrat,Hillary Clinton,198,22.3
Midland,Republican,Ted Cruz,4720,16.4
Early,Republican,Donald Trump,760,18.4
Alameda,Democrat,Hillary Clinton,107102,12.5
Gogebic,Democrat,Bernie Sanders,790,22.9
Santa Cruz,Democrat,Hillary Clinton,2496,15.8
Coles,Republican,Donald Trump,3156,15.0
Henderson,Democrat,Hillary Clinton,2887,15.7
Summit,Democrat,Bernie Sanders,1645,9.8
Kearney,Republican,Donald Trump,614,18.8
Lee,Democrat,Hillary Clinton,2207,16.1
Valley,Republican,Donald Trump,575,21.6
Jefferson,Democrat,Hillary Clinton,17581,15.1
Cedar,Republican,Ted Cruz,1404,24.0
Boyle,Democrat,Hillary Clinton,1648,17.6
Clarke,Republican,Donald Trump,1399,18.5
Porter,Republican,Donald Trump,16194,14.4
Taylor,Republican,Donald Trump,1203,18.0
Jefferson,Democrat,Bernie Sanders,8281,14.7
Bradford,Republican,Donald Trump,1802,17.6
Peoria,Democrat,Hillary Clinton,11341,15.0
Mason,Republican,Donald Trump,1785,21.2
Kinney,Democrat,Hillary Clinton,211,25.3
Santa Cruz,Democrat,Bernie Sanders,25171,13.5
Dundy,Republican,Donald Trump,219,23.3
San Luis Obispo,Republican,Donald Trump,19313,17.5
Screven,Republican,Donald Trump,801,16.8
Ashland,Democrat,Bernie Sanders,2304,17.5
Cameron,Democrat,Hillary Clinton,20326,12.4
Maui,Democrat,Bernie Sanders,4419,15.1
Oceana,Republican,Ted Cruz,1698,19.1
Mayes,Democrat,Bernie Sanders,2144,17.1
Saline,Republican,Ted Cruz,7507,17.1
Oconee,Republican,Donald Trump,2871,13.5
Pasco,Republican,Donald Trump,33536,22.5
Poinsett,Republican,Donald Trump,1036,17.1
Iowa,Democrat,Bernie Sanders,3198,16.7
Flagler,Republican,Donald Trump,9684,28.4
Hudspeth,Democrat,Hillary Clinton,147,17.2
Kent,Democrat,Bernie Sanders,43375,12.2
Calhoun,Democrat,Hillary Clinton,499,12.5
McCone,Republican,Donald Trump,410,22.5
Bibb,Republican,Donald Trump,1959,14.8
Effingham,Republican,Donald Trump,3648,10.8
Jefferson,Democrat,Hillary Clinton,1550,13.9
Banner,Republican,Donald Trump,108,29.6
Atchison,Republican,Donald Trump,487,23.8
Bremer,Democrat,Hillary Clinton,640,18.4
Huntington,Republican,Donald Trump,4100,15.9
Burt,Republican,Donald Trump,603,23.9
Coffee,Republican,Donald Trump,4304,15.9
Humphreys,Democrat,Hillary Clinton,2894,14.2
Webster,Democrat,Bernie Sanders,1169,16.4
King and Queen,Democrat,Hillary Clinton,477,20.6
Emanuel,Republican,Donald Trump,1489,15.8
Bay,Republican,Donald Trump,14426,16.1
Dale,Republican,Donald Trump,4151,15.4
Gladwin,Republican,Donald Trump,1774,25.1
Jeff Davis,Republican,Donald Trump,1071,14.2
Orange,Republican,Donald Trump,2574,17.5
Scotland,Republican,Donald Trump,395,18.9
Meriwether,Democrat,Hillary Clinton,1463,18.6
Fredericksburg,Democrat,Hillary Clinton,1396,10.1
Aurora,Democrat,Hillary Clinton,150,19.7
Richland,Democrat,Bernie Sanders,1784,19.5
Greene,Democrat,Hillary Clinton,2714,17.9
Douglas,Republican,Donald Trump,23754,11.5
Clay,Democrat,Hillary Clinton,623,11.2
Forsyth,Democrat,Hillary Clinton,24446,14.4
Gilchrist,Republican,Donald Trump,1860,19.4
Bollinger,Republican,Donald Trump,1272,18.0
Mitchell,Democrat,Hillary Clinton,1338,14.9
Taylor,Democrat,Hillary Clinton,140,21.1
Otsego,Democrat,Bernie Sanders,2623,18.6
Jasper,Republican,Donald Trump,3903,15.8
Franklin,Democrat,Hillary Clinton,665,20.1
Caldwell,Republican,Donald Trump,780,18.9
Scott,Democrat,Hillary Clinton,2505,10.7
Miller,Republican,Donald Trump,2482,18.0
Winston,Democrat,Hillary Clinton,1442,17.4
Columbia,Democrat,Bernie Sanders,6455,16.2
Tulare,Republican,Donald Trump,15334,10.4
Gem,Republican,Ted Cruz,1391,21.4
Dodge,Republican,Donald Trump,1360,15.2
Clark,Republican,Donald Trump,10635,14.3
St. Louis County,Democrat,Hillary Clinton,89373,16.5
Little River,Democrat,Hillary Clinton,721,19.5
Alpena,Republican,Donald Trump,1885,21.5
Frio,Democrat,Hillary Clinton,1864,11.6
Tangipahoa,Democrat,Hillary Clinton,4267,12.8
Clarke,Democrat,Hillary Clinton,232,17.6
Kootenai,Republican,Ted Cruz,11924,17.0
Livingston,Republican,Donald Trump,15359,14.7
St. Mary's,Republican,Donald Trump,6576,12.0
Perry,Republican,Donald Trump,1642,16.6
San Diego,Democrat,Hillary Clinton,139813,12.7
Fayette,Democrat,Hillary Clinton,9184,19.4
DeKalb,Democrat,Hillary Clinton,82348,10.4
Choctaw,Democrat,Hillary Clinton,1772,20.8
Salt Lake,Democrat,Bernie Sanders,35610,9.6
