"county","party","candidate","votes","home_ownership"
St. Mary,Democrat,Hillary Clinton,1995,69.7
Hughes,Democrat,Bernie Sanders,873,76.9
Clark,Democrat,Bernie Sanders,1888,64.8
Fremont,Republican,Donald Trump,182,77.5
Boyd,Republican,Donald Trump,327,83.2
Stoddard,Republican,Donald Trump,3024,71.7
Jones,Republican,Donald Trump,2318,79.1
Logan,Democrat,Bernie Sanders,1131,71.2
Ingham,Democrat,Bernie Sanders,22909,59.3
Catoosa,Republican,Donald Trump,4449,72.6
Grant,Republican,Donald Trump,5992,69.7
Yavapai,Republican,Donald Trump,17005,70.0
Lancaster,Republican,Donald Trump,13251,60.1
Covington,Republican,Donald Trump,4608,75.1
Kent,Republican,Donald Trump,8294,72.3
Teton,Republican,Donald Trump,882,75.9
Hampton,Democrat,Hillary Clinton,1930,75.9
Union,Republican,Donald Trump,2169,72.8
Lee,Democrat,Hillary Clinton,3224,69.1
Carroll,Republican,Donald Trump,2421,78.8
Madison,Republican,Donald Trump,7540,70.3
Los Angeles,Democrat,Hillary Clinton,590502,46.9
Alcorn,Republican,Donald Trump,2901,71.1
White,Republican,Donald Trump,2715,74.3
Hooker,Republican,Donald Trump,119,85.4
Broadwater,Republican,Donald Trump,1001,80.7
Dawson,Republican,Donald Trump,2649,73.7
Morgan,Republican,Donald Trump,1976,80.1
Cedar,Republican,Ted Cruz,1404,70.9
Monroe,Republican,Donald Trump,805,73.8
Bourbon,Democrat,Hillary Clinton,1109,59.8
Allen,Democrat,Hillary Clinton,536,72.3
Hancock,Republican,Donald Trump,4147,75.3
Durham,Democrat,Hillary Clinton,35845,55.0
Moody,Democrat,Hillary Clinton,262,70.7
Camden,Democrat,Hillary Clinton,43720,68.3
Pike,Republican,Donald Trump,1930,84.2
Franklin,Republican,Donald Trump,1997,73.1
Shelby,Democrat,Hillary Clinton,66465,59.2
Madison,Republican,Donald Trump,1412,76.1
Monroe,Democrat,Hillary Clinton,37309,65.1
Charles,Democrat,Hillary Clinton,15132,79.4
Morrill,Republican,Donald Trump,695,66.5
Livingston,Republican,Donald Trump,4918,79.7
Oglala Lakota,Democrat,Bernie Sanders,574,52.5
Pinellas,Democrat,Hillary Clinton,63699,67.0
Iron,Republican,Donald Trump,800,72.3
Coal,Democrat,Bernie Sanders,456,72.9
Johnson,Republican,Donald Trump,3035,61.4
El Dorado,Republican,Donald Trump,17651,74.8
Atchison,Republican,Donald Trump,487,69.6
Bertie,Democrat,Hillary Clinton,2065,75.3
Dundy,Republican,Donald Trump,219,67.6
Eagle,Democrat,Bernie Sanders,623,66.0
Putnam,Republican,Donald Trump,5119,76.3
Lincoln,Democrat,Hillary Clinton,1692,54.7
Williamsburg,Democrat,Bernie Sanders,1197,44.7
Day,Democrat,Hillary Clinton,343,70.5
Hill,Republican,Donald Trump,1342,67.8
Richland,Democrat,Bernie Sanders,1784,75.1
Gallatin,Democrat,Bernie Sanders,663,78.3
Stark,Republican,Ted Cruz,448,82.0
Coweta,Republican,Donald Trump,9593,74.5
Des Moines,Democrat,Bernie Sanders,1066,73.1
Parke,Republican,Donald Trump,1996,83.8
Plaquemines,Republican,Donald Trump,705,74.5
Cass,Republican,Donald Trump,1811,79.2
Wayne,Republican,Ted Cruz,171,82.7
Garvin,Democrat,Bernie Sanders,1505,73.5
Deuel,Democrat,Hillary Clinton,162,85.0
Madison,Democrat,Hillary Clinton,4351,66.3
Bryan,Democrat,Bernie Sanders,1913,63.3
Colquitt,Republican,Donald Trump,2967,66.2
Monroe,Republican,Ted Cruz,195,75.5
Poinsett,Republican,Donald Trump,1036,62.5
Camden,Republican,Donald Trump,3065,63.1
Clarke,Democrat,Hillary Clinton,232,71.0
Crowley,Democrat,Bernie Sanders,16,79.6
Nance,Republican,Donald Trump,310,75.4
Genesee,Democrat,Hillary Clinton,31284,70.3
Montmorency,Republican,Donald Trump,1046,85.8
Colfax,Democrat,Hillary Clinton,949,67.9
Pierce,Democrat,Bernie Sanders,3199,73.7
Arlington,Democrat,Hillary Clinton,25561,45.2
Georgetown,Democrat,Hillary Clinton,4931,77.8
Chesterfield,Democrat,Hillary Clinton,2209,69.8
Marion,Democrat,Hillary Clinton,1162,76.9
Vernon,Democrat,Bernie Sanders,3476,78.7
Pitt,Democrat,Hillary Clinton,11856,54.4
Tompkins,Democrat,Bernie Sanders,9298,56.3
Gadsden,Democrat,Hillary Clinton,7446,71.2
Muscatine,Democrat,Bernie Sanders,972,74.9
Lincoln,Democrat,Hillary Clinton,20,68.3
Garland,Republican,Donald Trump,5538,68.6
Sanders,Republican,Donald Trump,1992,76.6
Edgefield,Democrat,Hillary Clinton,1474,78.2
Nicholas,Democrat,Bernie Sanders,420,74.1
Wabash,Republican,Donald Trump,977,78.7
Stone,Republican,Donald Trump,3928,78.6
Archuleta,Democrat,Bernie Sanders,156,73.7
Hillsborough,Democrat,Hillary Clinton,68936,60.0
Seminole,Democrat,Bernie Sanders,1194,73.9
Jim Wells,Democrat,Hillary Clinton,4688,72.7
Newaygo,Republican,Ted Cruz,3557,84.1
Linn,Democrat,Bernie Sanders,6331,73.0
Washington,Democrat,Hillary Clinton,1663,73.0
Yalobusha,Democrat,Hillary Clinton,1214,74.6
Gordon,Republican,Donald Trump,4339,66.8
Toole,Republican,Donald Trump,863,63.5
Jackson,Democrat,Hillary Clinton,2798,74.3
Blount,Republican,Donald Trump,7390,81.0
Del Norte,Republican,Donald Trump,1536,60.2
Ottawa,Democrat,Bernie Sanders,1238,72.8
Nash,Democrat,Hillary Clinton,8554,64.1
Benton,Republican,Marco Rubio,12863,68.6
Richmond City,Democrat,Hillary Clinton,21822,43.1
Stewart,Democrat,Hillary Clinton,460,63.3
Hancock,Democrat,Bernie Sanders,573,80.3
Jerome,Republican,Ted Cruz,1164,63.5
Volusia,Republican,Donald Trump,34167,72.0
Bibb,Republican,Donald Trump,1959,79.0
Caldwell,Democrat,Bernie Sanders,866,72.9
Custer,Republican,Donald Trump,1306,75.5
Ray,Republican,Donald Trump,1565,78.1
St. Mary's,Republican,Donald Trump,6576,72.9
Long,Republican,Donald Trump,633,62.2
Autauga,Republican,Donald Trump,5387,76.8
Decatur,Republican,Donald Trump,1525,64.3
Knox,Republican,Donald Trump,343,74.8
Pittsburg,Democrat,Bernie Sanders,3026,72.0
Berrien,Republican,Donald Trump,1563,76.8
Osceola,Republican,Donald Trump,1812,78.2
Cooper,Republican,Ted Cruz,1369,73.3
Craighead,Republican,Ted Cruz,4108,58.3
Broomfield,Democrat,Bernie Sanders,1010,68.3
Vermilion,Republican,Donald Trump,5021,70.6
Custer,Democrat,Bernie Sanders,45,80.6
Cerro Gordo,Democrat,Bernie Sanders,1108,71.6
Brantley,Republican,Donald Trump,1161,80.4
San Mateo,Democrat,Hillary Clinton,47358,59.4
Tuscaloosa,Democrat,Hillary Clinton,12136,64.4
Haskell,Democrat,Bernie Sanders,752,74.2
Covington,Democrat,Hillary Clinton,244,72.9
Garfield,Republican,Donald Trump,227,74.2
Franklin,Republican,Donald Trump,3487,79.4
Wetzel,Democrat,Bernie Sanders,1744,79.3
Elkhart,Republican,Ted Cruz,16204,71.6
Hall,Republican,Donald Trump,3818,65.3
Lee,Republican,Ted Cruz,5921,70.9
Sharkey,Democrat,Hillary Clinton,645,64.4
Perry,Republican,Donald Trump,676,84.9
Grant,Republican,Ted Cruz,1329,77.8
New Castle,Democrat,Hillary Clinton,38580,70.0
Iowa,Democrat,Hillary Clinton,357,79.7
Clay,Republican,Donald Trump,887,75.6
Monroe,Republican,Donald Trump,6030,61.7
Wolfe,Democrat,Bernie Sanders,499,71.9
Keya Paha,Republican,Donald Trump,203,81.4
Maverick,Democrat,Hillary Clinton,4342,71.1
Shelby,Republican,Donald Trump,579,71.0
Owen,Democrat,Bernie Sanders,720,74.7
Sanilac,Republican,Donald Trump,3279,80.8
St. Lucie,Republican,Donald Trump,18350,73.0
Bracken,Democrat,Bernie Sanders,424,78.3
Monroe,Republican,Donald Trump,2262,76.3
Lincoln,Republican,Donald Trump,2950,74.0
Willacy,Democrat,Hillary Clinton,2072,77.9
Jones,Democrat,Hillary Clinton,910,69.5
Lake,Democrat,Bernie Sanders,2704,62.7
Tuscola,Republican,Donald Trump,3750,81.7
Scott,Democrat,Bernie Sanders,4144,69.0
Henry,Republican,Donald Trump,1636,73.1
St. Joseph,Republican,Ted Cruz,2655,76.4
Calcasieu,Democrat,Hillary Clinton,6594,70.6
Oceana,Republican,Ted Cruz,1698,81.7
Valley,Republican,Donald Trump,1250,69.0
Mecosta,Republican,Donald Trump,2113,72.9
Kent,Democrat,Bernie Sanders,43375,70.1
Conejos,Democrat,Hillary Clinton,73,77.3
McLean,Democrat,Bernie Sanders,628,78.4
St. Charles,Republican,Donald Trump,30489,80.3
Cass,Republican,Ted Cruz,7671,77.6
Jones,Republican,Donald Trump,6388,73.5
Atkinson,Republican,Donald Trump,619,69.9
Pocahontas,Democrat,Hillary Clinton,198,79.4
Clark,Republican,Donald Trump,10635,71.6
Todd,Democrat,Bernie Sanders,524,46.5
Knox,Republican,Donald Trump,1285,64.4
Socorro,Democrat,Hillary Clinton,1050,71.9
Ouray,Democrat,Bernie Sanders,156,75.4
Monroe,Democrat,Bernie Sanders,15166,54.0
Dillon,Democrat,Hillary Clinton,1615,63.7
Will,Democrat,Bernie Sanders,46305,82.9
Little River,Democrat,Hillary Clinton,721,78.0
Stone,Republican,Donald Trump,993,78.3
Mora,Democrat,Hillary Clinton,986,86.9
Pima,Democrat,Hillary Clinton,56317,62.7
Travis,Democrat,Bernie Sanders,73889,51.8
Webster,Democrat,Bernie Sanders,837,78.0
Campbell,Democrat,Bernie Sanders,12,74.9
Sweet Grass,Republican,Donald Trump,707,73.0
Charlevoix,Republican,Donald Trump,1886,81.6
Walton,Republican,Donald Trump,6650,73.3
Bay,Republican,Donald Trump,14426,62.5
Washington,Democrat,Hillary Clinton,2982,54.8
Platte,Republican,Ted Cruz,5798,64.3
Marshall,Democrat,Bernie Sanders,738,79.3
Cortland,Democrat,Bernie Sanders,1878,65.9
Searcy,Republican,Donald Trump,939,77.5
Logan,Democrat,Bernie Sanders,3201,73.8
Lamar,Republican,Donald Trump,5197,65.8
Macon,Democrat,Hillary Clinton,977,66.5
Glynn,Republican,Donald Trump,5516,61.9
Clay,Democrat,Bernie Sanders,303,74.2
Crawford,Republican,Ted Cruz,3926,74.3
Assumption,Democrat,Hillary Clinton,1139,82.0
West Carroll,Republican,Ted Cruz,342,70.5
St. Johns,Republican,Donald Trump,24205,77.0
Guadalupe,Democrat,Hillary Clinton,399,80.2
Peoria,Democrat,Hillary Clinton,11341,65.5
Bent,Democrat,Hillary Clinton,26,63.5
Burlington,Democrat,Hillary Clinton,32712,77.8
Washington,Republican,Ted Cruz,783,76.3
Buffalo,Democrat,Hillary Clinton,110,37.3
Denver,Democrat,Bernie Sanders,14624,50.2
Jackson,Republican,Donald Trump,8113,73.1
Butler,Republican,Donald Trump,3652,65.9
Lafayette,Democrat,Hillary Clinton,443,72.7
Warren,Republican,Donald Trump,2722,79.4
Mendocino,Democrat,Bernie Sanders,4654,58.2
Niobrara,Democrat,Bernie Sanders,2,62.2
Latimer,Democrat,Bernie Sanders,852,69.3
Montgomery,Democrat,Bernie Sanders,5090,54.6
Ben Hill,Republican,Donald Trump,1020,64.4
Lee,Democrat,Hillary Clinton,929,73.9
Maries,Republican,Donald Trump,958,77.3
Santa Fe,Democrat,Hillary Clinton,16087,69.6
Hidalgo,Democrat,Hillary Clinton,515,66.4
Pitkin,Democrat,Bernie Sanders,421,68.7
Florence,Democrat,Hillary Clinton,9411,65.8
Perry,Democrat,Bernie Sanders,1666,71.8
Wayne,Republican,Donald Trump,2033,69.1
East Baton Rouge,Democrat,Hillary Clinton,32960,61.2
Loup,Republican,Donald Trump,101,71.7
Berrien,Republican,Donald Trump,7817,72.1
Oregon,Republican,Donald Trump,941,76.1
Otero,Democrat,Bernie Sanders,94,64.7
Howard,Democrat,Hillary Clinton,30873,73.9
Lawrence,Republican,Ted Cruz,4235,72.9
Jefferson,Democrat,Hillary Clinton,1671,75.5
Logan,Republican,Donald Trump,166,72.5
Power,Republican,Ted Cruz,421,70.8
Lawrence,Republican,Donald Trump,1201,80.0
Martinsville,Democrat,Hillary Clinton,834,53.7
Gladwin,Republican,Donald Trump,1774,84.5
Wake,Democrat,Hillary Clinton,77927,65.2
Van Buren,Democrat,Bernie Sanders,3656,78.0
Harlan,Democrat,Bernie Sanders,1092,69.8
Washita,Democrat,Bernie Sanders,700,70.7
McKinley,Democrat,Hillary Clinton,4761,72.6
Roscommon,Republican,Donald Trump,2257,81.1
Ottawa,Republican,Ted Cruz,23862,78.1
Taney,Republican,Donald Trump,5086,63.2
Cherokee,Republican,Donald Trump,2777,76.1
Gosper,Republican,Donald Trump,259,76.4
Mecklenburg,Democrat,Hillary Clinton,71265,59.5
Sandoval,Democrat,Hillary Clinton,7448,80.8
Amador,Republican,Donald Trump,3605,76.1
Marlboro,Democrat,Hillary Clinton,2132,66.1
Spencer,Democrat,Bernie Sanders,806,84.8
Harrison,Republican,Donald Trump,315,77.2
Allegan,Republican,Ted Cruz,7530,81.9
Webster,Democrat,Hillary Clinton,1878,69.2
Boone,Republican,Donald Trump,7023,76.8
Santa Cruz,Democrat,Hillary Clinton,2496,66.3
Canyon,Republican,Ted Cruz,11164,69.3
Inyo,Republican,Donald Trump,1414,64.1
Duval,Democrat,Hillary Clinton,2272,72.5
Sonoma,Democrat,Hillary Clinton,44923,60.1
LaRue,Democrat,Bernie Sanders,910,76.3
Cook,Republican,Donald Trump,1229,73.4
Jackson,Republican,Donald Trump,5463,75.2
Houston,Republican,Donald Trump,8171,64.6
Scott,Republican,Donald Trump,510,75.9
Columbia,Democrat,Bernie Sanders,6455,75.6
Valencia,Democrat,Hillary Clinton,3123,79.7
Adams,Republican,Donald Trump,5233,72.0
Silver Bow,Democrat,Hillary Clinton,4089,65.5
Claiborne,Democrat,Hillary Clinton,1411,80.0
Marion,Republican,Ted Cruz,2263,68.1
El Paso,Democrat,Bernie Sanders,4954,63.7
Brooke,Democrat,Bernie Sanders,1966,75.6
Kings,Republican,Donald Trump,7046,51.8
Menominee,Republican,Donald Trump,1304,80.8
Greene,Republican,Donald Trump,4491,78.4
Carroll,Democrat,Bernie Sanders,0,73.2
Bleckley,Republican,Donald Trump,935,71.3
Gunnison,Democrat,Bernie Sanders,481,59.1
Garfield,Republican,Donald Trump,357,76.3
Putnam,Republican,Donald Trump,1983,77.1
Wilcox,Democrat,Hillary Clinton,3337,74.5
Webster,Democrat,Bernie Sanders,1169,71.9
Concordia,Democrat,Hillary Clinton,1830,62.1
Kendall,Democrat,Bernie Sanders,7482,83.6
Henry,Republican,Ted Cruz,379,74.0
Spalding,Republican,Donald Trump,4257,63.1
Carter,Republican,Donald Trump,349,80.4
Adams,Democrat,Bernie Sanders,3279,65.6
Merrick,Republican,Donald Trump,775,72.7
Huntington,Republican,Donald Trump,4100,77.4
Lee,Republican,Donald Trump,3057,76.2
Guilford,Democrat,Hillary Clinton,37880,61.0
Jefferson,Democrat,Bernie Sanders,347,75.2
Clay,Republican,Donald Trump,19374,76.6
Allendale,Democrat,Hillary Clinton,1022,63.5
Lake,Democrat,Bernie Sanders,165,65.6
Dooly,Democrat,Hillary Clinton,737,66.7
Roosevelt,Republican,Donald Trump,712,58.9
Jefferson,Republican,Donald Trump,3281,72.7
Daniels,Republican,Donald Trump,340,75.2
Brewster,Democrat,Bernie Sanders,771,60.7
Red River,Democrat,Hillary Clinton,530,76.1
Sweetwater,Democrat,Bernie Sanders,12,71.5
Randolph,Democrat,Bernie Sanders,2492,75.2
Leflore,Democrat,Hillary Clinton,2094,50.7
Powell,Democrat,Bernie Sanders,744,66.8
St. Joseph,Republican,Donald Trump,19059,69.5
Livingston,Democrat,Bernie Sanders,610,81.2
Wilkinson,Democrat,Hillary Clinton,832,78.2
Lafourche,Republican,Donald Trump,2725,77.7
Shelby,Republican,Ted Cruz,2069,81.2
Moffat,Democrat,Bernie Sanders,28,75.9
Granite,Republican,Donald Trump,487,76.1
Delaware,Democrat,Bernie Sanders,1773,77.8
Coahoma,Democrat,Hillary Clinton,2301,53.3
Lumpkin,Republican,Donald Trump,2453,68.2
Logan,Democrat,Hillary Clinton,77,69.4
Barry,Republican,Ted Cruz,3189,75.9
Tallapoosa,Republican,Donald Trump,4658,72.2
Yolo,Democrat,Hillary Clinton,12567,52.9
Livingston,Republican,Donald Trump,15359,85.1
Lincoln,Democrat,Hillary Clinton,3,82.8
Otoe,Republican,Donald Trump,1255,73.1
Jefferson,Democrat,Bernie Sanders,654,71.9
Suffolk,Democrat,Hillary Clinton,7533,73.4
Karnes,Democrat,Hillary Clinton,719,72.3
Cumberland,Democrat,Hillary Clinton,22744,54.8
Greenwood,Democrat,Hillary Clinton,3588,66.0
Fayette,Democrat,Bernie Sanders,3585,76.7
Christian,Republican,Ted Cruz,10586,74.0
Neshoba,Republican,Donald Trump,2249,73.2
Whiteside,Democrat,Bernie Sanders,3102,75.6
Yankton,Democrat,Hillary Clinton,706,71.8
Alexander,Democrat,Hillary Clinton,770,65.8
Cumberland,Democrat,Hillary Clinton,6875,67.1
Coosa,Republican,Donald Trump,1233,83.0
Columbia,Republican,Donald Trump,4019,70.8
Polk,Democrat,Hillary Clinton,12122,69.2
Onondaga,Democrat,Hillary Clinton,20397,65.4
Johnson,Republican,Donald Trump,1383,81.3
Phillips,Democrat,Bernie Sanders,18,69.2
Goshen,Democrat,Hillary Clinton,3,75.7
Washtenaw,Democrat,Bernie Sanders,38063,60.8
Harrison,Republican,Donald Trump,4326,81.2
Randolph,Democrat,Hillary Clinton,690,71.2
Oneida,Republican,Ted Cruz,473,81.2
Essex,Democrat,Bernie Sanders,1932,72.4
Crawford,Democrat,Bernie Sanders,1582,74.9
Morgan,Republican,Donald Trump,1656,77.1
Anderson,Democrat,Bernie Sanders,1649,74.5
Desha,Democrat,Hillary Clinton,1342,55.9
Baltimore,Democrat,Hillary Clinton,73099,66.5
Eaton,Democrat,Bernie Sanders,7007,72.6
Wexford,Republican,Donald Trump,2578,76.8
Siskiyou,Republican,Donald Trump,3573,62.7
Greensville,Democrat,Hillary Clinton,832,75.8
Iberville,Democrat,Hillary Clinton,3699,77.1
Montgomery,Republican,Donald Trump,1192,75.3
Highlands,Republican,Donald Trump,7480,77.9
Iberia,Democrat,Hillary Clinton,2171,71.4
Cherry,Republican,Donald Trump,1220,67.0
LeFlore,Democrat,Bernie Sanders,2283,74.1
Audubon,Democrat,Hillary Clinton,187,80.4
Sunflower,Democrat,Hillary Clinton,2332,58.6
Poweshiek,Democrat,Bernie Sanders,475,72.9
Yell,Republican,Donald Trump,911,66.4
McCreary,Republican,Donald Trump,725,67.9
Lee,Democrat,Hillary Clinton,2207,73.2
Shoshone,Republican,Donald Trump,632,68.4
Dallas,Republican,Donald Trump,1672,80.3
Lake,Republican,Donald Trump,2927,69.1
Issaquena,Democrat,Hillary Clinton,175,67.5
Conway,Democrat,Hillary Clinton,1755,74.0
Mercer,Republican,Donald Trump,455,77.7
LaSalle,Republican,Donald Trump,577,83.2
Jackson,Democrat,Hillary Clinton,450,76.2
Robeson,Democrat,Hillary Clinton,8457,64.9
Cheyenne,Republican,Donald Trump,1130,66.7
Union,Republican,Donald Trump,875,76.1
Jackson,Republican,Donald Trump,711,67.2
Westchester,Democrat,Hillary Clinton,69628,61.9
Monroe,Republican,Donald Trump,698,75.9
Bremer,Democrat,Hillary Clinton,640,81.3
St. Helena,Democrat,Hillary Clinton,1407,82.2
Sedgwick,Democrat,Hillary Clinton,13,68.6
Benton,Republican,Donald Trump,1175,74.4
Caswell,Democrat,Hillary Clinton,1701,71.8
Wayne,Republican,Donald Trump,805,72.5
Montgomery,Republican,Donald Trump,2269,75.3
Hitchcock,Republican,Donald Trump,305,73.3
Bienville,Democrat,Hillary Clinton,1056,71.6
Marengo,Democrat,Hillary Clinton,3590,71.3
Breckinridge,Democrat,Hillary Clinton,877,80.0
Marion,Republican,Donald Trump,473,71.8
Cedar,Democrat,Bernie Sanders,445,78.8
Manassas,Democrat,Hillary Clinton,1812,65.2
Dallas,Republican,Marco Rubio,2469,77.4
Limestone,Republican,Donald Trump,8198,76.6
Haywood,Democrat,Hillary Clinton,1197,60.8
Emmet,Democrat,Hillary Clinton,168,79.8
Contra Costa,Democrat,Hillary Clinton,69809,65.9
Yancey,Democrat,Bernie Sanders,1386,76.9
Lyon,Republican,Ted Cruz,432,82.3
Hampton,Democrat,Hillary Clinton,13529,60.1
Adair,Democrat,Hillary Clinton,168,77.1
Humphreys,Democrat,Hillary Clinton,2894,54.3
Kimball,Republican,Donald Trump,439,66.1
Pierce,Republican,Donald Trump,1345,73.3
Cibola,Democrat,Hillary Clinton,1586,72.4
Quitman,Democrat,Hillary Clinton,193,77.3
Fergus,Republican,Donald Trump,1975,74.4
Orangeburg,Democrat,Hillary Clinton,11819,68.2
Wabash,Republican,Donald Trump,3932,76.2
Clarke,Democrat,Hillary Clinton,7089,43.9
Terrebonne,Republican,Donald Trump,3454,74.4
Adams,Democrat,Hillary Clinton,3013,68.0
Metcalfe,Democrat,Bernie Sanders,582,78.2
Shelby,Democrat,Hillary Clinton,2195,70.8
Sutter,Republican,Donald Trump,4697,59.6
Mariposa,Republican,Donald Trump,1940,71.6
Dickinson,Republican,Donald Trump,1708,81.2
Pushmataha,Democrat,Bernie Sanders,667,74.1
Keokuk,Democrat,Hillary Clinton,250,80.6
Monona,Republican,Ted Cruz,185,70.7
Plumas,Republican,Donald Trump,2588,69.7
Ida,Republican,Donald Trump,136,73.3
DeKalb,Republican,Donald Trump,800,65.2
La Paz,Republican,Donald Trump,940,74.0
Ballard,Democrat,Bernie Sanders,659,81.6
Appanoose,Republican,Donald Trump,292,72.5
Pope,Republican,Donald Trump,507,81.1
Sullivan,Republican,Donald Trump,510,69.2
Douglas,Republican,Donald Trump,23754,62.7
Prince George,Democrat,Hillary Clinton,1992,71.9
Ware,Republican,Donald Trump,1998,65.3
Dade,Republican,Donald Trump,1151,77.8
Meade,Democrat,Bernie Sanders,1541,71.8
McCurtain,Democrat,Bernie Sanders,1314,68.1
Polk,Republican,Donald Trump,33187,70.5
DeSoto,Republican,Donald Trump,1445,71.8
Chester,Democrat,Hillary Clinton,1962,75.6
Pottawatomie,Democrat,Bernie Sanders,3400,71.9
Marshall,Republican,Ted Cruz,1095,82.0
Ashley,Democrat,Hillary Clinton,1375,75.6
Vance,Democrat,Hillary Clinton,4561,62.5
Warrick,Republican,Donald Trump,7450,83.3
Elliott,Democrat,Bernie Sanders,443,79.0
Polk,Republican,Donald Trump,1895,77.0
Fulton,Democrat,Hillary Clinton,82576,53.9
Queens,Democrat,Hillary Clinton,122386,44.2
San Bernardino,Democrat,Hillary Clinton,71246,61.9
Las Animas,Democrat,Bernie Sanders,106,69.4
Washington,Democrat,Bernie Sanders,12,73.3
Harrison,Republican,Donald Trump,755,74.3
Colbert,Democrat,Hillary Clinton,3879,72.1
Warren,Democrat,Bernie Sanders,5365,60.2
Marion,Democrat,Hillary Clinton,59649,55.8
Pueblo,Democrat,Hillary Clinton,1260,65.7
Dawson,Republican,Donald Trump,1685,70.3
Mingo,Democrat,Bernie Sanders,2425,77.7
Leake,Democrat,Hillary Clinton,1614,75.5
Cotton,Democrat,Bernie Sanders,388,74.4
Dade,Republican,Ted Cruz,997,77.1
Copiah,Democrat,Hillary Clinton,3373,76.3
Scott,Democrat,Hillary Clinton,2505,72.0
Weld,Democrat,Bernie Sanders,1647,70.1
Solano,Democrat,Hillary Clinton,31753,61.7
San Miguel,Democrat,Hillary Clinton,3418,69.5
Marshall,Republican,Donald Trump,4755,77.9
Jenkins,Republican,Donald Trump,513,69.6
Frio,Democrat,Hillary Clinton,1864,65.8
Kiowa,Democrat,Bernie Sanders,514,68.0
Lewis,Republican,Donald Trump,522,79.3
Conecuh,Democrat,Hillary Clinton,2031,79.1
Flathead,Republican,Donald Trump,10642,71.0
Fayette,Republican,Donald Trump,2744,72.0
Franklin,Democrat,Bernie Sanders,5398,62.3
Wayne,Republican,Donald Trump,1376,75.1
Camas,Republican,Donald Trump,130,67.7
Falls Church,Democrat,Hillary Clinton,1587,59.4
Fountain,Republican,Donald Trump,2742,76.5
Jackson,Republican,Donald Trump,9934,70.8
Valley,Republican,Donald Trump,575,77.8
Fayette,Republican,Donald Trump,1933,80.5
Corson,Democrat,Bernie Sanders,148,52.9
Monroe,Democrat,Hillary Clinton,1191,79.0
Forrest,Republican,Donald Trump,4267,56.5
Humboldt,Republican,Donald Trump,204,76.7
Bernalillo,Democrat,Bernie Sanders,38247,63.2
Madison,Republican,Donald Trump,916,76.1
Ashland,Democrat,Bernie Sanders,2304,70.9
St. Clair,Democrat,Hillary Clinton,20987,67.2
Polk,Republican,Donald Trump,3360,70.8
Casey,Republican,Donald Trump,1029,80.8
Payette,Republican,Ted Cruz,1364,74.6
Woodbury,Democrat,Bernie Sanders,1920,67.7
Massac,Republican,Donald Trump,1341,75.6
Pope,Republican,Donald Trump,3073,69.8
Chouteau,Republican,Donald Trump,865,62.3
Oakland,Democrat,Hillary Clinton,92296,71.5
Boulder,Democrat,Bernie Sanders,11142,63.1
St. Charles,Democrat,Hillary Clinton,2245,80.8
Lafayette,Democrat,Bernie Sanders,1330,78.1
Buchanan,Democrat,Hillary Clinton,525,78.1
Franklin,Republican,Donald Trump,761,79.6
Erie,Democrat,Hillary Clinton,50199,65.3
Izard,Republican,Donald Trump,873,78.0
Randolph,Republican,Donald Trump,2352,72.3
Calhoun,Democrat,Bernie Sanders,503,81.5
Deuel,Republican,Donald Trump,274,77.7
Montgomery,Republican,Donald Trump,672,79.8
Clinton,Republican,Donald Trump,3252,72.1
White,Republican,Ted Cruz,4395,68.4
Okaloosa,Republican,Donald Trump,17770,66.1
Presque Isle,Republican,Donald Trump,916,87.5
Calhoun,Democrat,Hillary Clinton,1536,80.1
Oscoda,Republican,Donald Trump,705,85.3
Boone,Democrat,Hillary Clinton,2932,75.5
St. James,Democrat,Hillary Clinton,2114,81.5
Johnson,Democrat,Hillary Clinton,1,74.1
Kern,Republican,Donald Trump,33838,58.0
Hardeman,Democrat,Hillary Clinton,1721,70.2
Hot Springs,Democrat,Hillary Clinton,1,70.4
Kossuth,Democrat,Hillary Clinton,360,80.5
Douglas,Republican,Ted Cruz,1764,78.3
Jim Hogg,Democrat,Hillary Clinton,1421,76.7
Lincoln,Democrat,Hillary Clinton,779,75.6
Carter,Republican,Donald Trump,623,73.6
Bartow,Republican,Donald Trump,8281,67.7
Dodge,Republican,Donald Trump,1360,65.7
Barry,Republican,Donald Trump,3478,83.5
Morehouse,Democrat,Hillary Clinton,1513,66.7
Toombs,Republican,Donald Trump,1513,62.4
Norfolk,Democrat,Hillary Clinton,15747,44.5
Clackamas,Democrat,Bernie Sanders,27969,68.8
Marshall,Democrat,Hillary Clinton,287,73.0
Taylor,Republican,Donald Trump,1203,78.1
Sampson,Democrat,Hillary Clinton,3790,69.2
Benton,Democrat,Hillary Clinton,672,80.4
Twiggs,Democrat,Hillary Clinton,818,80.0
Randolph,Republican,Donald Trump,1917,76.0
Tift,Republican,Donald Trump,2697,61.1
Saginaw,Democrat,Hillary Clinton,12348,72.7
Webb,Democrat,Hillary Clinton,18559,64.0
Ontonagon,Republican,Donald Trump,519,85.8
Habersham,Republican,Donald Trump,3289,76.3
Covington,Republican,Donald Trump,1724,83.0
Tyrrell,Democrat,Hillary Clinton,266,75.4
Kent,Democrat,Hillary Clinton,1460,71.4
St. Clair,Republican,Donald Trump,11995,76.8
Virginia Beach,Democrat,Hillary Clinton,22352,64.2
Dimmit,Democrat,Hillary Clinton,1804,69.8
Caddo,Democrat,Bernie Sanders,1543,70.8
Crawford,Republican,Ted Cruz,226,75.9
Hernando,Republican,Donald Trump,15479,79.3
Golden Valley,Republican,Donald Trump,203,79.3
Boone,Democrat,Bernie Sanders,15076,57.1
Faulkner,Republican,Ted Cruz,6228,65.2
McCone,Republican,Donald Trump,410,77.2
Clark,Republican,Donald Trump,1484,75.6
Chickasaw,Democrat,Hillary Clinton,1398,73.2
Brooks,Republican,Donald Trump,1009,67.6
Grant,Republican,Donald Trump,722,78.0
Love,Democrat,Bernie Sanders,502,75.8
Jackson,Republican,Donald Trump,5484,77.1
Washington,Democrat,Hillary Clinton,1741,72.5
Sac,Republican,Donald Trump,212,81.4
Lee,Republican,Donald Trump,2153,73.9
St. Bernard,Democrat,Hillary Clinton,1057,69.2
Gilpin,Democrat,Bernie Sanders,173,75.5
Harlan,Republican,Donald Trump,436,77.9
Hardee,Republican,Donald Trump,1113,70.5
Queen Anne's,Republican,Donald Trump,5195,84.5
Centre,Democrat,Bernie Sanders,10269,59.6
Bonneville,Republican,Ted Cruz,7794,73.0
Plymouth,Republican,Donald Trump,618,79.3
Rio Arriba,Democrat,Hillary Clinton,4915,79.2
Butler,Republican,Donald Trump,564,74.5
Marshall,Republican,Donald Trump,9115,71.9
Santa Clara,Democrat,Hillary Clinton,109963,57.5
Franklin,Democrat,Hillary Clinton,650,69.8
Kemper,Democrat,Hillary Clinton,1008,76.1
Teller,Democrat,Bernie Sanders,219,81.4
Garden,Republican,Donald Trump,372,77.6
Grant,Democrat,Bernie Sanders,4484,71.8
Randolph,Republican,Donald Trump,735,75.3
Magoffin,Democrat,Bernie Sanders,626,78.6
Liberty,Democrat,Bernie Sanders,392,78.7
Wayne,Republican,Donald Trump,2075,79.1
Alger,Democrat,Bernie Sanders,622,84.9
Manassas Park,Democrat,Hillary Clinton,581,63.7
Mineral,Republican,Donald Trump,638,70.9
Montgomery,Democrat,Bernie Sanders,192,71.8
Saguache,Democrat,Bernie Sanders,219,66.9
Mason,Republican,Donald Trump,896,77.4
Baker,Republican,Donald Trump,2163,79.7
Shiawassee,Democrat,Bernie Sanders,4452,77.3
Pasquotank,Democrat,Hillary Clinton,2471,63.7
Bath,Democrat,Bernie Sanders,641,79.0
Bollinger,Republican,Donald Trump,1272,80.7
Avoyelles,Democrat,Hillary Clinton,1181,70.1
Sevier,Republican,Donald Trump,593,69.6
New Madrid,Republican,Donald Trump,1376,62.2
Somerset,Republican,Donald Trump,1686,68.1
Talbot,Democrat,Hillary Clinton,852,75.9
Pike,Republican,Donald Trump,2493,57.8
Union,Democrat,Bernie Sanders,1106,73.7
Dolores,Democrat,Bernie Sanders,22,80.8
Carroll,Democrat,Hillary Clinton,0,73.2
Dubois,Republican,Donald Trump,4692,78.2
Bates,Republican,Donald Trump,1306,73.8
Laramie,Democrat,Hillary Clinton,26,68.2
Boone,Democrat,Bernie Sanders,715,75.6
Madison,Republican,Ted Cruz,4079,49.1
Prince George's,Democrat,Hillary Clinton,113912,62.5
Decatur,Republican,Ted Cruz,173,70.1
Midland,Republican,Ted Cruz,4720,75.4
Acadia,Democrat,Hillary Clinton,1862,70.3
Ford,Republican,Ted Cruz,1281,76.6
Big Horn,Democrat,Bernie Sanders,2,75.7
McDuffie,Republican,Donald Trump,1288,66.0
Sangamon,Republican,Ted Cruz,12261,70.0
Miner,Democrat,Hillary Clinton,109,76.6
Glenn,Republican,Donald Trump,1699,63.1
Stephenson,Republican,Ted Cruz,3038,71.8
Cedar,Republican,Donald Trump,775,81.2
Pemiscot,Republican,Donald Trump,1155,54.9
Frontier,Republican,Donald Trump,315,74.5
Costilla,Democrat,Hillary Clinton,64,79.6
El Paso,Democrat,Hillary Clinton,36067,61.7
Wasco,Democrat,Bernie Sanders,1795,64.9
Carroll,Republican,Ben Carson,0,73.2
Logan,Republican,Ted Cruz,2361,69.0
Mercer,Democrat,Bernie Sanders,1331,74.9
Jersey,Republican,Donald Trump,1902,79.9
Bullitt,Democrat,Bernie Sanders,3210,82.2
Pulaski,Republican,Donald Trump,436,78.1
Kankakee,Republican,Donald Trump,6403,68.9
Okfuskee,Democrat,Bernie Sanders,596,73.6
Rock Island,Democrat,Hillary Clinton,10216,70.2
Bureau,Republican,Donald Trump,2185,75.7
Salt Lake,Democrat,Bernie Sanders,35610,67.3
Crenshaw,Republican,Donald Trump,1496,69.9
Washington,Republican,Donald Trump,1666,76.3
Crawford,Republican,Donald Trump,1508,79.9
Branch,Republican,Donald Trump,2455,78.0
Hamilton,Republican,Donald Trump,766,76.7
Greene,Democrat,Hillary Clinton,1643,69.6
Fresno,Republican,Donald Trump,37672,53.8
Chickasaw,Democrat,Hillary Clinton,360,80.1
Gentry,Republican,Donald Trump,435,72.2
Walton,Republican,Donald Trump,7910,75.1
Brevard,Republican,Donald Trump,45483,73.5
Summit,Democrat,Bernie Sanders,419,65.9
Mississippi,Republican,Donald Trump,970,63.9
Jennings,Republican,Donald Trump,3361,75.9
Garfield,Democrat,Bernie Sanders,734,64.8
Appling,Republican,Donald Trump,1290,69.6
Crisp,Republican,Donald Trump,1204,59.8
Missoula,Democrat,Bernie Sanders,13271,58.8
Twin Falls,Republican,Ted Cruz,4717,66.8
Pike,Democrat,Bernie Sanders,4848,73.1
Guthrie,Democrat,Hillary Clinton,220,80.4
Warren,Democrat,Hillary Clinton,2827,70.6
Trimble,Democrat,Bernie Sanders,542,77.1
Van Buren,Republican,Donald Trump,1198,78.1
Crook,Democrat,Bernie Sanders,1,77.4
Fannin,Republican,Donald Trump,3001,78.2
Lexington,Democrat,Hillary Clinton,402,55.5
Madison,Democrat,Bernie Sanders,4385,60.5
Hertford,Democrat,Hillary Clinton,2926,63.1
Yuma,Democrat,Hillary Clinton,45,67.4
Pasco,Republican,Donald Trump,33536,76.5
Washington,Republican,Donald Trump,11970,64.9
Whitfield,Republican,Donald Trump,5945,65.7
Davidson,Democrat,Hillary Clinton,43691,54.7
Anson,Democrat,Hillary Clinton,2307,68.6
Phelps,Republican,Donald Trump,3425,61.3
Lauderdale,Republican,Donald Trump,7502,69.9
Charlton,Republican,Donald Trump,602,77.9
Mobile,Democrat,Hillary Clinton,28927,66.6
Alamosa,Democrat,Bernie Sanders,167,61.5
Bossier,Republican,Ted Cruz,4988,67.0
Clay,Republican,Donald Trump,3615,76.2
Lawrence,Democrat,Hillary Clinton,933,70.7
Seminole,Republican,Donald Trump,25763,70.5
Garrard,Republican,Donald Trump,581,79.0
Sublette,Democrat,Bernie Sanders,3,74.4
Fairfax City,Democrat,Hillary Clinton,1840,68.4
Muscogee,Democrat,Hillary Clinton,12801,52.6
Calhoun,Democrat,Bernie Sanders,803,79.4
Champaign,Democrat,Bernie Sanders,20581,54.9
Todd,Democrat,Bernie Sanders,507,72.6
Ozark,Republican,Donald Trump,1099,79.1
Loudoun,Democrat,Hillary Clinton,21171,77.7
Washington,Democrat,Hillary Clinton,1374,72.3
Madison,Republican,Donald Trump,2460,73.3
Grant,Democrat,Hillary Clinton,2272,76.9
St. Landry,Democrat,Hillary Clinton,4606,70.0
Saline,Republican,Ted Cruz,7507,77.7
Somerset,Democrat,Hillary Clinton,19667,78.0
Ohio,Democrat,Bernie Sanders,943,80.8
Southampton,Democrat,Hillary Clinton,1199,71.8
Prentiss,Republican,Donald Trump,1597,72.8
Clayton,Democrat,Hillary Clinton,25130,55.3
Cuming,Republican,Donald Trump,783,70.6
St. Clair,Republican,Donald Trump,962,77.6
Calhoun,Democrat,Bernie Sanders,545,79.0
Mayes,Democrat,Bernie Sanders,2144,75.2
Sioux,Republican,Ted Cruz,1524,80.0
Sumter,Republican,Donald Trump,17769,90.2
Brown,Republican,Donald Trump,2202,83.0
Sauk,Democrat,Bernie Sanders,7195,70.1
Taylor,Republican,Donald Trump,550,69.3
Montgomery,Democrat,Hillary Clinton,953,74.5
DuPage,Democrat,Bernie Sanders,65159,74.4
Washington,Republican,Donald Trump,1370,80.6
Mason,Republican,Donald Trump,1785,74.1
Independence,Republican,Donald Trump,2077,70.6
Richmond,Democrat,Hillary Clinton,333,74.9
Schenectady,Democrat,Bernie Sanders,6862,67.2
Middlesex,Democrat,Hillary Clinton,47978,66.2
Dougherty,Democrat,Hillary Clinton,8891,47.3
Brooklyn,Democrat,Hillary Clinton,174236,29.8
Shelby,Republican,Donald Trump,18260,79.0
Elmore,Republican,Donald Trump,8525,75.5
Burt,Republican,Donald Trump,603,76.6
East Carroll,Democrat,Hillary Clinton,508,56.2
West Feliciana,Democrat,Hillary Clinton,902,73.7
Crockett,Democrat,Hillary Clinton,266,69.2
Bond,Republican,Donald Trump,1102,74.7
Fayette,Republican,Donald Trump,2479,74.9
Dunn,Democrat,Bernie Sanders,4272,68.1
Manistee,Democrat,Bernie Sanders,1646,79.1
Macon,Republican,Donald Trump,6655,69.2
DeKalb,Democrat,Bernie Sanders,8315,60.2
Wayne,Democrat,Bernie Sanders,2898,78.0
Henderson,Democrat,Hillary Clinton,2887,68.0
Gasconade,Republican,Donald Trump,1429,77.2
Bullock,Democrat,Hillary Clinton,2451,74.3
Garrett,Republican,Donald Trump,3564,75.5
Kershaw,Democrat,Hillary Clinton,3743,76.1
Hopewell,Democrat,Hillary Clinton,1177,50.4
Vigo,Republican,Donald Trump,8539,63.9
Perry,Republican,Donald Trump,1461,76.7
Mitchell,Democrat,Hillary Clinton,1338,65.3
Wheatland,Republican,Donald Trump,380,71.5
Buncombe,Democrat,Bernie Sanders,30913,64.5
Jefferson,Republican,Donald Trump,17781,82.6
Louisa,Republican,Donald Trump,261,78.6
Bryan,Republican,Donald Trump,2214,70.2
Jefferson,Republican,Donald Trump,3077,72.6
Door,Democrat,Bernie Sanders,3417,78.2
Otsego,Democrat,Bernie Sanders,2623,73.3
Nez Perce,Republican,Ted Cruz,1583,69.3
Leslie,Republican,Donald Trump,503,77.8
Baldwin,Democrat,Hillary Clinton,3034,57.2
Nueces,Democrat,Hillary Clinton,15662,58.6
Laurel,Republican,Donald Trump,2313,71.3
McCracken,Democrat,Bernie Sanders,3541,68.1
Baldwin,Republican,Donald Trump,23618,72.6
Shasta,Republican,Donald Trump,14822,64.2
Fayette,Democrat,Hillary Clinton,525,77.6
Dodge,Republican,Donald Trump,2760,68.0
Charlotte,Republican,Donald Trump,16525,79.0
Radford,Democrat,Bernie Sanders,655,46.2
Gates,Democrat,Hillary Clinton,749,79.6
Floyd,Republican,Donald Trump,7456,71.8
McDowell,Democrat,Bernie Sanders,1453,77.4
Lenoir,Democrat,Hillary Clinton,4731,60.1
Douglas,Democrat,Bernie Sanders,2347,80.9
Payne,Democrat,Bernie Sanders,3829,50.9
Banks,Republican,Donald Trump,1806,77.3
Butler,Democrat,Hillary Clinton,2196,70.3
Mercer,Democrat,Hillary Clinton,29505,65.8
Effingham,Republican,Ted Cruz,3448,78.3
Laurens,Republican,Donald Trump,3088,65.7
Cumberland,Republican,Donald Trump,1081,80.8
Alpine,Democrat,Bernie Sanders,129,81.5
Carroll,Republican,Donald Trump,1268,76.5
Montgomery,Republican,Donald Trump,4412,72.2
Ada,Republican,Ted Cruz,20156,68.1
Roanoke City,Democrat,Hillary Clinton,4783,54.8
Clear Creek,Democrat,Bernie Sanders,199,81.3
Escambia,Republican,Donald Trump,2817,72.5
Delaware,Democrat,Hillary Clinton,44775,70.6
Estill,Democrat,Hillary Clinton,446,69.7
Sabine,Republican,Ted Cruz,728,76.6
Scotland,Republican,Donald Trump,395,78.9
Madison,Democrat,Hillary Clinton,1542,75.8
Martin,Republican,Donald Trump,586,66.0
Coffee,Republican,Donald Trump,4304,69.9
Van Buren,Republican,Ted Cruz,196,85.8
Putnam,Republican,Donald Trump,565,74.6
Nuckolls,Republican,Donald Trump,446,76.1
Tate,Republican,Ted Cruz,2034,74.5
Albany,Democrat,Bernie Sanders,20422,59.3
Lee,Republican,Donald Trump,51659,70.8
Stephens,Republican,Donald Trump,1726,74.7
Staunton,Democrat,Bernie Sanders,1364,57.7
Liberty,Democrat,Hillary Clinton,2783,51.1
Lafayette,Republican,Donald Trump,2518,74.5
Calhoun,Republican,Donald Trump,8960,68.7
Webster,Republican,Donald Trump,191,79.7
Knox,Republican,Donald Trump,4918,67.4
Jeff Davis,Democrat,Hillary Clinton,1806,78.8
Lake,Democrat,Hillary Clinton,43091,69.6
Caddo,Democrat,Hillary Clinton,16666,62.2
Prowers,Democrat,Hillary Clinton,40,65.8
Thomas,Republican,Donald Trump,2649,56.5
Gilmer,Republican,Donald Trump,3314,73.4
Talladega,Republican,Donald Trump,6304,71.2
Greene,Republican,Ted Cruz,26784,59.3
DeWitt,Republican,Donald Trump,1577,77.0
Lapeer,Republican,Donald Trump,7446,83.1
Summit,Democrat,Bernie Sanders,1645,74.4
Jackson,Democrat,Hillary Clinton,827,66.7
Greene,Republican,Donald Trump,2103,63.3
Clark,Democrat,Hillary Clinton,1650,63.5
Navajo,Democrat,Hillary Clinton,4415,72.0
Ste. Genevieve,Republican,Donald Trump,1080,82.2
Knott,Democrat,Bernie Sanders,1114,80.0
Brookings,Democrat,Hillary Clinton,955,58.0
Johnson,Republican,Donald Trump,1338,66.2
Pike,Republican,Donald Trump,511,73.1
Cascade,Republican,Donald Trump,8129,65.6
Brooks,Democrat,Hillary Clinton,1603,69.3
Cass,Republican,Donald Trump,2859,83.6
Newton,Republican,Donald Trump,1073,82.5
Kearney,Republican,Donald Trump,614,73.3
Howard,Republican,Donald Trump,8475,70.5
Montgomery,Democrat,Hillary Clinton,109304,67.3
Johnson,Republican,Donald Trump,684,78.9
Hot Springs,Democrat,Bernie Sanders,1,70.4
Cameron,Republican,Donald Trump,216,90.0
Lauderdale,Republican,Donald Trump,4740,66.1
Webster,Democrat,Hillary Clinton,866,68.5
Macon,Democrat,Hillary Clinton,4293,65.7
Idaho County,Republican,Donald Trump,1668,78.2
Marion,Republican,Ted Cruz,1011,75.8
Bartholomew,Republican,Donald Trump,7918,70.9
Fairfax,Democrat,Hillary Clinton,86898,69.0
Newton,Democrat,Hillary Clinton,7269,73.5
Campbell,Democrat,Hillary Clinton,3169,70.0
Adair,Republican,Donald Trump,1404,60.2
Alpena,Republican,Donald Trump,1885,77.6
Powder River,Republican,Donald Trump,516,69.9
La Crosse,Democrat,Bernie Sanders,15139,65.0
Halifax,Democrat,Hillary Clinton,6224,61.8
Crawford,Republican,Donald Trump,1108,82.1
Lucas,Republican,Ted Cruz,213,77.5
Glascock,Republican,Donald Trump,405,70.8
Escambia,Republican,Donald Trump,20856,64.1
Franklin,Democrat,Hillary Clinton,226,73.7
Bannock,Republican,Ted Cruz,4404,68.8
Wicomico,Republican,Donald Trump,6998,63.0
Jasper,Republican,Donald Trump,3903,79.6
Cuyahoga,Democrat,Hillary Clinton,125914,60.9
Mecklenburg,Democrat,Hillary Clinton,1588,73.4
Lyon,Democrat,Bernie Sanders,561,78.3
Hale,Democrat,Hillary Clinton,2426,78.0
Blaine,Republican,Donald Trump,465,65.4
Sequoyah,Democrat,Bernie Sanders,1872,71.5
Musselshell,Republican,Donald Trump,1032,78.5
Warren,Democrat,Hillary Clinton,3463,64.9
Schuyler,Republican,Donald Trump,428,71.0
Jefferson,Democrat,Hillary Clinton,1550,71.5
Daviess,Democrat,Bernie Sanders,5188,70.2
Cross,Republican,Donald Trump,972,65.4
Richland,Republican,Donald Trump,1469,74.9
Lewis,Republican,Donald Trump,286,74.1
Maricopa,Republican,Donald Trump,144522,62.5
Zapata,Democrat,Hillary Clinton,1969,79.1
Harmon,Democrat,Bernie Sanders,167,65.0
Nodaway,Republican,Donald Trump,1268,55.9
Deer Lodge,Democrat,Hillary Clinton,986,72.7
Treasure,Republican,Donald Trump,143,70.2
Knox,Republican,Donald Trump,642,72.6
Dallas,Democrat,Hillary Clinton,693,66.4
Clarke,Democrat,Hillary Clinton,3148,72.9
Danville,Democrat,Hillary Clinton,2676,54.4
Marshall,Democrat,Hillary Clinton,3361,79.5
Isabella,Democrat,Bernie Sanders,4024,58.7
Scott,Democrat,Hillary Clinton,2013,75.7
Gallatin,Republican,Donald Trump,8313,61.8
Ouachita,Democrat,Hillary Clinton,2095,66.3
Powell,Republican,Donald Trump,818,71.5
Sheridan,Democrat,Hillary Clinton,7,69.3
Clinch,Republican,Donald Trump,412,68.7
Manhattan,Democrat,Hillary Clinton,177496,22.8
Dixie,Republican,Donald Trump,1103,78.5
Mackinac,Republican,Donald Trump,856,76.8
Gloucester,Democrat,Hillary Clinton,17954,80.3
Worth,Republican,Donald Trump,224,76.3
Hall,Republican,Donald Trump,12536,67.8
Missaukee,Republican,Donald Trump,1221,80.8
Suwannee,Republican,Donald Trump,2844,72.2
Person,Democrat,Hillary Clinton,2954,71.9
Clark,Republican,Donald Trump,545,76.8
Sebastian,Republican,Donald Trump,6030,62.8
Starr,Democrat,Hillary Clinton,6918,78.3
Nelson,Democrat,Hillary Clinton,2395,75.4
Kosciusko,Republican,Donald Trump,8748,77.7
Greene,Democrat,Hillary Clinton,2714,73.2
Pike,Republican,Donald Trump,1649,83.1
Keweenaw,Democrat,Bernie Sanders,188,85.9
Union,Republican,Donald Trump,1332,75.7
Nevada,Democrat,Bernie Sanders,8472,72.6
Jasper,Democrat,Hillary Clinton,1976,79.3
Gooding,Republican,Ted Cruz,863,70.5
Carroll,Republican,Donald Trump,1004,80.3
Delaware,Republican,Donald Trump,8793,63.8
Hickman,Democrat,Bernie Sanders,300,79.4
Sussex,Democrat,Hillary Clinton,958,70.2
Jefferson,Democrat,Hillary Clinton,67357,64.7
Martin,Republican,Donald Trump,16065,76.2
Morgan,Democrat,Bernie Sanders,988,75.3
Wilkinson,Democrat,Hillary Clinton,1269,77.5
Teton,Democrat,Bernie Sanders,9,59.1
Polk,Republican,Ted Cruz,3430,68.2
Fulton,Democrat,Bernie Sanders,2537,75.5
Broome,Democrat,Bernie Sanders,9176,66.5
Caroline,Republican,Donald Trump,2521,72.3
Wilson,Democrat,Hillary Clinton,6408,60.9
Benton,Democrat,Hillary Clinton,557,81.7
Stillwater,Republican,Donald Trump,1658,79.9
Franklin,Republican,Donald Trump,2155,69.5
Hempstead,Republican,Ted Cruz,917,68.0
Lunenburg,Democrat,Hillary Clinton,738,75.3
Clay,Democrat,Hillary Clinton,2372,71.3
Leon,Democrat,Hillary Clinton,27333,53.8
Dorchester,Republican,Donald Trump,2744,65.9
Seminole,Republican,Donald Trump,754,77.0
Washington,Democrat,Hillary Clinton,9110,55.9
Hamilton,Democrat,Hillary Clinton,353,71.0
Fallon,Republican,Donald Trump,734,72.0
Howard,Democrat,Bernie Sanders,215,79.8
San Benito,Democrat,Hillary Clinton,2022,61.6
Baca,Democrat,Hillary Clinton,15,74.4
Sarasota,Republican,Donald Trump,34593,74.5
Summers,Democrat,Bernie Sanders,1060,79.6
Leelanau,Democrat,Bernie Sanders,2359,85.1
Benewah,Republican,Ted Cruz,671,75.2
Boone,Republican,Donald Trump,2577,72.6
Evans,Republican,Donald Trump,481,63.7
Douglas,Democrat,Hillary Clinton,9375,69.8
Drew,Democrat,Hillary Clinton,1250,61.2
San Juan,Democrat,Bernie Sanders,27,59.8
Arapahoe,Democrat,Bernie Sanders,6086,62.7
Lawrence,Republican,Donald Trump,1326,78.1
Montgomery,Democrat,Bernie Sanders,1322,65.3
Carroll,Republican,Ted Cruz,0,73.2
Barrow,Republican,Donald Trump,4653,78.2
Hudspeth,Democrat,Hillary Clinton,147,82.3
Richland,Democrat,Hillary Clinton,39243,60.7
Portage,Democrat,Bernie Sanders,9348,68.6
Montgomery,Democrat,Hillary Clinton,75333,73.2
Platte,Democrat,Bernie Sanders,2,78.3
Douglas,Democrat,Bernie Sanders,4510,67.8
Roger Mills,Democrat,Bernie Sanders,268,78.8
Petroleum,Republican,Donald Trump,167,76.0
Coconino,Democrat,Bernie Sanders,6941,59.5
Wibaux,Republican,Donald Trump,231,70.9
Murray,Democrat,Bernie Sanders,909,73.3
George,Republican,Donald Trump,2245,84.2
Okeechobee,Republican,Donald Trump,2202,73.9
Pondera,Republican,Donald Trump,930,69.1
Kit Carson,Democrat,Bernie Sanders,16,65.8
Calhoun,Republican,Donald Trump,1323,70.5
Smith,Republican,Donald Trump,1820,83.3
Johnson,Democrat,Bernie Sanders,1,74.1
Bonner,Republican,Ted Cruz,3132,73.1
Holmes,Democrat,Hillary Clinton,3301,71.0
Carroll,Democrat,Hillary Clinton,504,75.4
Butler,Republican,Donald Trump,910,75.9
Owen,Republican,Donald Trump,2679,78.7
Edgar,Republican,Donald Trump,1562,73.4
Tazewell,Republican,Ted Cruz,12085,76.0
Choctaw,Democrat,Bernie Sanders,745,73.6
Huerfano,Democrat,Bernie Sanders,150,72.5
Merced,Democrat,Hillary Clinton,7169,53.6
Grundy,Republican,Donald Trump,978,72.3
Carroll,Republican,Donald Trump,1133,83.2
King and Queen,Democrat,Hillary Clinton,477,76.2
Beaverhead,Republican,Donald Trump,1626,64.1
Marshall,Democrat,Bernie Sanders,2308,82.3
East Feliciana,Democrat,Hillary Clinton,1847,79.9
Winneshiek,Democrat,Bernie Sanders,616,77.3
Miller,Republican,Donald Trump,2482,77.1
Apache,Democrat,Hillary Clinton,4450,76.5
Chattahoochee,Democrat,Hillary Clinton,182,28.8
Franklin,Democrat,Hillary Clinton,665,69.7
Quitman,Democrat,Hillary Clinton,986,68.6
Alachua,Democrat,Hillary Clinton,17733,54.1
Muskegon,Democrat,Bernie Sanders,10062,74.4
Nevada,Democrat,Hillary Clinton,647,73.1
Tishomingo,Republican,Donald Trump,1854,75.9
Jasper,Democrat,Hillary Clinton,2194,71.0
Lawrence,Democrat,Bernie Sanders,659,76.0
Sussex,Republican,Donald Trump,17794,79.0
Noxubee,Democrat,Hillary Clinton,1397,71.8
Nowata,Democrat,Bernie Sanders,530,81.2
Grand,Democrat,Bernie Sanders,187,74.9
Banner,Republican,Donald Trump,108,63.6
Grundy,Republican,Donald Trump,3625,76.2
Sumter,Democrat,Hillary Clinton,9816,65.4
DeKalb,Republican,Donald Trump,6247,76.3
Beaver,Democrat,Hillary Clinton,12963,73.4
Yuba,Republican,Donald Trump,3210,59.1
Talbot,Republican,Donald Trump,3104,72.5
Terrell,Democrat,Hillary Clinton,804,63.4
Adams,Republican,Donald Trump,2798,69.8
Winn,Democrat,Hillary Clinton,488,72.9
Delaware,Democrat,Hillary Clinton,440,78.8
Park,Republican,Donald Trump,1901,75.1
Latah,Republican,Ted Cruz,2134,56.7
Caribou,Republican,Ted Cruz,602,84.1
Lowndes,Republican,Donald Trump,5194,53.9
Lincoln,Democrat,Bernie Sanders,3,82.8
Telfair,Republican,Donald Trump,626,64.8
Rankin,Republican,Donald Trump,13729,75.5
Brown,Republican,Donald Trump,502,78.2
Gila,Republican,Donald Trump,3065,75.8
Box Butte,Republican,Donald Trump,1188,65.9
Iosco,Republican,Donald Trump,1973,81.3
Saint Francis,Democrat,Hillary Clinton,1912,55.3
Butte,Republican,Donald Trump,15695,60.1
Simpson,Republican,Donald Trump,2420,76.0
Osage,Democrat,Hillary Clinton,2390,79.0
Cape Girardeau,Republican,Ted Cruz,7332,66.5
Brown,Republican,Donald Trump,555,69.5
Johnson,Republican,Donald Trump,17218,72.6
Williamson,Republican,Donald Trump,4929,72.0
Oldham,Democrat,Hillary Clinton,2730,84.8
Reynolds,Republican,Donald Trump,647,77.6
Piatt,Republican,Ted Cruz,1855,82.4
Converse,Democrat,Bernie Sanders,3,76.2
Green,Republican,Donald Trump,655,76.7
Rockcastle,Republican,Donald Trump,743,78.3
Wayne,Republican,Donald Trump,6116,66.8
LaSalle,Republican,Donald Trump,6950,75.8
Washington,Democrat,Hillary Clinton,601,82.9
Milwaukee,Democrat,Hillary Clinton,100932,51.3
Sheridan,Democrat,Bernie Sanders,7,69.3
Union,Republican,Donald Trump,2691,78.3
Reeves,Democrat,Hillary Clinton,1128,75.0
Union,Democrat,Bernie Sanders,268,73.2
Schuyler,Republican,Donald Trump,697,81.0
Effingham,Republican,Donald Trump,3648,76.6
Ohio,Republican,Donald Trump,786,74.4
Hoke,Democrat,Hillary Clinton,3528,67.9
Cleveland,Republican,Ted Cruz,550,77.5
Johnson,Republican,Donald Trump,326,74.0
Yazoo,Democrat,Hillary Clinton,2203,60.0
Sierra,Republican,Donald Trump,497,77.8
Berkeley,Democrat,Hillary Clinton,9471,70.3
Cole,Republican,Ted Cruz,6159,66.8
Green,Democrat,Bernie Sanders,4359,75.2
Ionia,Democrat,Bernie Sanders,2812,78.2
Washington,Democrat,Hillary Clinton,1511,86.5
Columbia,Democrat,Bernie Sanders,4221,73.9
Christian,Democrat,Hillary Clinton,2437,52.5
Calhoun,Democrat,Bernie Sanders,5810,69.7
Beaufort,Democrat,Hillary Clinton,9945,71.4
Comanche,Democrat,Bernie Sanders,3804,56.6
San Luis Obispo,Republican,Donald Trump,19313,58.4
Lake,Republican,Donald Trump,803,81.3
Lawrence,Republican,Donald Trump,5971,78.3
Napa,Democrat,Hillary Clinton,7370,60.6
Ascension,Democrat,Hillary Clinton,4221,81.6
Pike,Democrat,Hillary Clinton,2870,70.1
Washington,Republican,Ted Cruz,542,75.7
Hinsdale,Democrat,Bernie Sanders,10,78.9
Dakota,Republican,Donald Trump,819,64.4
Luce,Republican,Donald Trump,407,75.1
Jackson,Democrat,Bernie Sanders,1845,73.8
Swain,Democrat,Bernie Sanders,831,74.9
Santa Cruz,Democrat,Bernie Sanders,25171,58.8
Whitley,Republican,Ted Cruz,4064,81.7
Winnebago,Democrat,Bernie Sanders,16715,66.9
Bibb,Democrat,Hillary Clinton,12944,54.4
Jackson,Democrat,Bernie Sanders,4656,53.4
Screven,Republican,Donald Trump,801,70.8
Gibson,Republican,Donald Trump,4237,77.8
Duplin,Democrat,Hillary Clinton,3036,67.7
Prince Edward,Democrat,Hillary Clinton,1366,65.2
Grant,Republican,Donald Trump,162,66.3
Towns,Republican,Donald Trump,1356,84.8
Clay,Democrat,Hillary Clinton,960,72.6
Lewis,Republican,Donald Trump,801,74.2
Sharp,Republican,Donald Trump,1241,80.0
Abbeville,Democrat,Hillary Clinton,1501,76.4
Placer,Republican,Donald Trump,25700,70.6
Crook,Democrat,Hillary Clinton,1,77.4
Scott,Republican,Donald Trump,3373,69.2
Jay,Republican,Donald Trump,2194,76.0
Osage,Republican,Donald Trump,1316,82.2
Marquette,Democrat,Bernie Sanders,5530,70.2
Wells,Republican,Ted Cruz,3826,78.3
Newton,Republican,Donald Trump,1814,76.6
Fulton,Republican,Donald Trump,2556,76.5
McIntosh,Republican,Donald Trump,1078,81.5
Peach,Democrat,Hillary Clinton,1675,66.6
Lake,Republican,Donald Trump,26393,75.3
Albany,Democrat,Bernie Sanders,25,51.3
Clay,Democrat,Hillary Clinton,623,55.8
Union,Democrat,Hillary Clinton,1690,73.1
Nemaha,Republican,Donald Trump,472,68.3
Cleburne,Republican,Donald Trump,2530,76.9
Culberson,Democrat,Hillary Clinton,355,63.4
Keith,Republican,Donald Trump,1253,70.0
Pulaski,Republican,Donald Trump,2821,71.7
Blackford,Republican,Donald Trump,1019,75.0
Lincoln,Democrat,Bernie Sanders,1510,78.7
Hancock,Republican,Ted Cruz,385,80.1
Trigg,Democrat,Bernie Sanders,715,81.2
Lee,Republican,Donald Trump,273,73.4
Morgan,Republican,Donald Trump,2378,69.9
Jefferson,Republican,Donald Trump,533,78.2
Franklin,Republican,Ted Cruz,1187,80.9
Miller,Republican,Ted Cruz,2741,67.2
Ogemaw,Republican,Donald Trump,1612,82.8
Jasper,Republican,Ted Cruz,928,84.0
Winston,Republican,Donald Trump,3352,74.9
Maui,Democrat,Bernie Sanders,4419,58.1
DeKalb,Republican,Donald Trump,4203,78.7
Oconee,Republican,Donald Trump,2871,78.9
Baxter,Republican,Donald Trump,3798,76.5
Mercer,Republican,Ted Cruz,1073,78.7
Graves,Democrat,Bernie Sanders,2631,76.2
Clinton,Republican,Donald Trump,2522,82.4
Pecos,Democrat,Hillary Clinton,816,65.4
Calloway,Democrat,Bernie Sanders,2239,65.6
Bell,Republican,Donald Trump,692,67.7
Fayette,Democrat,Hillary Clinton,20014,55.2
Candler,Republican,Donald Trump,897,64.0
Pike,Republican,Donald Trump,1241,74.1
Floyd,Democrat,Hillary Clinton,453,72.9
Kane,Democrat,Bernie Sanders,31085,75.4
Mono,Democrat,Bernie Sanders,917,55.6
Hamilton,Republican,Donald Trump,1030,77.6
Hart,Republican,Donald Trump,1858,73.7
Columbus,Democrat,Hillary Clinton,3628,71.5
Chatham,Democrat,Hillary Clinton,19898,57.5
Union,Republican,Donald Trump,719,66.5
Adams,Democrat,Hillary Clinton,113,78.5
Nassau,Republican,Donald Trump,9192,78.4
Rush,Republican,Donald Trump,2362,71.9
Tangipahoa,Democrat,Hillary Clinton,4267,68.6
Boyd,Democrat,Bernie Sanders,2262,68.8
Yuma,Republican,Donald Trump,4390,69.6
Jefferson,Democrat,Hillary Clinton,16580,64.1
Bulloch,Republican,Donald Trump,3111,50.9
Allamakee,Democrat,Hillary Clinton,304,79.5
Philadelphia,Democrat,Hillary Clinton,212785,53.3
Baltimore City,Democrat,Hillary Clinton,81115,48.3
Echols,Republican,Donald Trump,268,62.7
Daviess,Republican,Donald Trump,634,76.3
Walker,Republican,Donald Trump,4208,72.6
Trinity,Republican,Donald Trump,1026,71.2
Anne Arundel,Democrat,Hillary Clinton,35659,74.2
Northampton,Democrat,Hillary Clinton,868,68.6
Richland,Democrat,Hillary Clinton,696,68.8
Choctaw,Republican,Donald Trump,765,71.4
Houghton,Democrat,Bernie Sanders,2039,69.6
Prairie,Democrat,Hillary Clinton,558,72.9
Phillips,Democrat,Hillary Clinton,2696,54.5
Benzie,Democrat,Bernie Sanders,1650,83.9
Madison,Republican,Ted Cruz,452,76.8
Buena Vista,Republican,Ted Cruz,309,68.0
Starke,Republican,Donald Trump,2456,81.1
Kenosha,Democrat,Bernie Sanders,14612,67.5
Greenup,Democrat,Bernie Sanders,1655,76.4
Mahoning,Democrat,Hillary Clinton,21000,69.8
Meriwether,Democrat,Hillary Clinton,1463,69.9
Edmonson,Republican,Donald Trump,531,76.5
Simpson,Democrat,Hillary Clinton,708,66.2
Vernon,Republican,Donald Trump,1119,54.7
Chippewa,Republican,Donald Trump,1959,70.3
Miami,Republican,Donald Trump,3286,75.3
Shelby,Republican,Donald Trump,5044,71.1
Audrain,Republican,Ted Cruz,1642,74.2
McLean,Republican,Ted Cruz,13085,67.3
Huron,Republican,Donald Trump,2346,81.6
Vermilion,Republican,Donald Trump,1460,75.2
Pawnee,Democrat,Bernie Sanders,762,76.5
Madison,Republican,Donald Trump,23791,69.3
Bladen,Democrat,Hillary Clinton,3442,67.8
Dubuque,Democrat,Hillary Clinton,2504,73.0
O'Brien,Republican,Ted Cruz,347,74.9
Graham,Republican,Ted Cruz,1606,74.3
Natrona,Democrat,Hillary Clinton,20,69.7
Chesapeake,Democrat,Hillary Clinton,16126,72.5
Essex,Democrat,Hillary Clinton,75071,45.9
Greene,Democrat,Hillary Clinton,215,76.0
Benton,Republican,Donald Trump,2278,84.0
Hot Spring,Republican,Donald Trump,1597,72.5
Tippah,Republican,Donald Trump,1951,76.5
Saline,Republican,Donald Trump,2102,72.2
Clay,Republican,Donald Trump,1920,75.0
Woodruff,Democrat,Hillary Clinton,862,62.9
Howard,Republican,Donald Trump,559,63.3
Elbert,Republican,Donald Trump,1394,68.4
Santa Barbara,Democrat,Hillary Clinton,23543,52.6
McIntosh,Democrat,Bernie Sanders,1261,79.8
Washington,Republican,Donald Trump,3156,80.3
Jasper,Republican,Ted Cruz,11113,64.5
Chase,Republican,Donald Trump,476,77.1
Cherokee,Republican,Donald Trump,18460,79.1
St. Francois,Republican,Donald Trump,4061,68.7
Pointe Coupee,Democrat,Hillary Clinton,1680,78.0
Routt,Democrat,Bernie Sanders,406,70.6
Gage,Republican,Donald Trump,1407,72.4
Floyd,Democrat,Bernie Sanders,4010,69.2
Monongalia,Democrat,Bernie Sanders,8096,57.0
Charlottesville,Democrat,Bernie Sanders,4474,40.5
Franklin City,Democrat,Hillary Clinton,831,42.5
Forsyth,Democrat,Hillary Clinton,24446,64.0
Ravalli,Republican,Donald Trump,6281,72.9
LaGrange,Republican,Donald Trump,2571,78.9
White,Republican,Donald Trump,3044,76.6
Wayne,Democrat,Hillary Clinton,163886,64.8
Rabun,Republican,Donald Trump,1732,73.2
Perry,Republican,Donald Trump,1642,79.9
Multnomah,Democrat,Bernie Sanders,87247,54.2
Benton,Democrat,Bernie Sanders,11567,57.9
Boyle,Democrat,Hillary Clinton,1648,65.0
Platte,Republican,Donald Trump,2902,71.5
Warren,Democrat,Hillary Clinton,468,65.9
Hyde,Democrat,Hillary Clinton,459,77.6
Bradley,Republican,Donald Trump,770,68.8
Livingston,Republican,Ted Cruz,3235,73.9
Charles City,Democrat,Hillary Clinton,863,80.5
Mahaska,Republican,Ted Cruz,669,70.5
Allegheny,Democrat,Hillary Clinton,122399,65.5
Ventura,Democrat,Hillary Clinton,45848,64.9
Jackson,Republican,Donald Trump,5362,73.0
Daviess,Republican,Donald Trump,3894,75.8
Fremont,Democrat,Bernie Sanders,268,70.7
Irwin,Republican,Donald Trump,869,72.4
Franklin,Republican,Donald Trump,3130,75.6
Prairie,Republican,Donald Trump,269,86.9
Kauai,Democrat,Bernie Sanders,2049,62.6
Winnebago,Democrat,Bernie Sanders,17818,66.3
Phelps,Republican,Donald Trump,963,72.1
Decatur,Republican,Donald Trump,3319,70.6
Clark,Republican,Ted Cruz,62,59.5
Lanier,Republican,Donald Trump,512,60.9
Alcona,Republican,Donald Trump,1111,89.8
Adair,Republican,Donald Trump,1512,74.7
Athens,Democrat,Bernie Sanders,5663,56.6
Oklahoma,Democrat,Hillary Clinton,34255,59.9
Calhoun,Democrat,Hillary Clinton,200,79.0
Morgan,Republican,Donald Trump,10235,76.5
Big Horn,Democrat,Hillary Clinton,2,75.7
LaPorte,Republican,Donald Trump,9494,72.7
Worth,Republican,Donald Trump,1890,74.1
Oktibbeha,Democrat,Hillary Clinton,2389,51.7
Ralls,Republican,Donald Trump,961,81.5
Hendry,Republican,Donald Trump,1290,69.6
Scott,Republican,Donald Trump,715,73.0
Union,Democrat,Hillary Clinton,2548,69.3
Palm Beach,Democrat,Hillary Clinton,103369,71.2
Walthall,Republican,Donald Trump,1143,82.5
Cumberland,Republican,Donald Trump,460,75.5
Crawford,Republican,Donald Trump,2189,76.0
Cullman,Republican,Donald Trump,10618,75.0
Chatham,Democrat,Hillary Clinton,7406,79.9
Dunklin,Republican,Donald Trump,1781,61.4
Geneva,Republican,Donald Trump,3106,72.1
Furnas,Republican,Donald Trump,546,72.3
Warren,Democrat,Hillary Clinton,1217,78.7
Zavala,Democrat,Hillary Clinton,1557,68.6
Marin,Democrat,Hillary Clinton,27238,62.8
Putnam,Democrat,Bernie Sanders,504,79.6
Douglas,Republican,Donald Trump,1657,77.7
Pendleton,Democrat,Bernie Sanders,546,76.1
Bacon,Republican,Donald Trump,904,67.5
Fulton,Democrat,Hillary Clinton,701,78.1
Trumbull,Democrat,Hillary Clinton,17903,72.3
Tunica,Democrat,Hillary Clinton,904,43.6
Macoupin,Democrat,Bernie Sanders,3552,76.7
Johnson,Democrat,Bernie Sanders,5473,59.7
Haywood,Democrat,Bernie Sanders,3873,74.4
Weston,Democrat,Bernie Sanders,1,76.1
Attala,Democrat,Hillary Clinton,1519,73.6
Arenac,Republican,Donald Trump,1141,83.8
Custer,Republican,Donald Trump,1363,68.9
Bexar,Democrat,Hillary Clinton,76502,59.7
Minnehaha,Democrat,Hillary Clinton,6018,64.4
Orange,Republican,Donald Trump,146888,58.7
Baker,Democrat,Hillary Clinton,303,72.0
Spencer,Republican,Donald Trump,2350,82.1
Los Alamos,Democrat,Hillary Clinton,1424,75.4
Passaic,Democrat,Hillary Clinton,29538,54.3
Miller,Republican,Donald Trump,555,74.5
Warren,Republican,Donald Trump,1018,73.4
Jerauld,Democrat,Hillary Clinton,96,72.7
Kalamazoo,Democrat,Bernie Sanders,20146,64.7
Larimer,Democrat,Bernie Sanders,6664,65.6
Atoka,Democrat,Bernie Sanders,723,75.1
Duval,Democrat,Hillary Clinton,58632,61.6
Jasper,Republican,Donald Trump,1205,76.1
Black Hawk,Democrat,Bernie Sanders,3647,67.8
White,Republican,Donald Trump,1424,78.6
Vermillion,Republican,Donald Trump,1748,78.2
Hudson,Democrat,Hillary Clinton,49798,32.6
Hayes,Republican,Donald Trump,103,67.7
Winnebago,Democrat,Bernie Sanders,230,76.1
Dickinson,Democrat,Bernie Sanders,358,75.6
Cheyenne,Democrat,Hillary Clinton,5,76.5
Livingston,Republican,Donald Trump,1191,70.8
Monroe,Republican,Donald Trump,8802,79.2
Jefferson,Democrat,Bernie Sanders,8281,70.6
Lackawanna,Democrat,Hillary Clinton,22971,66.8
Clay,Republican,Donald Trump,702,77.8
Howell,Republican,Donald Trump,4230,69.7
Cecil,Republican,Donald Trump,7348,74.1
Greenlee,Democrat,Hillary Clinton,497,46.1
Moultrie,Republican,Ted Cruz,1321,78.7
Chilton,Republican,Donald Trump,5273,74.5
Weston,Democrat,Hillary Clinton,1,76.1
Carter,Democrat,Bernie Sanders,2113,69.0
Owsley,Republican,Donald Trump,168,74.4
Erie,Democrat,Hillary Clinton,19511,67.5
Lincoln,Republican,Donald Trump,3235,68.6
Caldwell,Republican,Donald Trump,284,74.2
Russell,Democrat,Hillary Clinton,4381,61.3
Adams,Republican,Ted Cruz,3851,78.9
Charleston,Democrat,Hillary Clinton,26535,60.6
Clarke,Republican,Donald Trump,1399,84.1
Gulf,Republican,Donald Trump,1038,71.3
Taylor,Democrat,Hillary Clinton,949,69.8
Holt,Republican,Donald Trump,1302,74.5
Tuolumne,Republican,Donald Trump,4949,69.9
Dane,Democrat,Bernie Sanders,102585,59.5
Jessamine,Democrat,Bernie Sanders,2113,66.0
Mills,Republican,Donald Trump,300,83.7
Fayette,Democrat,Hillary Clinton,9184,72.8
Turner,Republican,Donald Trump,652,64.7
Kootenai,Republican,Ted Cruz,11924,70.6
Columbia,Republican,Donald Trump,9177,78.9
Fillmore,Republican,Donald Trump,574,77.3
Butts,Republican,Donald Trump,1884,75.2
Rockland,Democrat,Hillary Clinton,16966,69.9
La Salle,Democrat,Hillary Clinton,557,71.1
Wayne,Democrat,Hillary Clinton,7546,60.7
Val Verde,Democrat,Hillary Clinton,1777,66.7
Dixon,Republican,Donald Trump,513,76.8
Andrew,Republican,Donald Trump,1457,76.7
Haralson,Republican,Donald Trump,2818,70.3
Yellowstone,Republican,Donald Trump,17925,68.8
St. Tammany,Republican,Donald Trump,12933,78.0
Carbon,Republican,Donald Trump,1507,76.7
Fredericksburg,Democrat,Hillary Clinton,1396,38.1
Wright,Democrat,Hillary Clinton,273,77.4
Beauregard,Republican,Ted Cruz,1363,76.8
Pike,Republican,Donald Trump,1603,77.9
Franklin,Democrat,Bernie Sanders,2338,72.3
LaClede,Republican,Donald Trump,3493,70.0
Montcalm,Republican,Donald Trump,3051,79.2
Dinwiddie,Democrat,Hillary Clinton,1935,76.6
Marshall,Democrat,Bernie Sanders,960,73.4
Otsego,Republican,Donald Trump,1933,79.4
Jackson,Democrat,Hillary Clinton,15,72.2
Pontotoc,Republican,Ted Cruz,2498,78.2
Chaffee,Democrat,Bernie Sanders,404,76.2
Rosebud,Republican,Donald Trump,959,68.5
Schley,Republican,Donald Trump,331,64.4
Pottawattamie,Democrat,Bernie Sanders,1573,70.2
Clayton,Democrat,Bernie Sanders,408,78.2
Fulton,Democrat,Hillary Clinton,315,60.4
Sumter,Democrat,Hillary Clinton,2987,64.7
Rio Blanco,Democrat,Bernie Sanders,18,68.8
Refugio,Democrat,Hillary Clinton,549,77.6
Johnston,Democrat,Bernie Sanders,606,71.8
Hardin,Republican,Donald Trump,496,79.5
Mohave,Republican,Donald Trump,14154,69.4
Rockdale,Democrat,Hillary Clinton,7930,69.0
Catahoula,Democrat,Hillary Clinton,431,77.1
Crawford,Republican,Donald Trump,930,79.0
Chowan,Democrat,Hillary Clinton,974,66.4
Ripley,Republican,Donald Trump,1096,71.9
San Francisco,Democrat,Hillary Clinton,85070,36.6
Page,Republican,Ted Cruz,249,73.2
Lowndes,Democrat,Hillary Clinton,4030,62.1
Mississippi,Democrat,Hillary Clinton,2017,58.8
Saint Lawrence,Democrat,Bernie Sanders,4102,70.8
Choctaw,Democrat,Hillary Clinton,1772,83.7
Cheboygan,Republican,Donald Trump,2089,81.1
Clinton,Democrat,Bernie Sanders,1234,74.4
Randolph,Republican,Donald Trump,2939,73.4
Monroe,Republican,Donald Trump,3272,81.1
Riverside,Republican,Donald Trump,82814,66.5
Bergen,Democrat,Hillary Clinton,55264,65.6
Wakulla,Republican,Donald Trump,1664,78.7
Allen,Republican,Donald Trump,640,73.7
Pulaski,Republican,Donald Trump,1668,80.0
Carbon,Democrat,Hillary Clinton,4,73.7
Scott,Republican,Donald Trump,1929,73.2
Marion,Republican,Donald Trump,2454,74.7
Lane,Democrat,Bernie Sanders,41883,59.6
Lincoln,Republican,Donald Trump,3073,78.4
Ogle,Republican,Ted Cruz,4307,76.1
Gallatin,Democrat,Bernie Sanders,340,68.3
Stone,Republican,Ted Cruz,1428,82.6
Eau Claire,Democrat,Bernie Sanders,13058,63.5
Kenedy,Democrat,Hillary Clinton,63,28.9
Okmulgee,Democrat,Bernie Sanders,1882,69.7
Carroll,Republican,John Kasich,0,73.2
Roberts,Democrat,Bernie Sanders,397,69.8
Monroe,Republican,Donald Trump,2602,77.3
Dent,Republican,Donald Trump,1688,72.9
Walker,Republican,Donald Trump,8394,75.0
Lamar,Republican,Donald Trump,1398,70.1
Floyd,Republican,Donald Trump,5945,64.2
Cass,Republican,Donald Trump,3941,75.9
Beadle,Democrat,Hillary Clinton,501,64.8
Harrison,Republican,Donald Trump,12555,61.0
San Diego,Democrat,Hillary Clinton,139813,53.8
Braxton,Democrat,Bernie Sanders,1321,76.9
Menifee,Democrat,Bernie Sanders,323,74.7
Perry,Democrat,Hillary Clinton,648,79.5
Pearl River,Republican,Donald Trump,4562,77.6
Greene,Republican,Donald Trump,1088,87.4
Lucas,Democrat,Hillary Clinton,32137,62.2
Ripley,Republican,Donald Trump,3694,76.2
Custer,Republican,Donald Trump,430,83.5
Williamsburg,Democrat,Hillary Clinton,4609,74.3
Bronx,Democrat,Hillary Clinton,95772,19.4
Russell,Republican,Donald Trump,1106,74.4
Northampton,Democrat,Hillary Clinton,3195,72.9
St. John the Baptist,Democrat,Hillary Clinton,3818,77.7
San Miguel,Democrat,Bernie Sanders,329,64.4
Nassau,Democrat,Hillary Clinton,70947,80.5
Lassen,Republican,Donald Trump,2508,62.9
Clay,Democrat,Hillary Clinton,297,66.6
Tama,Democrat,Hillary Clinton,476,74.7
Alamance,Democrat,Hillary Clinton,7374,67.1
Sumter,Democrat,Hillary Clinton,1960,58.2
Claiborne,Democrat,Hillary Clinton,768,70.0
Wright,Republican,Donald Trump,1874,72.2
Chambers,Democrat,Hillary Clinton,2899,67.9
Modoc,Republican,Donald Trump,1019,68.8
Pulaski,Democrat,Hillary Clinton,34862,60.4
Jefferson,Democrat,Hillary Clinton,9936,64.5
Shannon,Republican,Donald Trump,808,78.1
Howard,Republican,Ted Cruz,798,74.0
Knox,Democrat,Bernie Sanders,3168,68.4
Hancock,Democrat,Hillary Clinton,1112,77.7
Gem,Republican,Ted Cruz,1391,74.6
Presidio,Democrat,Hillary Clinton,776,71.9
Dallas,Democrat,Hillary Clinton,113574,52.5
Gilchrist,Republican,Donald Trump,1860,79.7
Citrus,Republican,Donald Trump,15232,82.6
Itawamba,Republican,Donald Trump,1905,79.0
Elmore,Republican,Donald Trump,1252,62.4
Tehama,Republican,Donald Trump,3940,67.5
Menard,Republican,Ted Cruz,1064,80.8
Marion,Republican,Donald Trump,3503,75.9
Coles,Republican,Donald Trump,3156,62.0
Moniteau,Republican,Ted Cruz,1374,74.6
Holmes,Republican,Donald Trump,1239,79.3
Mitchell,Democrat,Hillary Clinton,260,81.4
Barnwell,Democrat,Hillary Clinton,1560,74.6
Hendricks,Republican,Donald Trump,18555,82.4
Edwards,Republican,Donald Trump,867,79.9
Woodford,Democrat,Bernie Sanders,1918,72.5
Franklin,Republican,Donald Trump,333,82.2
Cobb,Democrat,Hillary Clinton,39277,66.4
Webster,Republican,Donald Trump,1191,73.6
Madera,Republican,Donald Trump,8247,60.8
Iron,Republican,Donald Trump,868,84.5
Carter,Democrat,Bernie Sanders,1051,79.7
Carlisle,Democrat,Bernie Sanders,462,80.8
Hidalgo,Democrat,Hillary Clinton,40276,68.4
Franklin,Republican,Donald Trump,1229,74.0
Iroquois,Republican,Donald Trump,2836,75.3
Ringgold,Democrat,Hillary Clinton,132,76.5
Buffalo,Republican,Donald Trump,3748,64.8
Porter,Republican,Donald Trump,16194,77.4
Albemarle,Democrat,Hillary Clinton,8284,66.1
DeKalb,Democrat,Hillary Clinton,82348,56.7
Cameron,Democrat,Hillary Clinton,20326,67.2
Mineral,Democrat,Bernie Sanders,25,83.7
Vernon,Republican,Donald Trump,1530,69.7
Grant,Democrat,Bernie Sanders,715,73.5
Edgecombe,Democrat,Hillary Clinton,6411,62.9
Etowah,Republican,Donald Trump,8657,72.4
Wheeler,Republican,Donald Trump,283,66.6
Craig,Democrat,Bernie Sanders,926,78.8
Montgomery,Democrat,Hillary Clinton,28650,61.4
Columbia,Democrat,Bernie Sanders,3302,72.4
Holt,Republican,Donald Trump,504,71.6
Pulaski,Republican,Donald Trump,2802,53.3
Story,Democrat,Bernie Sanders,2737,55.0
Lee,Democrat,Hillary Clinton,956,57.0
Warren,Republican,Donald Trump,1321,76.6
Forsyth,Republican,Donald Trump,15698,85.6
Lincoln,Republican,Ted Cruz,276,71.7
Jackson,Democrat,Bernie Sanders,3021,67.8
Grayson,Republican,Donald Trump,749,72.3
Winchester,Democrat,Hillary Clinton,949,48.6
Lincoln,Democrat,Bernie Sanders,4674,65.5
Orleans,Democrat,Hillary Clinton,40601,47.3
Tensas,Democrat,Hillary Clinton,492,63.5
Pulaski,Republican,Donald Trump,673,68.0
Caldwell,Republican,Donald Trump,780,71.0
Posey,Republican,Donald Trump,3159,85.0
Cochise,Republican,Donald Trump,6339,68.8
Broward,Democrat,Hillary Clinton,132527,65.9
Cherokee,Republican,Donald Trump,248,74.9
Alameda,Democrat,Hillary Clinton,107102,53.2
Hancock,Republican,Donald Trump,1494,78.3
Kalkaska,Republican,Donald Trump,1724,81.2
Buchanan,Republican,Donald Trump,4691,64.7
La Plata,Democrat,Bernie Sanders,1466,66.5
Switzerland,Republican,Donald Trump,858,76.3
Caroline,Democrat,Hillary Clinton,1902,80.1
Jefferson,Republican,Donald Trump,1648,85.9
Santa Rosa,Republican,Donald Trump,16044,73.6
Phillips,Republican,Donald Trump,1097,76.4
Harris,Republican,Donald Trump,2542,86.7
Hamilton,Republican,Donald Trump,35031,79.2
Henry,Republican,Donald Trump,3021,78.1
Fremont,Democrat,Hillary Clinton,10,72.0
Callaway,Republican,Ted Cruz,3261,76.1
Lafayette,Republican,Donald Trump,556,79.9
Prince William,Democrat,Hillary Clinton,26439,72.1
Lowndes,Democrat,Hillary Clinton,3782,74.9
Lee,Democrat,Hillary Clinton,7137,61.7
Dearborn,Republican,Donald Trump,6617,77.0
Coffee,Republican,Donald Trump,2469,69.4
Blaine,Republican,Donald Trump,99,58.2
Worcester,Republican,Donald Trump,5808,78.4
Gwinnett,Democrat,Hillary Clinton,37465,68.4
Clay,Republican,Ted Cruz,13559,71.0
Menominee,Democrat,Bernie Sanders,355,71.2
Pickens,Republican,Donald Trump,3360,78.9
McDonald,Republican,Donald Trump,1580,69.5
Sacramento,Democrat,Hillary Clinton,68248,56.7
Robertson,Democrat,Bernie Sanders,177,74.2
Franklin,Republican,Donald Trump,9080,76.6
McCormick,Democrat,Hillary Clinton,973,79.3
Saline,Republican,Donald Trump,1417,67.8
Rapides,Democrat,Hillary Clinton,4722,66.0
Essex,Democrat,Hillary Clinton,642,76.2
Petersburg,Democrat,Hillary Clinton,4099,45.7
Fluvanna,Democrat,Hillary Clinton,1355,85.5
Fleming,Democrat,Bernie Sanders,806,78.5
Rock,Democrat,Bernie Sanders,17337,71.1
Crittenden,Democrat,Bernie Sanders,344,78.5
Gratiot,Democrat,Bernie Sanders,1812,76.1
Washington,Democrat,Bernie Sanders,41841,61.0
Colleton,Democrat,Hillary Clinton,2932,74.4
Grundy,Republican,Ted Cruz,272,81.9
Montezuma,Democrat,Bernie Sanders,412,70.5
Barton,Republican,Ted Cruz,1560,75.3
Marion,Democrat,Hillary Clinton,3359,67.1
Emanuel,Republican,Donald Trump,1489,65.6
Portsmouth,Democrat,Hillary Clinton,9464,57.2
Jeff Davis,Republican,Donald Trump,1071,71.3
Bay,Democrat,Bernie Sanders,6363,78.1
Mason,Democrat,Bernie Sanders,775,71.2
Jeff Davis,Democrat,Hillary Clinton,738,74.0
Carroll,Republican,Marco Rubio,0,73.2
Orange,Democrat,Hillary Clinton,66654,57.4
Texas,Republican,Donald Trump,2659,75.3
Perkins,Republican,Donald Trump,331,75.1
Grand Traverse,Democrat,Bernie Sanders,8091,75.4
Cleveland,Democrat,Hillary Clinton,4880,68.0
Boundary,Republican,Ted Cruz,901,74.4
Early,Republican,Donald Trump,760,64.7
Sheridan,Republican,Donald Trump,499,74.4
Cleburne,Republican,Donald Trump,2120,77.6
Pierce,Republican,Donald Trump,617,80.2
Dawes,Republican,Donald Trump,831,64.8
Big Horn,Republican,Donald Trump,1087,67.4
Natchitoches,Democrat,Hillary Clinton,2545,62.1
Shelby,Democrat,Bernie Sanders,232,77.7
McPherson,Republican,Donald Trump,114,69.2
Blaine,Republican,Donald Trump,543,70.1
Chariton,Republican,Donald Trump,597,76.2
Panola,Democrat,Hillary Clinton,3061,76.3
Tulare,Republican,Donald Trump,15334,57.5
Harrison,Democrat,Bernie Sanders,1059,66.1
Harford,Republican,Donald Trump,21771,80.2
Calaveras,Republican,Donald Trump,4902,78.4
Hopkins,Democrat,Bernie Sanders,2696,71.8
Jefferson,Democrat,Hillary Clinton,64090,62.7
Paulding,Republican,Donald Trump,10002,82.1
Brunswick,Democrat,Hillary Clinton,1354,72.2
Martin,Democrat,Hillary Clinton,2469,69.9
St. Louis City,Democrat,Hillary Clinton,34458,44.6
Gogebic,Democrat,Bernie Sanders,790,75.5
Cumberland,Republican,Ted Cruz,1081,80.8
Stanislaus,Republican,Donald Trump,15390,58.1
Morgan,Republican,Donald Trump,10909,71.5
Breathitt,Democrat,Bernie Sanders,1716,75.0
Nottoway,Democrat,Hillary Clinton,829,64.8
Madison,Democrat,Bernie Sanders,18723,72.5
Greeley,Republican,Donald Trump,125,80.8
Christian,Republican,Donald Trump,2392,74.7
Manatee,Republican,Donald Trump,26320,71.4
Wapello,Democrat,Hillary Clinton,817,72.8
Adams,Republican,Donald Trump,354,81.6
Henry,Democrat,Hillary Clinton,15639,75.0
Adair,Democrat,Bernie Sanders,971,70.8
Tattnall,Republican,Donald Trump,1089,71.3
Logan,Republican,Donald Trump,1208,75.4
Darlington,Democrat,Hillary Clinton,4988,69.7
Whitley,Republican,Donald Trump,1556,67.4
Lenawee,Republican,Donald Trump,5167,77.8
Jefferson,Republican,Ted Cruz,3080,83.8
Putnam,Republican,Donald Trump,4087,79.1
Indian River,Republican,Donald Trump,13678,74.9
Hardin,Democrat,Hillary Clinton,4359,62.9
Pettis,Republican,Donald Trump,3343,69.6
Columbia,Republican,Donald Trump,1149,68.9
Fremont,Democrat,Bernie Sanders,10,72.0
Union,Democrat,Hillary Clinton,822,80.2
Pickens,Democrat,Hillary Clinton,2326,72.0
Hillsdale,Republican,Donald Trump,3060,80.0
Imperial,Democrat,Hillary Clinton,5743,56.4
Liberty,Republican,Donald Trump,387,62.2
Bayfield,Democrat,Bernie Sanders,2604,82.0
Kiowa,Democrat,Hillary Clinton,5,72.8
Uinta,Democrat,Bernie Sanders,5,72.7
Henderson,Republican,Donald Trump,516,79.6
Dallas,Democrat,Hillary Clinton,8577,60.9
Clay,Republican,Donald Trump,1294,79.6
Antrim,Republican,Donald Trump,1969,85.0
West Baton Rouge,Democrat,Hillary Clinton,2178,72.4
Crittenden,Democrat,Hillary Clinton,3379,56.3
Arthur,Republican,Donald Trump,68,61.6
Tippecanoe,Republican,Donald Trump,10296,54.2
Davis,Republican,Donald Trump,205,80.2
Madison,Democrat,Bernie Sanders,2044,74.8
Tipton,Republican,Donald Trump,2269,77.2
Trempealeau,Democrat,Bernie Sanders,2429,74.4
Jefferson,Democrat,Hillary Clinton,17581,62.5
Perry,Democrat,Hillary Clinton,2575,67.0
Glacier,Democrat,Bernie Sanders,1074,59.5
Calhoun,Democrat,Bernie Sanders,200,79.0
Bamberg,Democrat,Hillary Clinton,1715,75.9
Clinton,Republican,Donald Trump,1635,72.6
Wilcox,Republican,Donald Trump,602,75.6
Lincoln,Republican,Donald Trump,4144,78.1
Teton,Republican,Ted Cruz,465,72.1
Worth,Democrat,Bernie Sanders,218,81.1
Madison,Republican,Donald Trump,2280,66.1
Meagher,Republican,Donald Trump,394,71.9
Fremont,Republican,Ted Cruz,1434,82.5
Calhoun,Democrat,Hillary Clinton,413,80.0
Franklin,Democrat,Hillary Clinton,4951,76.5
Osceola,Democrat,Hillary Clinton,16512,63.1
Cassia,Republican,Ted Cruz,2095,69.0
Henry,Democrat,Bernie Sanders,958,72.0
Hood River,Democrat,Bernie Sanders,2527,66.1
Kenton,Democrat,Hillary Clinton,5146,68.0
Lawrence,Republican,Donald Trump,3604,80.1
Carroll,Republican,Donald Trump,7495,66.7
Frederick,Republican,Donald Trump,15076,75.3
Colusa,Republican,Donald Trump,1342,63.3
Scotland,Democrat,Hillary Clinton,2671,63.6
Barren,Democrat,Bernie Sanders,2653,68.2
Arkansas,Republican,Donald Trump,1073,67.5
Letcher,Democrat,Bernie Sanders,1788,75.4
Noble,Republican,Donald Trump,4422,76.1
Bingham,Republican,Ted Cruz,3471,74.8
Rowan,Democrat,Bernie Sanders,1363,65.2
Union,Democrat,Hillary Clinton,40972,60.4
Treutlen,Republican,Donald Trump,437,68.0
Amite,Democrat,Hillary Clinton,1212,85.3
Washington,Republican,Donald Trump,1739,78.6
Dewey,Democrat,Bernie Sanders,342,58.2
Carroll,Republican,Donald Trump,0,73.2
Sullivan,Democrat,Bernie Sanders,2671,65.3
Camden,Republican,Donald Trump,5467,78.2
Palo Alto,Democrat,Hillary Clinton,213,77.2
Butte,Republican,Ted Cruz,275,79.5
Fairfield,Democrat,Hillary Clinton,3260,73.6
St. Martin,Democrat,Hillary Clinton,1869,80.3
Surry,Democrat,Hillary Clinton,812,79.9
Baraga,Republican,Donald Trump,468,79.3
DeSoto,Democrat,Hillary Clinton,1508,75.4
Uvalde,Democrat,Hillary Clinton,1740,71.1
Newton,Republican,Ted Cruz,6452,74.9
Boone,Republican,Donald Trump,3816,82.5
Chesterfield,Democrat,Hillary Clinton,22674,77.0
Foard,Democrat,Bernie Sanders,112,69.5
Kinney,Democrat,Hillary Clinton,211,82.0
Marion,Republican,Donald Trump,1581,79.5
Chicot,Democrat,Hillary Clinton,1370,66.3
Clearwater,Republican,Donald Trump,629,80.1
McHenry,Republican,Donald Trump,16514,82.3
Schoolcraft,Republican,Donald Trump,529,84.1
Chattooga,Republican,Donald Trump,1674,69.7
Owyhee,Republican,Ted Cruz,717,64.2
Grady,Republican,Donald Trump,1422,58.5
Miami-Dade,Democrat,Hillary Clinton,129467,55.7
Morgan,Democrat,Bernie Sanders,87,63.5
Lincoln,Democrat,Hillary Clinton,599,69.7
Carroll,Democrat,Bernie Sanders,573,62.9
Troup,Republican,Donald Trump,4140,60.9
Newton,Republican,Donald Trump,1794,77.6
Jackson,Democrat,Hillary Clinton,48860,61.1
Hickory,Republican,Donald Trump,297,82.8
Emporia,Democrat,Hillary Clinton,404,45.5
Henry,Republican,Donald Trump,5714,73.3
Grenada,Republican,Donald Trump,1727,73.5
Crawford,Republican,Donald Trump,1162,82.0
Rensselaer,Democrat,Bernie Sanders,6649,65.7
Clinton,Republican,Donald Trump,771,75.6
Nelson,Democrat,Hillary Clinton,991,75.8
Hardin,Republican,Ted Cruz,417,74.4
Newport News,Democrat,Hillary Clinton,12495,51.4
Henrico,Democrat,Hillary Clinton,28121,65.2
Allegany,Republican,Donald Trump,6272,69.8
Harrisonburg,Democrat,Bernie Sanders,2911,36.2
Flagler,Republican,Donald Trump,9684,80.2
Mesa,Democrat,Bernie Sanders,1095,71.7
Elbert,Democrat,Bernie Sanders,144,90.4
Levy,Republican,Donald Trump,3745,77.5
Monroe,Democrat,Hillary Clinton,2438,74.0
Taylor,Republican,Donald Trump,140,76.2
Lonoke,Republican,Ted Cruz,4028,73.2
Upson,Republican,Donald Trump,1910,67.0
Wayne,Republican,Donald Trump,1735,83.3
Cass,Republican,Donald Trump,680,72.2
Delta,Republican,Donald Trump,1954,79.3
San Joaquin,Democrat,Hillary Clinton,25118,58.3
Rio Grande,Democrat,Bernie Sanders,59,67.4
Hancock,Republican,Donald Trump,9520,80.2
Madison,Democrat,Hillary Clinton,1085,76.5
Minidoka,Republican,Ted Cruz,1163,72.8
Dawson,Republican,Donald Trump,1950,68.3
Tillman,Democrat,Bernie Sanders,346,73.5
Barbour,Democrat,Hillary Clinton,2567,67.7
Macon,Republican,Donald Trump,1489,76.8
Lafayette,Republican,Donald Trump,7171,65.5
Boise,Republican,Donald Trump,691,78.3
Vanderburgh,Republican,Donald Trump,14544,63.6
Madison,Democrat,Hillary Clinton,722,53.9
Webster,Republican,Ted Cruz,4124,75.9
Carroll,Republican,Donald Trump,16534,82.2
Hinds,Democrat,Hillary Clinton,31386,59.3
Butler,Democrat,Bernie Sanders,350,79.6
DeSoto,Republican,Ted Cruz,12300,75.1
Marion,Democrat,Bernie Sanders,5324,76.1
Delta,Democrat,Bernie Sanders,417,75.7
Osceola,Republican,Ted Cruz,113,74.9
Pawnee,Republican,Donald Trump,225,74.9
Taylor,Democrat,Hillary Clinton,140,76.2
Ziebach,Democrat,Bernie Sanders,132,51.7
Richmond,Democrat,Hillary Clinton,16269,54.5
Montgomery,Republican,Donald Trump,712,69.4
Sullivan,Republican,Donald Trump,2379,72.2
Humboldt,Democrat,Bernie Sanders,13245,55.9
JoDaviess,Republican,Donald Trump,1666,78.3
Richland,Republican,Donald Trump,1435,69.1
Perry,Republican,Donald Trump,1561,77.8
Linn,Republican,Donald Trump,955,76.7
Bear Lake,Republican,Ted Cruz,643,81.3
Taliaferro,Democrat,Hillary Clinton,236,73.2
Granville,Democrat,Hillary Clinton,4693,74.9
Lamar,Republican,Donald Trump,1810,71.5
Montrose,Democrat,Bernie Sanders,258,73.1
Fayette,Republican,Donald Trump,8055,82.9
Colfax,Republican,Donald Trump,494,74.4
Murray,Republican,Donald Trump,3084,68.9
Randolph,Republican,Donald Trump,1887,71.4
Watauga,Democrat,Bernie Sanders,5811,54.9
Hart,Democrat,Bernie Sanders,1062,73.8
Muskogee,Democrat,Bernie Sanders,3515,67.4
Allen,Republican,Ted Cruz,29963,69.8
Greene,Republican,Donald Trump,1014,75.8
Bradford,Republican,Donald Trump,1802,77.8
Emmet,Democrat,Bernie Sanders,2589,77.4
Howard,Republican,Donald Trump,534,79.4
Dale,Republican,Donald Trump,4151,61.1
Cass,Democrat,Hillary Clinton,300,71.8
Judith Basin,Republican,Donald Trump,421,75.4
Henry,Republican,Donald Trump,1778,77.7
Park,Democrat,Bernie Sanders,8,72.1
Taos,Democrat,Bernie Sanders,4325,72.1
Muhlenberg,Democrat,Bernie Sanders,1632,79.1
Jefferson,Democrat,Hillary Clinton,1519,65.5
Cleveland,Democrat,Bernie Sanders,16428,67.4
Lemhi,Republican,Donald Trump,757,71.3
St. Clair,Republican,Donald Trump,8596,81.5
Evangeline,Democrat,Hillary Clinton,1319,67.4
Ouachita,Democrat,Hillary Clinton,8995,60.4
Washakie,Democrat,Hillary Clinton,2,71.7
Clinton,Democrat,Bernie Sanders,4524,80.8
Calhoun,Democrat,Hillary Clinton,499,70.6
Pontotoc,Democrat,Bernie Sanders,2392,66.6
Boone,Democrat,Bernie Sanders,2410,77.0
Aurora,Democrat,Hillary Clinton,150,80.6
Macomb,Republican,Donald Trump,60492,75.5
Newberry,Democrat,Hillary Clinton,2118,71.5
Tallahatchie,Democrat,Hillary Clinton,1341,73.0
Alexandria,Democrat,Hillary Clinton,16281,43.3
Lake,Democrat,Hillary Clinton,49750,75.9
Orange,Republican,Donald Trump,2574,74.6
Oglethorpe,Republican,Donald Trump,1230,77.0
Kleberg,Democrat,Hillary Clinton,1738,57.1
Madison,Republican,Donald Trump,12487,69.9
Calvert,Republican,Donald Trump,6360,81.4
Steuben,Republican,Donald Trump,3973,77.3
Clarendon,Democrat,Hillary Clinton,3564,72.9
Tillamook,Democrat,Bernie Sanders,2207,69.9
Lincoln,Republican,Donald Trump,742,78.7
Richmond,Democrat,Hillary Clinton,2941,64.4
Collier,Republican,Donald Trump,30071,74.1
Houston,Republican,Donald Trump,7091,67.1
Heard,Republican,Donald Trump,1068,76.0
St. Louis County,Democrat,Hillary Clinton,89373,71.0
Jones,Democrat,Bernie Sanders,480,80.2
Cherokee,Democrat,Bernie Sanders,2897,66.5
Orange,Democrat,Bernie Sanders,18096,60.5
Jasper,Democrat,Hillary Clinton,927,71.3
Bolivar,Democrat,Hillary Clinton,3029,56.4
Ulster,Democrat,Bernie Sanders,11572,69.8
Burke,Democrat,Hillary Clinton,1659,70.2
Wilkes,Republican,Donald Trump,734,72.1
Hamilton,Democrat,Hillary Clinton,758,75.1
Greene,Republican,Donald Trump,1555,75.6
Harris,Democrat,Hillary Clinton,156729,56.5
Johnson,Republican,Donald Trump,1075,74.2
Clatsop,Democrat,Bernie Sanders,3334,62.7
Honolulu,Democrat,Bernie Sanders,11458,55.5
Martin,Republican,Donald Trump,1398,80.5
Boone,Republican,Donald Trump,740,77.0
Clay,Democrat,Bernie Sanders,754,82.7
Monterey,Democrat,Hillary Clinton,17126,49.7
Antelope,Republican,Donald Trump,772,75.2
Lafayette,Republican,Donald Trump,2521,59.4
Hawaii,Democrat,Bernie Sanders,5605,65.7
Lewis and Clark,Republican,Donald Trump,6194,72.3
Winston,Democrat,Hillary Clinton,1442,71.3
Dona Ana,Democrat,Hillary Clinton,9097,65.4
Monroe,Democrat,Hillary Clinton,843,63.5
Marion,Republican,Donald Trump,2760,75.0
Woodford,Republican,Ted Cruz,5091,81.6
Grand,Democrat,Bernie Sanders,636,68.0
Marion,Republican,Donald Trump,31370,76.7
Iowa,Democrat,Bernie Sanders,3198,77.3
Jackson,Republican,Donald Trump,582,75.4
Clare,Republican,Donald Trump,1996,80.4
Pinal,Republican,Donald Trump,12182,74.4
Park,Democrat,Bernie Sanders,231,88.5
McDonough,Republican,Donald Trump,1599,61.0
Gilmer,Democrat,Bernie Sanders,643,77.1
Glades,Republican,Donald Trump,632,72.1
Greer,Democrat,Bernie Sanders,332,67.0
Terrell,Democrat,Hillary Clinton,67,72.2
Clinton,Democrat,Bernie Sanders,4301,67.7
