"county","party","candidate","votes","households"
Whitfield,Republican,Donald Trump,5945,34450
Summit,Democrat,Bernie Sanders,419,11138
Staunton,Democrat,Bernie Sanders,1364,10495
Gadsden,Democrat,Hillary Clinton,7446,16662
Page,Republican,Ted Cruz,249,6415
Keokuk,Democrat,Hillary Clinton,250,4354
Todd,Democrat,Bernie Sanders,507,4574
Greene,Democrat,Hillary Clinton,215,3969
Delta,Republican,Donald Trump,1954,15885
Gem,Republican,Ted Cruz,1391,6323
Hendry,Republican,Donald Trump,1290,11223
Johnson,Republican,Donald Trump,1383,4362
Rio Blanco,Democrat,Bernie Sanders,18,2638
Saline,Republican,Donald Trump,1417,8764
Newberry,Democrat,Hillary Clinton,2118,14254
Newport News,Democrat,Hillary Clinton,12495,69211
Charleston,Democrat,Hillary Clinton,26535,143717
Oneida,Republican,Ted Cruz,473,1579
Rowan,Democrat,Bernie Sanders,1363,8305
Jackson,Democrat,Hillary Clinton,450,8479
Clackamas,Democrat,Bernie Sanders,27969,146527
Eau Claire,Democrat,Bernie Sanders,13058,39754
Wasco,Democrat,Bernie Sanders,1795,9612
Telfair,Republican,Donald Trump,626,5567
Rabun,Republican,Donald Trump,1732,6997
Pushmataha,Democrat,Bernie Sanders,667,4900
Orleans,Democrat,Hillary Clinton,40601,148398
Sanders,Republican,Donald Trump,1992,5149
Muscatine,Democrat,Bernie Sanders,972,16410
Cass,Republican,Donald Trump,2859,19663
Harrison,Republican,Donald Trump,4326,14499
Long,Republican,Donald Trump,633,4841
Jasper,Republican,Ted Cruz,928,3904
Dearborn,Republican,Donald Trump,6617,18556
Dodge,Republican,Donald Trump,1360,8186
Polk,Republican,Donald Trump,3360,14645
Dade,Republican,Ted Cruz,997,3175
Clay,Republican,Donald Trump,702,2647
Winston,Democrat,Hillary Clinton,1442,7635
Iron,Republican,Donald Trump,800,4126
Coweta,Republican,Donald Trump,9593,46912
Blaine,Republican,Donald Trump,543,9207
Jackson,Democrat,Hillary Clinton,48860,271545
Nueces,Democrat,Hillary Clinton,15662,123915
Madison,Republican,Donald Trump,1412,3542
Marion,Republican,Ted Cruz,1011,12691
Walton,Republican,Donald Trump,6650,22639
Fulton,Democrat,Hillary Clinton,701,5140
Fresno,Republican,Donald Trump,37672,289811
Washington,Republican,Donald Trump,3156,10631
Vernon,Democrat,Bernie Sanders,3476,11790
McLean,Democrat,Bernie Sanders,628,3770
Carroll,Democrat,Bernie Sanders,573,4269
Albany,Democrat,Bernie Sanders,25,15257
Shelby,Republican,Donald Trump,579,2597
Ben Hill,Republican,Donald Trump,1020,6110
Coal,Democrat,Bernie Sanders,456,2328
Sutter,Republican,Donald Trump,4697,31725
Jeff Davis,Democrat,Hillary Clinton,1806,4895
Arenac,Republican,Donald Trump,1141,6363
Lincoln,Democrat,Bernie Sanders,1510,8416
Calhoun,Democrat,Hillary Clinton,1536,6163
Luce,Republican,Donald Trump,407,2427
Sharkey,Democrat,Hillary Clinton,645,1725
Marshall,Democrat,Bernie Sanders,960,15350
Eaton,Democrat,Bernie Sanders,7007,43362
Bates,Republican,Donald Trump,1306,6832
Plumas,Republican,Donald Trump,2588,8997
Colfax,Republican,Donald Trump,494,3686
Adams,Republican,Donald Trump,5233,26912
Charlevoix,Republican,Donald Trump,1886,10667
Leon,Democrat,Hillary Clinton,27333,110377
Franklin,Republican,Donald Trump,1997,8618
Owyhee,Republican,Ted Cruz,717,3911
Baker,Democrat,Hillary Clinton,303,1374
Pike,Republican,Donald Trump,1930,6140
Cheyenne,Republican,Donald Trump,1130,4405
Kern,Republican,Donald Trump,33838,255271
Huntington,Republican,Donald Trump,4100,14138
Logan,Democrat,Bernie Sanders,1131,10912
Dent,Republican,Donald Trump,1688,5858
Webster,Republican,Donald Trump,1191,4084
Mahaska,Republican,Ted Cruz,669,9073
Stewart,Democrat,Hillary Clinton,460,1851
Dixon,Republican,Donald Trump,513,2348
Hamilton,Republican,Donald Trump,766,3512
Piatt,Republican,Ted Cruz,1855,6546
Habersham,Republican,Donald Trump,3289,14805
Karnes,Democrat,Hillary Clinton,719,4497
Randolph,Republican,Donald Trump,2352,9013
Scotland,Democrat,Hillary Clinton,2671,13047
Washington,Republican,Donald Trump,1370,5882
Crittenden,Democrat,Bernie Sanders,344,3794
Reeves,Democrat,Hillary Clinton,1128,3542
Broomfield,Democrat,Bernie Sanders,1010,22016
Carroll,Democrat,Hillary Clinton,504,8626
Catahoula,Democrat,Hillary Clinton,431,3767
Monroe,Republican,Donald Trump,6030,28503
Fremont,Democrat,Bernie Sanders,10,15425
Modoc,Republican,Donald Trump,1019,3983
Knott,Democrat,Bernie Sanders,1114,5892
Decatur,Republican,Donald Trump,1525,10525
Monroe,Republican,Donald Trump,8802,58702
Carbon,Democrat,Hillary Clinton,4,6077
Pulaski,Republican,Donald Trump,2821,26108
Natrona,Democrat,Hillary Clinton,20,31116
Jefferson,Democrat,Hillary Clinton,1550,2520
Hancock,Republican,Ted Cruz,385,4648
Cleveland,Republican,Ted Cruz,550,3346
Broward,Democrat,Hillary Clinton,132527,663458
Hot Springs,Democrat,Hillary Clinton,1,2238
Polk,Democrat,Hillary Clinton,12122,173164
Yazoo,Democrat,Hillary Clinton,2203,8710
Terrell,Democrat,Hillary Clinton,804,3351
Boone,Democrat,Bernie Sanders,15076,65649
Peoria,Democrat,Hillary Clinton,11341,75892
Quitman,Democrat,Hillary Clinton,986,3114
Franklin City,Democrat,Hillary Clinton,831,3551
Cole,Republican,Ted Cruz,6159,29302
Carroll,Republican,Donald Trump,1268,6671
Seminole,Democrat,Bernie Sanders,1194,9327
Kosciusko,Republican,Donald Trump,8748,29705
Haralson,Republican,Donald Trump,2818,10806
Garrett,Republican,Donald Trump,3564,11974
Crook,Democrat,Hillary Clinton,1,3010
Colleton,Democrat,Hillary Clinton,2932,14905
Ogle,Republican,Ted Cruz,4307,20745
Worth,Republican,Donald Trump,1890,7851
Madison,Democrat,Bernie Sanders,18723,107238
Brooks,Democrat,Hillary Clinton,1603,2439
Madison,Republican,Donald Trump,12487,50637
Marion,Republican,Donald Trump,31370,134002
Salt Lake,Democrat,Bernie Sanders,35610,344089
Brevard,Republican,Donald Trump,45483,220277
Teton,Democrat,Bernie Sanders,9,7583
Lee,Democrat,Hillary Clinton,956,3491
Winnebago,Democrat,Bernie Sanders,17818,68140
DuPage,Democrat,Bernie Sanders,65159,336028
Essex,Democrat,Hillary Clinton,75071,277302
Yuma,Republican,Donald Trump,4390,70122
Clay,Democrat,Hillary Clinton,960,6814
Berrien,Republican,Donald Trump,1563,7040
Tallahatchie,Democrat,Hillary Clinton,1341,4640
Pondera,Republican,Donald Trump,930,2302
Madera,Republican,Donald Trump,8247,42516
Spencer,Republican,Donald Trump,2350,7984
Colbert,Democrat,Hillary Clinton,3879,22260
Heard,Republican,Donald Trump,1068,4321
Monroe,Democrat,Hillary Clinton,37309,297040
Santa Rosa,Republican,Donald Trump,16044,57368
Union,Democrat,Hillary Clinton,1690,11854
Boone,Republican,Donald Trump,740,2242
Ralls,Republican,Donald Trump,961,4044
Jefferson,Republican,Donald Trump,3077,12668
Harrisonburg,Democrat,Bernie Sanders,2911,15701
Putnam,Republican,Donald Trump,565,2230
Wright,Republican,Donald Trump,1874,7295
Dorchester,Republican,Donald Trump,2744,13386
Bath,Democrat,Bernie Sanders,641,4447
Lawrence,Republican,Ted Cruz,4235,14817
Marion,Republican,Donald Trump,1581,7036
Moody,Democrat,Hillary Clinton,262,2686
Henry,Republican,Donald Trump,5714,18367
Bulloch,Republican,Donald Trump,3111,25254
Moffat,Democrat,Bernie Sanders,28,5062
Dane,Democrat,Bernie Sanders,102585,206982
Bibb,Republican,Donald Trump,1959,7091
Erie,Democrat,Hillary Clinton,19511,109675
Pearl River,Republican,Donald Trump,4562,20556
Caldwell,Republican,Donald Trump,780,3743
Floyd,Republican,Donald Trump,5945,34646
Randolph,Democrat,Hillary Clinton,690,3020
Effingham,Republican,Donald Trump,3648,17830
Webster,Democrat,Hillary Clinton,866,15458
Franklin,Republican,Donald Trump,2155,12437
Cherokee,Republican,Donald Trump,18460,76144
Henry,Republican,Donald Trump,1778,7001
Morgan,Republican,Donald Trump,10909,46192
Guilford,Democrat,Hillary Clinton,37880,196463
Silver Bow,Democrat,Hillary Clinton,4089,15042
Mississippi,Republican,Donald Trump,970,5227
Edwards,Republican,Donald Trump,867,2728
Manistee,Democrat,Bernie Sanders,1646,10571
Martinsville,Democrat,Hillary Clinton,834,5995
Mitchell,Democrat,Hillary Clinton,260,4389
Wright,Democrat,Hillary Clinton,273,5367
Marshall,Republican,Ted Cruz,1095,5021
Leake,Democrat,Hillary Clinton,1614,8069
Lincoln,Democrat,Bernie Sanders,3,6245
Knox,Republican,Donald Trump,1285,12350
Gentry,Republican,Donald Trump,435,2800
Stephenson,Republican,Ted Cruz,3038,19408
Fluvanna,Democrat,Hillary Clinton,1355,9462
Chesapeake,Democrat,Hillary Clinton,16126,79421
Park,Republican,Donald Trump,1901,6445
Morgan,Republican,Donald Trump,10235,25621
Duplin,Democrat,Hillary Clinton,3036,22052
Bourbon,Democrat,Hillary Clinton,1109,7865
Madison,Democrat,Hillary Clinton,722,4068
Hall,Republican,Donald Trump,3818,22168
Russell,Democrat,Hillary Clinton,4381,21142
Wayne,Republican,Ted Cruz,171,2589
Lafayette,Republican,Donald Trump,2518,13117
Grayson,Republican,Donald Trump,749,9897
Beadle,Democrat,Hillary Clinton,501,7343
Glades,Republican,Donald Trump,632,3843
Grand,Democrat,Bernie Sanders,636,3633
Emmet,Democrat,Bernie Sanders,2589,13545
Pike,Republican,Donald Trump,2493,12959
Albany,Democrat,Bernie Sanders,20422,122700
Hooker,Republican,Donald Trump,119,295
Ogemaw,Republican,Donald Trump,1612,8998
Jasper,Democrat,Hillary Clinton,1976,7015
Holmes,Democrat,Hillary Clinton,3301,6511
Fleming,Democrat,Bernie Sanders,806,5539
Franklin,Republican,Donald Trump,9080,39263
Jennings,Republican,Donald Trump,3361,10632
Trinity,Republican,Donald Trump,1026,5668
White,Republican,Ted Cruz,4395,29632
Clinton,Democrat,Bernie Sanders,4524,28534
Frontier,Republican,Donald Trump,315,1086
Schuyler,Republican,Donald Trump,697,3056
Montgomery,Republican,Donald Trump,712,3185
Clatsop,Democrat,Bernie Sanders,3334,15749
Somerset,Democrat,Hillary Clinton,19667,115531
Kent,Republican,Donald Trump,8294,58524
Phillips,Democrat,Bernie Sanders,18,1668
Chouteau,Republican,Donald Trump,865,2228
Beauregard,Republican,Ted Cruz,1363,12948
Jefferson,Democrat,Bernie Sanders,347,2456
Maverick,Democrat,Hillary Clinton,4342,15714
Buffalo,Democrat,Hillary Clinton,110,542
Appling,Republican,Donald Trump,1290,6934
McDonald,Republican,Donald Trump,1580,8221
Wayne,Democrat,Bernie Sanders,2898,16555
Fremont,Democrat,Hillary Clinton,10,15425
Jefferson,Republican,Ted Cruz,3080,8058
Caroline,Republican,Donald Trump,2521,11806
Monroe,Democrat,Bernie Sanders,15166,53914
Alpena,Republican,Donald Trump,1885,12899
Crockett,Democrat,Hillary Clinton,266,1375
Macon,Democrat,Hillary Clinton,4293,8107
Polk,Republican,Ted Cruz,3430,11937
Cass,Democrat,Hillary Clinton,300,6081
Shoshone,Republican,Donald Trump,632,5714
Chattahoochee,Democrat,Hillary Clinton,182,2613
Lauderdale,Republican,Donald Trump,7502,38458
Davis,Republican,Donald Trump,205,3115
Tunica,Democrat,Hillary Clinton,904,4116
Marin,Democrat,Hillary Clinton,27238,102912
Escambia,Republican,Donald Trump,20856,111689
Mason,Republican,Donald Trump,896,6310
Randolph,Republican,Donald Trump,735,7244
Macoupin,Democrat,Bernie Sanders,3552,19254
Sioux,Republican,Ted Cruz,1524,11623
Logan,Republican,Ted Cruz,2361,10963
Jenkins,Republican,Donald Trump,513,3354
Wilkinson,Democrat,Hillary Clinton,832,3348
Henry,Republican,Donald Trump,1636,9551
Wayne,Democrat,Hillary Clinton,7546,47330
Cleburne,Republican,Donald Trump,2530,10286
Panola,Democrat,Hillary Clinton,3061,11928
Abbeville,Democrat,Hillary Clinton,1501,9809
Grundy,Republican,Donald Trump,3625,18082
Harmon,Democrat,Bernie Sanders,167,1106
El Paso,Democrat,Hillary Clinton,36067,255573
Lee,Democrat,Hillary Clinton,929,14241
Adams,Democrat,Bernie Sanders,3279,152803
Clay,Republican,Donald Trump,1294,5486
Kalamazoo,Democrat,Bernie Sanders,20146,100072
Wayne,Republican,Donald Trump,6116,28185
Dewey,Democrat,Bernie Sanders,342,1687
Little River,Democrat,Hillary Clinton,721,5315
Clayton,Democrat,Bernie Sanders,408,7707
Cass,Republican,Ted Cruz,7671,37307
Taylor,Republican,Donald Trump,1203,7672
Ouachita,Democrat,Hillary Clinton,2095,10733
Midland,Republican,Ted Cruz,4720,33717
Jeff Davis,Republican,Donald Trump,1071,5509
Stone,Republican,Donald Trump,993,5135
Henderson,Democrat,Hillary Clinton,2887,18787
Colquitt,Republican,Donald Trump,2967,15918
Grant,Democrat,Bernie Sanders,715,8334
Camas,Republican,Donald Trump,130,464
Mendocino,Democrat,Bernie Sanders,4654,33878
Pike,Democrat,Bernie Sanders,4848,26362
Forsyth,Democrat,Hillary Clinton,24446,140439
Daviess,Republican,Donald Trump,3894,11160
Metcalfe,Democrat,Bernie Sanders,582,3919
Haywood,Democrat,Hillary Clinton,1197,7099
West Feliciana,Democrat,Hillary Clinton,902,4007
Wabash,Republican,Donald Trump,3932,12703
Edmonson,Republican,Donald Trump,531,4766
Harrison,Republican,Donald Trump,315,5996
Turner,Republican,Donald Trump,652,3166
Bexar,Democrat,Hillary Clinton,76502,604698
St. Clair,Republican,Donald Trump,8596,31353
Bayfield,Democrat,Bernie Sanders,2604,6964
New Madrid,Republican,Donald Trump,1376,7423
Louisa,Republican,Donald Trump,261,4381
Seminole,Republican,Donald Trump,754,3317
Custer,Democrat,Bernie Sanders,45,2048
Lancaster,Republican,Donald Trump,13251,115237
Boone,Republican,Donald Trump,2577,15086
Dallas,Democrat,Hillary Clinton,8577,16173
Deuel,Republican,Donald Trump,274,855
Prairie,Democrat,Hillary Clinton,558,3737
Covington,Republican,Donald Trump,1724,7036
Garfield,Democrat,Bernie Sanders,734,20163
Union,Democrat,Bernie Sanders,1106,5586
Gilmer,Republican,Donald Trump,3314,11513
Montgomery,Democrat,Hillary Clinton,28650,88844
Starke,Republican,Donald Trump,2456,8964
Gladwin,Republican,Donald Trump,1774,10895
Culberson,Democrat,Hillary Clinton,355,838
Buena Vista,Republican,Ted Cruz,309,7615
Wakulla,Republican,Donald Trump,1664,10455
St. Joseph,Republican,Donald Trump,19059,101947
Newton,Republican,Donald Trump,1794,7931
Jefferson,Republican,Donald Trump,17781,80812
Webster,Republican,Ted Cruz,4124,12668
Keith,Republican,Donald Trump,1253,3786
Fayette,Republican,Donald Trump,2744,9536
Marion,Republican,Donald Trump,2760,15893
Albemarle,Democrat,Hillary Clinton,8284,37964
Cass,Republican,Donald Trump,1811,9701
Bolivar,Democrat,Hillary Clinton,3029,12301
Greensville,Democrat,Hillary Clinton,832,3389
Lamar,Republican,Donald Trump,1398,6393
Fulton,Democrat,Hillary Clinton,315,2744
Vernon,Republican,Donald Trump,1530,7999
Evans,Republican,Donald Trump,481,4067
Delaware,Democrat,Bernie Sanders,1773,16589
Dakota,Republican,Donald Trump,819,7309
Wabash,Republican,Donald Trump,977,4785
Coles,Republican,Donald Trump,3156,21046
Cerro Gordo,Democrat,Bernie Sanders,1108,19967
Kimball,Republican,Donald Trump,439,1641
Spalding,Republican,Donald Trump,4257,22997
Daviess,Democrat,Bernie Sanders,5188,37677
Maui,Democrat,Bernie Sanders,4419,52623
Miner,Democrat,Hillary Clinton,109,1053
Humphreys,Democrat,Hillary Clinton,2894,3107
Okeechobee,Republican,Donald Trump,2202,12999
Atchison,Republican,Donald Trump,487,2448
Frio,Democrat,Hillary Clinton,1864,4805
Ouachita,Democrat,Hillary Clinton,8995,57551
Berrien,Republican,Donald Trump,7817,60414
Jones,Democrat,Bernie Sanders,480,8063
Laramie,Democrat,Hillary Clinton,26,36859
Lawrence,Democrat,Bernie Sanders,659,5823
Lowndes,Republican,Donald Trump,5194,39722
Greer,Democrat,Bernie Sanders,332,2246
Essex,Democrat,Bernie Sanders,1932,15919
Allen,Democrat,Hillary Clinton,536,8099
New Castle,Democrat,Hillary Clinton,38580,200739
Lee,Democrat,Hillary Clinton,7137,55864
Sussex,Republican,Donald Trump,17794,76444
St. Charles,Republican,Donald Trump,30489,135974
Iron,Republican,Donald Trump,868,5289
Whitley,Republican,Ted Cruz,4064,13094
Tompkins,Democrat,Bernie Sanders,9298,38409
Livingston,Democrat,Bernie Sanders,610,3569
Lake,Democrat,Hillary Clinton,49750,241072
Pike,Republican,Donald Trump,1603,6708
Martin,Republican,Donald Trump,16065,59891
Hamilton,Democrat,Hillary Clinton,758,4657
Tipton,Republican,Donald Trump,2269,6622
Hitchcock,Republican,Donald Trump,305,1366
Scott,Republican,Donald Trump,510,2113
Effingham,Republican,Ted Cruz,3448,13544
Buchanan,Democrat,Hillary Clinton,525,8187
Crook,Democrat,Bernie Sanders,1,3010
Wayne,Republican,Donald Trump,1735,8105
Greenwood,Democrat,Hillary Clinton,3588,27004
Marion,Democrat,Hillary Clinton,3359,12049
Jefferson,Democrat,Hillary Clinton,1519,6220
DeKalb,Republican,Donald Trump,4203,16032
Prince George's,Democrat,Hillary Clinton,113912,303441
Davidson,Democrat,Hillary Clinton,43691,256745
Washington,Republican,Donald Trump,1739,8533
East Feliciana,Democrat,Hillary Clinton,1847,6991
Perry,Democrat,Bernie Sanders,1666,10801
San Luis Obispo,Republican,Donald Trump,19313,102154
Bullock,Democrat,Hillary Clinton,2451,3741
Ingham,Democrat,Bernie Sanders,22909,108823
Cibola,Democrat,Hillary Clinton,1586,8016
Lake,Democrat,Bernie Sanders,165,3079
Marion,Democrat,Hillary Clinton,59649,360072
Crisp,Republican,Donald Trump,1204,8832
Carroll,Democrat,Hillary Clinton,0,11019
Osage,Democrat,Hillary Clinton,2390,18512
Lauderdale,Republican,Donald Trump,4740,29809
Dubuque,Democrat,Hillary Clinton,2504,37366
Clinton,Democrat,Bernie Sanders,4301,31901
DeKalb,Democrat,Bernie Sanders,8315,37844
Door,Democrat,Bernie Sanders,3417,13459
Calhoun,Democrat,Bernie Sanders,200,4356
Pierce,Republican,Donald Trump,617,2916
Morgan,Democrat,Bernie Sanders,87,10446
Franklin,Democrat,Hillary Clinton,226,4358
Morehouse,Democrat,Hillary Clinton,1513,10482
Linn,Republican,Donald Trump,955,4854
Dona Ana,Democrat,Hillary Clinton,9097,73797
Johnson,Republican,Donald Trump,684,3250
Fayette,Republican,Donald Trump,1933,8124
Alamosa,Democrat,Bernie Sanders,167,5891
Chattooga,Republican,Donald Trump,1674,9457
Scott,Democrat,Hillary Clinton,2505,17989
Jefferson,Democrat,Hillary Clinton,1671,5347
Jerome,Republican,Ted Cruz,1164,7676
Shelby,Democrat,Bernie Sanders,232,5083
Shelby,Republican,Donald Trump,5044,17171
Coffee,Republican,Donald Trump,4304,18820
Ballard,Democrat,Bernie Sanders,659,3327
Nemaha,Republican,Donald Trump,472,3001
Lafayette,Republican,Donald Trump,2521,15743
Watauga,Democrat,Bernie Sanders,5811,20909
Alpine,Democrat,Bernie Sanders,129,394
Estill,Democrat,Hillary Clinton,446,5829
Massac,Republican,Donald Trump,1341,6053
Georgetown,Democrat,Hillary Clinton,4931,23115
Benzie,Democrat,Bernie Sanders,1650,7682
Washington,Democrat,Hillary Clinton,601,4480
Conway,Democrat,Hillary Clinton,1755,8154
Brown,Republican,Donald Trump,502,2105
Chickasaw,Democrat,Hillary Clinton,1398,6614
Merced,Democrat,Hillary Clinton,7169,75409
Presque Isle,Republican,Donald Trump,916,6253
Missaukee,Republican,Donald Trump,1221,5891
Wilcox,Republican,Donald Trump,602,2705
San Miguel,Democrat,Hillary Clinton,3418,11435
Phillips,Democrat,Hillary Clinton,2696,8339
Gordon,Republican,Donald Trump,4339,19066
Highlands,Republican,Donald Trump,7480,39931
Pierce,Democrat,Bernie Sanders,3199,15069
St. Clair,Democrat,Hillary Clinton,20987,102885
Montgomery,Democrat,Hillary Clinton,75333,307488
Jefferson,Democrat,Hillary Clinton,17581,167251
Daniels,Republican,Donald Trump,340,890
Hopewell,Democrat,Hillary Clinton,1177,8766
Wilkinson,Democrat,Hillary Clinton,1269,3496
Oregon,Republican,Donald Trump,941,4572
Jones,Republican,Donald Trump,2318,10384
Judith Basin,Republican,Donald Trump,421,879
Hart,Democrat,Bernie Sanders,1062,7115
Hempstead,Republican,Ted Cruz,917,8296
Mahoning,Democrat,Hillary Clinton,21000,98201
McCreary,Republican,Donald Trump,725,6312
Ozark,Republican,Donald Trump,1099,4063
Placer,Republican,Donald Trump,25700,132709
Cortland,Democrat,Bernie Sanders,1878,18069
Yellowstone,Republican,Donald Trump,17925,61023
Winneshiek,Democrat,Bernie Sanders,616,8042
Limestone,Republican,Donald Trump,8198,31794
Mason,Democrat,Bernie Sanders,775,6569
Mecosta,Republican,Donald Trump,2113,15536
Orangeburg,Democrat,Hillary Clinton,11819,34180
Montgomery,Democrat,Bernie Sanders,1322,10168
Los Angeles,Democrat,Hillary Clinton,590502,3230383
Pope,Republican,Donald Trump,3073,22603
White,Republican,Donald Trump,1424,6240
Shannon,Republican,Donald Trump,808,3220
Hidalgo,Democrat,Hillary Clinton,40276,217691
Union,Democrat,Hillary Clinton,2548,16596
Somerset,Republican,Donald Trump,1686,8419
Grundy,Republican,Ted Cruz,272,5073
Screven,Republican,Donald Trump,801,5165
Jackson,Democrat,Hillary Clinton,2798,16244
Perkins,Republican,Donald Trump,331,1262
Siskiyou,Republican,Donald Trump,3573,19417
Bremer,Democrat,Hillary Clinton,640,9258
Caswell,Democrat,Hillary Clinton,1701,8813
Monterey,Democrat,Hillary Clinton,17126,125428
Perry,Republican,Donald Trump,1461,7982
Saguache,Democrat,Bernie Sanders,219,2692
Montgomery,Democrat,Bernie Sanders,5090,34789
Duval,Democrat,Hillary Clinton,58632,330897
West Baton Rouge,Democrat,Hillary Clinton,2178,8820
Jefferson,Republican,Donald Trump,1648,4527
Franklin,Democrat,Hillary Clinton,665,4294
Clark,Republican,Donald Trump,545,2749
Grant,Republican,Donald Trump,5992,26981
Goshen,Democrat,Hillary Clinton,3,5255
Lawrence,Republican,Donald Trump,5971,18592
Newton,Republican,Ted Cruz,6452,22045
Taos,Democrat,Bernie Sanders,4325,13338
Clare,Republican,Donald Trump,1996,13215
Washington,Democrat,Hillary Clinton,1663,17599
Stone,Republican,Ted Cruz,1428,5871
Sonoma,Democrat,Hillary Clinton,44923,185660
Choctaw,Republican,Donald Trump,765,3378
Rock,Democrat,Bernie Sanders,17337,63309
Burt,Republican,Donald Trump,603,2899
Perry,Democrat,Hillary Clinton,2575,3400
Allendale,Democrat,Hillary Clinton,1022,3424
Union,Democrat,Bernie Sanders,268,5339
Twin Falls,Republican,Ted Cruz,4717,28166
Graves,Democrat,Bernie Sanders,2631,14419
Marion,Democrat,Hillary Clinton,1162,7368
Peach,Democrat,Hillary Clinton,1675,9525
Carter,Republican,Donald Trump,623,2426
Irwin,Republican,Donald Trump,869,3277
Pottawatomie,Democrat,Bernie Sanders,3400,25658
Butler,Republican,Donald Trump,564,5124
Jessamine,Democrat,Bernie Sanders,2113,18012
Wake,Democrat,Hillary Clinton,77927,348627
Chilton,Republican,Donald Trump,5273,16232
Lake,Republican,Donald Trump,26393,117250
Phillips,Republican,Donald Trump,1097,1800
Houston,Republican,Donald Trump,7091,52330
Lake,Republican,Donald Trump,2927,11829
San Francisco,Democrat,Hillary Clinton,85070,345344
Adams,Republican,Ted Cruz,3851,12127
Webster,Democrat,Bernie Sanders,1169,5150
Allegany,Republican,Donald Trump,6272,28433
Custer,Republican,Donald Trump,430,1870
Calhoun,Democrat,Bernie Sanders,803,3141
Ziebach,Democrat,Bernie Sanders,132,803
Blount,Republican,Donald Trump,7390,21108
Clinton,Democrat,Bernie Sanders,1234,20008
Phelps,Republican,Donald Trump,963,3808
Calhoun,Republican,Donald Trump,1323,5944
Fulton,Democrat,Bernie Sanders,2537,14610
Macon,Democrat,Hillary Clinton,977,4887
Cascade,Republican,Donald Trump,8129,33430
Pickens,Democrat,Hillary Clinton,2326,7926
Antrim,Republican,Donald Trump,1969,9731
Jerauld,Democrat,Hillary Clinton,96,882
Butler,Democrat,Hillary Clinton,2196,8235
Meriwether,Democrat,Hillary Clinton,1463,8135
Lincoln,Republican,Ted Cruz,276,1617
LaGrange,Republican,Donald Trump,2571,11833
Floyd,Democrat,Hillary Clinton,453,7007
Gage,Republican,Donald Trump,1407,9133
Kemper,Democrat,Hillary Clinton,1008,3605
Weston,Democrat,Hillary Clinton,1,2975
Refugio,Democrat,Hillary Clinton,549,2818
Fallon,Republican,Donald Trump,734,1199
Day,Democrat,Hillary Clinton,343,2511
Duval,Democrat,Hillary Clinton,2272,3901
Franklin,Democrat,Bernie Sanders,5398,21058
Plaquemines,Republican,Donald Trump,705,8615
Clinton,Republican,Donald Trump,771,3960
Spencer,Democrat,Bernie Sanders,806,6230
Hardin,Republican,Ted Cruz,417,7061
Bibb,Democrat,Hillary Clinton,12944,56585
Wilcox,Democrat,Hillary Clinton,3337,3866
Warrick,Republican,Donald Trump,7450,22454
Winchester,Democrat,Hillary Clinton,949,10393
Cedar,Republican,Donald Trump,775,3529
Lee,Republican,Donald Trump,51659,241531
Marlboro,Democrat,Hillary Clinton,2132,9779
Johnson,Republican,Donald Trump,3035,20092
Bollinger,Republican,Donald Trump,1272,4758
Big Horn,Democrat,Bernie Sanders,2,4462
Amador,Republican,Donald Trump,3605,14262
Miami-Dade,Democrat,Hillary Clinton,129467,828031
La Plata,Democrat,Bernie Sanders,1466,20947
Greeley,Republican,Donald Trump,125,1011
Loudoun,Democrat,Hillary Clinton,21171,106997
Powell,Republican,Donald Trump,818,2411
Franklin,Republican,Donald Trump,3487,8551
St. Mary,Democrat,Hillary Clinton,1995,20092
Iberville,Democrat,Hillary Clinton,3699,11192
Osceola,Republican,Donald Trump,1812,8987
Bradley,Republican,Donald Trump,770,4789
Pontotoc,Democrat,Bernie Sanders,2392,14793
Winnebago,Democrat,Bernie Sanders,230,4591
Lafayette,Democrat,Hillary Clinton,443,2722
Putnam,Republican,Donald Trump,5119,28047
Washington,Democrat,Hillary Clinton,1741,7119
Chambers,Democrat,Hillary Clinton,2899,13722
Washtenaw,Democrat,Bernie Sanders,38063,135800
Houghton,Democrat,Bernie Sanders,2039,14029
Carroll,Republican,Donald Trump,1133,3757
Vermilion,Republican,Donald Trump,1460,21765
Neshoba,Republican,Donald Trump,2249,10829
Gogebic,Democrat,Bernie Sanders,790,7070
Marshall,Democrat,Bernie Sanders,2308,11963
Marshall,Democrat,Bernie Sanders,738,5970
Kinney,Democrat,Hillary Clinton,211,1195
Mississippi,Democrat,Hillary Clinton,2017,17058
Minidoka,Republican,Ted Cruz,1163,6994
Garvin,Democrat,Bernie Sanders,1505,10294
Keya Paha,Republican,Donald Trump,203,354
Ascension,Democrat,Hillary Clinton,4221,38287
Mecklenburg,Democrat,Hillary Clinton,71265,366689
Jackson,Republican,Donald Trump,711,6541
Gratiot,Democrat,Bernie Sanders,1812,14787
Crawford,Republican,Donald Trump,1508,7731
Cobb,Democrat,Hillary Clinton,39277,261242
Butte,Republican,Ted Cruz,275,1022
Nowata,Democrat,Bernie Sanders,530,4050
Fairfield,Democrat,Hillary Clinton,3260,9408
Baca,Democrat,Hillary Clinton,15,1651
Clarke,Republican,Donald Trump,1399,6305
Noble,Republican,Donald Trump,4422,17722
Greene,Republican,Ted Cruz,26784,115574
Hall,Republican,Donald Trump,12536,61220
DeKalb,Republican,Donald Trump,6247,24923
Ringgold,Democrat,Hillary Clinton,132,2074
Yavapai,Republican,Donald Trump,17005,91349
Harlan,Republican,Donald Trump,436,1573
Kauai,Democrat,Bernie Sanders,2049,22390
Franklin,Republican,Ted Cruz,1187,4150
Bent,Democrat,Hillary Clinton,26,1873
Marengo,Democrat,Hillary Clinton,3590,8464
Saline,Republican,Donald Trump,2102,10174
Magoffin,Democrat,Bernie Sanders,626,4931
Lee,Democrat,Hillary Clinton,3224,21204
Leelanau,Democrat,Bernie Sanders,2359,9103
Athens,Democrat,Bernie Sanders,5663,22181
Fremont,Democrat,Bernie Sanders,268,16938
Lake,Democrat,Bernie Sanders,2704,26505
Merrick,Republican,Donald Trump,775,3316
Clarendon,Democrat,Hillary Clinton,3564,12690
Treasure,Republican,Donald Trump,143,332
Yell,Republican,Donald Trump,911,7917
Greene,Democrat,Hillary Clinton,1643,7104
Hughes,Democrat,Bernie Sanders,873,4920
Sac,Republican,Donald Trump,212,4435
Carroll,Republican,Ben Carson,0,11019
Allegheny,Democrat,Hillary Clinton,122399,526004
Kleberg,Democrat,Hillary Clinton,1738,11241
Monroe,Republican,Donald Trump,2262,9550
Indian River,Republican,Donald Trump,13678,58038
Kenton,Democrat,Hillary Clinton,5146,61800
Knox,Republican,Donald Trump,343,1724
Boundary,Republican,Ted Cruz,901,4144
Garrard,Republican,Donald Trump,581,6302
Gulf,Republican,Donald Trump,1038,5414
Clarke,Democrat,Hillary Clinton,7089,41358
Orange,Democrat,Bernie Sanders,18096,51403
Prince George,Democrat,Hillary Clinton,1992,10848
Delaware,Republican,Donald Trump,8793,46325
Webster,Democrat,Bernie Sanders,837,3928
Covington,Democrat,Hillary Clinton,244,2545
Benton,Republican,Donald Trump,2278,8225
Hayes,Republican,Donald Trump,103,477
Shelby,Republican,Ted Cruz,2069,8991
Richland,Republican,Donald Trump,1469,6620
Winston,Republican,Donald Trump,3352,9489
Custer,Republican,Donald Trump,1363,4986
Oklahoma,Democrat,Hillary Clinton,34255,285320
Andrew,Republican,Donald Trump,1457,6691
Warren,Republican,Donald Trump,1321,3283
DeKalb,Republican,Donald Trump,800,3769
Allegan,Republican,Ted Cruz,7530,41794
Hawaii,Democrat,Bernie Sanders,5605,64909
Douglas,Republican,Ted Cruz,1764,7509
Decatur,Republican,Donald Trump,3319,9792
Hamilton,Republican,Donald Trump,1030,3488
Tehama,Republican,Donald Trump,3940,23374
Jackson,Democrat,Hillary Clinton,15,648
Caldwell,Democrat,Bernie Sanders,866,5232
Douglas,Republican,Donald Trump,23754,204226
Suffolk,Democrat,Hillary Clinton,7533,30492
Sumter,Democrat,Hillary Clinton,1960,11493
Fulton,Democrat,Hillary Clinton,82576,368184
Washington,Democrat,Bernie Sanders,12,2019
Glascock,Republican,Donald Trump,405,1189
Kenedy,Democrat,Hillary Clinton,63,159
Howard,Republican,Donald Trump,534,2576
St. James,Democrat,Hillary Clinton,2114,7786
Sharp,Republican,Donald Trump,1241,7023
Colfax,Democrat,Hillary Clinton,949,5574
Hinsdale,Democrat,Bernie Sanders,10,388
Clark,Republican,Ted Cruz,62,304
Hood River,Democrat,Bernie Sanders,2527,8144
Bernalillo,Democrat,Bernie Sanders,38247,263135
Aurora,Democrat,Hillary Clinton,150,1102
Morrill,Republican,Donald Trump,695,2037
Haywood,Democrat,Bernie Sanders,3873,26608
East Baton Rouge,Democrat,Hillary Clinton,32960,167422
Schoolcraft,Republican,Donald Trump,529,3590
Knox,Democrat,Bernie Sanders,3168,21481
Laurel,Republican,Donald Trump,2313,22931
Fountain,Republican,Donald Trump,2742,6925
Lemhi,Republican,Donald Trump,757,3832
Willacy,Democrat,Hillary Clinton,2072,5499
Sweet Grass,Republican,Donald Trump,707,1304
Valencia,Democrat,Hillary Clinton,3123,26894
Lassen,Republican,Donald Trump,2508,9945
Union,Democrat,Hillary Clinton,40972,185483
Palm Beach,Democrat,Hillary Clinton,103369,526007
Crawford,Republican,Ted Cruz,3926,23368
Gloucester,Democrat,Hillary Clinton,17954,104145
Montmorency,Republican,Donald Trump,1046,4128
Hyde,Democrat,Hillary Clinton,459,2148
Washington,Democrat,Hillary Clinton,9110,79214
Johnson,Republican,Donald Trump,326,1926
Benton,Republican,Donald Trump,1175,3444
Randolph,Republican,Donald Trump,2939,10429
Routt,Democrat,Bernie Sanders,406,9647
Buchanan,Republican,Donald Trump,4691,33331
Sheridan,Democrat,Bernie Sanders,7,12381
Escambia,Republican,Donald Trump,2817,13681
Washington,Democrat,Hillary Clinton,1374,5056
Gilchrist,Republican,Donald Trump,1860,6240
Hampton,Democrat,Hillary Clinton,1930,7470
Iosco,Republican,Donald Trump,1973,11172
Montgomery,Democrat,Hillary Clinton,953,4229
Howard,Republican,Donald Trump,8475,34544
Chicot,Democrat,Hillary Clinton,1370,4510
Lenawee,Republican,Donald Trump,5167,37754
Macomb,Republican,Donald Trump,60492,332818
Monroe,Republican,Donald Trump,698,3497
Sumter,Democrat,Hillary Clinton,2987,5060
Henrico,Democrat,Hillary Clinton,28121,123683
Jim Hogg,Democrat,Hillary Clinton,1421,1805
Posey,Republican,Donald Trump,3159,10050
Walker,Republican,Donald Trump,8394,25751
Bertie,Democrat,Hillary Clinton,2065,7629
Grenada,Republican,Donald Trump,1727,7941
Logan,Republican,Donald Trump,1208,8233
Dallas,Democrat,Hillary Clinton,693,3269
Levy,Republican,Donald Trump,3745,15582
Antelope,Republican,Donald Trump,772,2855
Fairfax City,Democrat,Hillary Clinton,1840,8492
Wexford,Republican,Donald Trump,2578,12473
Clay,Democrat,Bernie Sanders,303,7148
Nelson,Democrat,Hillary Clinton,991,6404
Sunflower,Democrat,Hillary Clinton,2332,8394
Mora,Democrat,Hillary Clinton,986,1532
Tuolumne,Republican,Donald Trump,4949,22025
Park,Democrat,Bernie Sanders,8,11801
Pueblo,Democrat,Hillary Clinton,1260,62439
Leflore,Democrat,Hillary Clinton,2094,10887
Noxubee,Democrat,Hillary Clinton,1397,4194
Tangipahoa,Democrat,Hillary Clinton,4267,44418
Claiborne,Democrat,Hillary Clinton,768,5726
Box Butte,Republican,Donald Trump,1188,4860
Nassau,Democrat,Hillary Clinton,70947,441955
Allamakee,Democrat,Hillary Clinton,304,5862
Mesa,Democrat,Bernie Sanders,1095,58598
Caroline,Democrat,Hillary Clinton,1902,10680
Norfolk,Democrat,Hillary Clinton,15747,85557
Stark,Republican,Ted Cruz,448,2416
Schley,Republican,Donald Trump,331,1829
Muskogee,Democrat,Bernie Sanders,3515,26802
Greenlee,Democrat,Hillary Clinton,497,3386
Kootenai,Republican,Ted Cruz,11924,55679
Bladen,Democrat,Hillary Clinton,3442,14256
Sheridan,Democrat,Hillary Clinton,7,12381
Montcalm,Republican,Donald Trump,3051,23400
Adair,Democrat,Hillary Clinton,168,3295
Mercer,Democrat,Hillary Clinton,29505,130754
Moniteau,Republican,Ted Cruz,1374,5464
DeSoto,Republican,Ted Cruz,12300,57979
Westchester,Democrat,Hillary Clinton,69628,343561
St. John the Baptist,Democrat,Hillary Clinton,3818,15440
Citrus,Republican,Donald Trump,15232,60319
Guthrie,Democrat,Hillary Clinton,220,4641
Ashley,Democrat,Hillary Clinton,1375,8656
Jefferson,Democrat,Hillary Clinton,67357,259634
Harlan,Democrat,Bernie Sanders,1092,11343
Grant,Republican,Ted Cruz,1329,6855
Pulaski,Republican,Donald Trump,2802,15747
Richland,Republican,Donald Trump,1435,4270
Taylor,Republican,Donald Trump,550,3681
Platte,Republican,Donald Trump,2902,12477
Orange,Republican,Donald Trump,146888,995512
Union,Republican,Donald Trump,875,2943
Clinton,Republican,Donald Trump,3252,11745
Grant,Democrat,Hillary Clinton,2272,12216
Henry,Democrat,Bernie Sanders,958,6008
Coffee,Republican,Donald Trump,2469,14497
Marshall,Democrat,Hillary Clinton,287,1683
Lincoln,Democrat,Bernie Sanders,4674,20913
Pike,Republican,Donald Trump,1649,5149
Madison,Republican,Donald Trump,7540,36342
Worcester,Republican,Donald Trump,5808,20530
Kershaw,Democrat,Hillary Clinton,3743,24084
Sedgwick,Democrat,Hillary Clinton,13,943
Grand,Democrat,Bernie Sanders,187,5227
Canyon,Republican,Ted Cruz,11164,63442
DeSoto,Republican,Donald Trump,1445,10622
Holt,Republican,Donald Trump,1302,4469
Frederick,Republican,Donald Trump,15076,86337
Clark,Republican,Donald Trump,1484,6568
Whiteside,Democrat,Bernie Sanders,3102,23370
Clearwater,Republican,Donald Trump,629,3545
DeWitt,Republican,Donald Trump,1577,6802
Monona,Republican,Ted Cruz,185,3981
Fairfax,Democrat,Hillary Clinton,86898,389908
Keweenaw,Democrat,Bernie Sanders,188,1014
Alcona,Republican,Donald Trump,1111,4863
Sandoval,Democrat,Hillary Clinton,7448,47164
Jersey,Republican,Donald Trump,1902,8752
Geneva,Republican,Donald Trump,3106,10945
Tazewell,Republican,Ted Cruz,12085,54428
Kiowa,Democrat,Hillary Clinton,5,559
Martin,Republican,Donald Trump,586,4449
Washington,Republican,Ted Cruz,783,3938
Yolo,Democrat,Hillary Clinton,12567,70347
Bonner,Republican,Ted Cruz,3132,17388
Van Buren,Democrat,Bernie Sanders,3656,28374
Ulster,Democrat,Bernie Sanders,11572,69862
Warren,Democrat,Bernie Sanders,5365,44240
Brewster,Democrat,Bernie Sanders,771,4152
Williamsburg,Democrat,Hillary Clinton,4609,11621
Morgan,Republican,Donald Trump,2378,13926
Allen,Republican,Ted Cruz,29963,138212
Echols,Republican,Donald Trump,268,1382
Starr,Democrat,Hillary Clinton,6918,15949
Graham,Republican,Ted Cruz,1606,11031
Brooklyn,Democrat,Hillary Clinton,174236,916025
Fannin,Republican,Donald Trump,3001,9940
Poweshiek,Democrat,Bernie Sanders,475,7488
Greenup,Democrat,Bernie Sanders,1655,14465
San Bernardino,Democrat,Hillary Clinton,71246,603879
Crawford,Republican,Donald Trump,1162,4237
Lee,Democrat,Hillary Clinton,2207,6737
Bartow,Republican,Donald Trump,8281,34567
Franklin,Democrat,Bernie Sanders,2338,19238
Pitt,Democrat,Hillary Clinton,11856,66026
Hancock,Democrat,Bernie Sanders,573,3361
Banks,Republican,Donald Trump,1806,6772
Crawford,Republican,Ted Cruz,226,6300
Butte,Republican,Donald Trump,15695,84816
Issaquena,Democrat,Hillary Clinton,175,461
Rio Arriba,Democrat,Hillary Clinton,4915,14783
Guadalupe,Democrat,Hillary Clinton,399,1260
Adams,Democrat,Hillary Clinton,113,1745
Cuyahoga,Democrat,Hillary Clinton,125914,534476
Ripley,Republican,Donald Trump,1096,5544
Washington,Republican,Ted Cruz,542,8948
Allen,Republican,Donald Trump,640,8061
Santa Cruz,Democrat,Bernie Sanders,25171,93504
Ventura,Democrat,Hillary Clinton,45848,267076
Lincoln,Republican,Donald Trump,742,3394
Hamilton,Democrat,Hillary Clinton,353,6395
Terrell,Democrat,Hillary Clinton,67,403
Maricopa,Republican,Donald Trump,144522,1411727
Logan,Democrat,Hillary Clinton,77,8015
Butler,Republican,Donald Trump,3652,17085
Meagher,Republican,Donald Trump,394,716
Itawamba,Republican,Donald Trump,1905,8859
Clark,Republican,Donald Trump,10635,42502
Adair,Republican,Donald Trump,1512,7241
West Carroll,Republican,Ted Cruz,342,4130
Apache,Democrat,Hillary Clinton,4450,19055
Chesterfield,Democrat,Hillary Clinton,2209,17622
Hoke,Democrat,Hillary Clinton,3528,16161
Richland,Democrat,Bernie Sanders,1784,7343
Lee,Republican,Donald Trump,2153,13504
Appanoose,Republican,Donald Trump,292,5534
Gunnison,Democrat,Bernie Sanders,481,6293
Jackson,Republican,Donald Trump,582,5712
Wayne,Republican,Donald Trump,805,8083
Surry,Democrat,Hillary Clinton,812,2602
Barton,Republican,Ted Cruz,1560,5065
Fayette,Republican,Donald Trump,2479,6956
Grant,Republican,Donald Trump,722,7340
Lewis,Republican,Donald Trump,801,3936
Passaic,Democrat,Hillary Clinton,29538,162543
Kossuth,Democrat,Hillary Clinton,360,6728
Clay,Republican,Donald Trump,1920,5649
Clay,Republican,Donald Trump,19374,67805
Chickasaw,Democrat,Hillary Clinton,360,5364
Love,Democrat,Bernie Sanders,502,3378
Dade,Republican,Donald Trump,1151,6325
Macon,Republican,Donald Trump,1489,6389
LaRue,Democrat,Bernie Sanders,910,5221
Decatur,Republican,Ted Cruz,173,3106
Audubon,Democrat,Hillary Clinton,187,2684
Montgomery,Republican,Donald Trump,672,3873
Prince Edward,Democrat,Hillary Clinton,1366,7453
Columbia,Republican,Donald Trump,9177,43975
St. Francois,Republican,Donald Trump,4061,24654
Boyle,Democrat,Hillary Clinton,1648,11100
Mitchell,Democrat,Hillary Clinton,1338,8131
Orange,Democrat,Hillary Clinton,66654,415790
Ste. Genevieve,Republican,Donald Trump,1080,7235
Alamance,Democrat,Hillary Clinton,7374,60139
Cumberland,Republican,Ted Cruz,1081,4184
Ashland,Democrat,Bernie Sanders,2304,6775
Pike,Republican,Donald Trump,1241,6559
Huron,Republican,Donald Trump,2346,13907
Madison,Republican,Ted Cruz,452,6092
Union,Republican,Donald Trump,2169,10322
St. Martin,Democrat,Hillary Clinton,1869,18756
Teton,Republican,Donald Trump,882,2303
Oceana,Republican,Ted Cruz,1698,9537
Lanier,Republican,Donald Trump,512,3725
McDowell,Democrat,Bernie Sanders,1453,8229
Delaware,Democrat,Hillary Clinton,44775,204771
Plymouth,Republican,Donald Trump,618,9867
Osceola,Democrat,Hillary Clinton,16512,90413
Tippah,Republican,Donald Trump,1951,8472
Charles,Democrat,Hillary Clinton,15132,51247
Arapahoe,Democrat,Bernie Sanders,6086,225552
Pittsburg,Democrat,Bernie Sanders,3026,18456
Owen,Democrat,Bernie Sanders,720,4601
Centre,Democrat,Bernie Sanders,10269,57197
Lawrence,Republican,Donald Trump,3604,13382
Hancock,Republican,Donald Trump,4147,18145
Washington,Republican,Donald Trump,11970,55960
Acadia,Democrat,Hillary Clinton,1862,22527
Jackson,Republican,Donald Trump,5362,16713
Wheatland,Republican,Donald Trump,380,817
Yuma,Democrat,Hillary Clinton,45,3811
Vance,Democrat,Hillary Clinton,4561,16640
Sarasota,Republican,Donald Trump,34593,170555
St. Landry,Democrat,Hillary Clinton,4606,30935
LaSalle,Republican,Donald Trump,6950,44257
Miami,Republican,Donald Trump,3286,13210
Tyrrell,Democrat,Hillary Clinton,266,1480
St. Johns,Republican,Donald Trump,24205,75558
Howell,Republican,Donald Trump,4230,15796
McDuffie,Republican,Donald Trump,1288,8143
Halifax,Democrat,Hillary Clinton,6224,21550
Fayette,Democrat,Hillary Clinton,525,8328
Miller,Republican,Donald Trump,555,2458
McLean,Republican,Ted Cruz,13085,64016
Kendall,Democrat,Bernie Sanders,7482,38075
Prowers,Democrat,Hillary Clinton,40,4935
Sullivan,Republican,Donald Trump,2379,7764
Shelby,Democrat,Hillary Clinton,66465,343517
Maries,Republican,Donald Trump,958,3749
Caldwell,Republican,Donald Trump,284,3935
Nance,Republican,Donald Trump,310,1534
Tift,Republican,Donald Trump,2697,13691
Hart,Republican,Donald Trump,1858,10009
Adair,Democrat,Bernie Sanders,971,8046
Simpson,Democrat,Hillary Clinton,708,6737
Roosevelt,Republican,Donald Trump,712,3264
Morgan,Republican,Donald Trump,1656,6513
Ontonagon,Republican,Donald Trump,519,3269
Union,Democrat,Hillary Clinton,822,8532
Newaygo,Republican,Ted Cruz,3557,18156
Pulaski,Democrat,Hillary Clinton,34862,153720
Van Buren,Republican,Donald Trump,1198,7063
Mineral,Democrat,Bernie Sanders,25,393
Clinton,Republican,Donald Trump,1635,8089
Fayette,Republican,Donald Trump,8055,37930
Hernando,Republican,Donald Trump,15479,70210
Brooke,Democrat,Bernie Sanders,1966,9968
Hillsborough,Democrat,Hillary Clinton,68936,471340
Madison,Democrat,Hillary Clinton,4351,35713
Montgomery,Republican,Donald Trump,1192,5091
Middlesex,Democrat,Hillary Clinton,47978,280988
Nevada,Democrat,Bernie Sanders,8472,40991
Sullivan,Democrat,Bernie Sanders,2671,29531
St. Louis County,Democrat,Hillary Clinton,89373,403293
Scott,Democrat,Bernie Sanders,4144,67049
Liberty,Republican,Donald Trump,387,847
Audrain,Republican,Ted Cruz,1642,9327
Pulaski,Republican,Donald Trump,1668,5058
Palo Alto,Democrat,Hillary Clinton,213,3948
Oglethorpe,Republican,Donald Trump,1230,5201
Story,Democrat,Bernie Sanders,2737,35196
Taylor,Democrat,Hillary Clinton,140,2764
Emmet,Democrat,Hillary Clinton,168,4119
Rockdale,Democrat,Hillary Clinton,7930,29317
Baldwin,Republican,Donald Trump,23618,73283
Lane,Democrat,Bernie Sanders,41883,144912
Carter,Democrat,Bernie Sanders,2113,17411
Monroe,Democrat,Hillary Clinton,1191,6111
Marquette,Democrat,Bernie Sanders,5530,26436
Contra Costa,Democrat,Hillary Clinton,69809,375855
Okfuskee,Democrat,Bernie Sanders,596,4246
Manassas Park,Democrat,Hillary Clinton,581,4435
Desha,Democrat,Hillary Clinton,1342,5305
Ravalli,Republican,Donald Trump,6281,16848
Chester,Democrat,Hillary Clinton,1962,12368
Gilmer,Democrat,Bernie Sanders,643,2590
Sabine,Republican,Ted Cruz,728,9175
Cherokee,Democrat,Bernie Sanders,2897,16875
Knox,Republican,Donald Trump,4918,14738
Van Buren,Republican,Ted Cruz,196,3023
Assumption,Democrat,Hillary Clinton,1139,8571
Rock Island,Democrat,Hillary Clinton,10216,60456
Putnam,Republican,Donald Trump,1983,8457
Conecuh,Democrat,Hillary Clinton,2031,4994
Cedar,Democrat,Bernie Sanders,445,7665
Anderson,Democrat,Bernie Sanders,1649,8323
Nevada,Democrat,Hillary Clinton,647,3622
Roger Mills,Democrat,Bernie Sanders,268,1305
Switzerland,Republican,Donald Trump,858,4099
Oscoda,Republican,Donald Trump,705,3781
Navajo,Democrat,Hillary Clinton,4415,34343
Portsmouth,Democrat,Hillary Clinton,9464,36690
Montgomery,Democrat,Hillary Clinton,109304,360563
Kalkaska,Republican,Donald Trump,1724,7035
Sussex,Democrat,Hillary Clinton,958,3704
Lyon,Republican,Ted Cruz,432,4425
Lamar,Republican,Donald Trump,1810,6084
Cherry,Republican,Donald Trump,1220,2618
San Joaquin,Democrat,Hillary Clinton,25118,215563
Wayne,Republican,Donald Trump,2075,7063
Treutlen,Republican,Donald Trump,437,2515
Hill,Republican,Donald Trump,1342,6139
Queen Anne's,Republican,Donald Trump,5195,17292
Santa Barbara,Democrat,Hillary Clinton,23543,141720
Randolph,Republican,Donald Trump,1887,8925
Oglala Lakota,Democrat,Bernie Sanders,574,2867
Bradford,Republican,Donald Trump,1802,8857
Madison,Republican,Donald Trump,2280,13867
Broadwater,Republican,Donald Trump,1001,2421
Isabella,Democrat,Bernie Sanders,4024,24817
Rush,Republican,Donald Trump,2362,6874
Pulaski,Republican,Donald Trump,436,2419
La Crosse,Democrat,Bernie Sanders,15139,45949
Taylor,Democrat,Hillary Clinton,949,9708
Butler,Republican,Donald Trump,910,3482
Etowah,Republican,Donald Trump,8657,40217
Franklin,Republican,Donald Trump,761,3311
Madison,Democrat,Hillary Clinton,1085,6048
Jones,Republican,Donald Trump,6388,24677
Webster,Democrat,Hillary Clinton,1878,15980
Fulton,Republican,Donald Trump,2556,8221
Wilkes,Republican,Donald Trump,734,4083
Pinal,Republican,Donald Trump,12182,123733
Kent,Democrat,Hillary Clinton,1460,7498
Trempealeau,Democrat,Bernie Sanders,2429,11745
Montgomery,Democrat,Bernie Sanders,192,4553
Hardeman,Democrat,Hillary Clinton,1721,8690
Gila,Republican,Donald Trump,3065,20601
Franklin,Democrat,Hillary Clinton,4951,23313
Sequoyah,Democrat,Bernie Sanders,1872,15624
Otero,Democrat,Bernie Sanders,94,7427
Kit Carson,Democrat,Bernie Sanders,16,3046
Powder River,Republican,Donald Trump,516,720
Richmond,Democrat,Hillary Clinton,333,2853
Lincoln,Democrat,Hillary Clinton,3,6245
Carroll,Republican,Donald Trump,2421,7995
Grundy,Republican,Donald Trump,978,4148
Laurens,Republican,Donald Trump,3088,17632
Del Norte,Republican,Donald Trump,1536,9593
La Salle,Democrat,Hillary Clinton,557,1864
Dillon,Democrat,Hillary Clinton,1615,11744
Nez Perce,Republican,Ted Cruz,1583,16019
Haskell,Democrat,Bernie Sanders,752,4713
Crittenden,Democrat,Hillary Clinton,3379,18309
Baldwin,Democrat,Hillary Clinton,3034,16338
Uinta,Democrat,Bernie Sanders,5,7290
Carroll,Democrat,Bernie Sanders,0,11019
Gwinnett,Democrat,Hillary Clinton,37465,266952
Pointe Coupee,Democrat,Hillary Clinton,1680,8818
Teller,Democrat,Bernie Sanders,219,9434
Honolulu,Democrat,Bernie Sanders,11458,309803
Baxter,Republican,Donald Trump,3798,18155
Grant,Democrat,Bernie Sanders,4484,19420
Southampton,Democrat,Hillary Clinton,1199,6708
Gasconade,Republican,Donald Trump,1429,6168
Sumter,Republican,Donald Trump,17769,43507
Calhoun,Republican,Donald Trump,8960,45196
Livingston,Republican,Donald Trump,4918,46246
Vermilion,Republican,Donald Trump,5021,31575
Burke,Democrat,Hillary Clinton,1659,7881
Hillsdale,Republican,Donald Trump,3060,17642
Latimer,Democrat,Bernie Sanders,852,4160
Zavala,Democrat,Hillary Clinton,1557,3654
McCracken,Democrat,Bernie Sanders,3541,27037
Gosper,Republican,Donald Trump,259,767
Atkinson,Republican,Donald Trump,619,2758
Christian,Republican,Donald Trump,2392,14138
Arlington,Democrat,Hillary Clinton,25561,94454
Clayton,Democrat,Hillary Clinton,25130,86274
Madison,Democrat,Hillary Clinton,1542,6739
Nassau,Republican,Donald Trump,9192,28044
Falls Church,Democrat,Hillary Clinton,1587,5020
Linn,Democrat,Bernie Sanders,6331,86052
Manatee,Republican,Donald Trump,26320,131197
Mecklenburg,Democrat,Hillary Clinton,1588,12650
Johnson,Democrat,Bernie Sanders,5473,54005
Dawson,Republican,Donald Trump,1685,3885
Alexandria,Democrat,Hillary Clinton,16281,65369
Pike,Democrat,Hillary Clinton,2870,14614
Des Moines,Democrat,Bernie Sanders,1066,16993
Prentiss,Republican,Donald Trump,1597,9611
Montezuma,Democrat,Bernie Sanders,412,10688
Toombs,Republican,Donald Trump,1513,10310
Cherokee,Republican,Donald Trump,2777,11656
Howard,Democrat,Bernie Sanders,215,3884
Perry,Republican,Donald Trump,1561,7511
Loup,Republican,Donald Trump,101,240
Rockland,Democrat,Hillary Clinton,16966,98326
Campbell,Democrat,Bernie Sanders,12,17108
Lawrence,Democrat,Hillary Clinton,933,6580
Seminole,Republican,Donald Trump,25763,147529
Niobrara,Democrat,Bernie Sanders,2,1045
Ionia,Democrat,Bernie Sanders,2812,22152
Pasquotank,Democrat,Hillary Clinton,2471,14399
Steuben,Republican,Donald Trump,3973,13514
Douglas,Democrat,Bernie Sanders,4510,18933
Bamberg,Democrat,Hillary Clinton,1715,5883
Red River,Democrat,Hillary Clinton,530,3320
Mineral,Republican,Donald Trump,638,1629
Cotton,Democrat,Bernie Sanders,388,2345
Bryan,Republican,Donald Trump,2214,11230
Johnston,Democrat,Bernie Sanders,606,4248
Kent,Democrat,Bernie Sanders,43375,229373
Calhoun,Democrat,Hillary Clinton,499,1804
DeSoto,Democrat,Hillary Clinton,1508,10270
Valley,Republican,Donald Trump,1250,3248
Elliott,Democrat,Bernie Sanders,443,2618
Jasper,Democrat,Hillary Clinton,2194,8563
Elkhart,Republican,Ted Cruz,16204,70130
Johnson,Democrat,Bernie Sanders,1,3679
Boone,Republican,Donald Trump,3816,17938
Scotland,Republican,Donald Trump,395,1915
Weston,Democrat,Bernie Sanders,1,2975
Webb,Democrat,Hillary Clinton,18559,67372
Mercer,Republican,Donald Trump,455,1575
Newton,Republican,Donald Trump,1073,3507
San Benito,Democrat,Hillary Clinton,2022,16995
Liberty,Democrat,Hillary Clinton,2783,23046
San Diego,Democrat,Hillary Clinton,139813,1076483
Avoyelles,Democrat,Hillary Clinton,1181,15332
Elmore,Republican,Donald Trump,8525,28324
Swain,Democrat,Bernie Sanders,831,5368
Blackford,Republican,Donald Trump,1019,5190
Charlottesville,Democrat,Bernie Sanders,4474,17443
Columbus,Democrat,Hillary Clinton,3628,21758
Glacier,Democrat,Bernie Sanders,1074,4194
Boone,Democrat,Bernie Sanders,715,10574
Scott,Republican,Donald Trump,3373,15169
Christian,Democrat,Hillary Clinton,2437,25899
Corson,Democrat,Bernie Sanders,148,1185
Lewis,Republican,Donald Trump,522,5003
Chariton,Republican,Donald Trump,597,2958
Taylor,Republican,Donald Trump,140,2764
Shelby,Democrat,Hillary Clinton,2195,15469
Bartholomew,Republican,Donald Trump,7918,30041
Humboldt,Republican,Donald Trump,204,4222
Jim Wells,Democrat,Hillary Clinton,4688,13728
Campbell,Democrat,Hillary Clinton,3169,35203
Murray,Democrat,Bernie Sanders,909,5121
Darlington,Democrat,Hillary Clinton,4988,26609
Coahoma,Democrat,Hillary Clinton,2301,9464
Tate,Republican,Ted Cruz,2034,9936
Musselshell,Republican,Donald Trump,1032,1966
Fremont,Republican,Donald Trump,182,2965
Pike,Republican,Donald Trump,511,4325
Lewis and Clark,Republican,Donald Trump,6194,26555
Marion,Republican,Donald Trump,473,3000
Polk,Republican,Donald Trump,33187,219540
Beaufort,Democrat,Hillary Clinton,9945,64417
Concordia,Democrat,Hillary Clinton,1830,7642
Lincoln,Democrat,Hillary Clinton,20,1845
Santa Fe,Democrat,Hillary Clinton,16087,61012
Marion,Democrat,Bernie Sanders,5324,22593
Russell,Republican,Donald Trump,1106,7270
Parke,Republican,Donald Trump,1996,5893
Lowndes,Democrat,Hillary Clinton,4030,23178
Wayne,Democrat,Hillary Clinton,163886,670987
Buncombe,Democrat,Bernie Sanders,30913,100838
Granite,Republican,Donald Trump,487,1473
Hickory,Republican,Donald Trump,297,4219
Hidalgo,Democrat,Hillary Clinton,515,1837
Cameron,Republican,Donald Trump,216,2529
Franklin,Republican,Donald Trump,1229,6769
Costilla,Democrat,Hillary Clinton,64,1361
Fillmore,Republican,Donald Trump,574,2444
Otoe,Republican,Donald Trump,1255,6438
Richland,Democrat,Hillary Clinton,39243,143874
Jasper,Republican,Ted Cruz,11113,44849
Pemiscot,Republican,Donald Trump,1155,6941
Lafayette,Democrat,Bernie Sanders,1330,6605
Johnson,Republican,Donald Trump,1075,9154
Dixie,Republican,Donald Trump,1103,6130
Johnson,Democrat,Hillary Clinton,1,3679
Kings,Republican,Donald Trump,7046,40785
White,Republican,Donald Trump,2715,11788
Washington,Democrat,Hillary Clinton,1511,6620
Calhoun,Democrat,Bernie Sanders,545,4696
Dubois,Republican,Donald Trump,4692,15890
Sheridan,Republican,Donald Trump,499,1612
Glynn,Republican,Donald Trump,5516,31547
Catoosa,Republican,Donald Trump,4449,23941
Huerfano,Democrat,Bernie Sanders,150,3059
Lucas,Democrat,Hillary Clinton,32137,178101
Hancock,Republican,Donald Trump,9520,26071
Inyo,Republican,Donald Trump,1414,7873
Miller,Republican,Ted Cruz,2741,16950
Oakland,Democrat,Hillary Clinton,92296,486332
Barren,Democrat,Bernie Sanders,2653,16584
Mariposa,Republican,Donald Trump,1940,7238
Durham,Democrat,Hillary Clinton,35845,111276
Lake,Republican,Donald Trump,803,4096
McIntosh,Republican,Donald Trump,1078,4993
Nicholas,Democrat,Bernie Sanders,420,2884
Lamar,Republican,Donald Trump,5197,21678
Lake,Democrat,Hillary Clinton,43091,182080
Randolph,Democrat,Bernie Sanders,2492,11163
Kankakee,Republican,Donald Trump,6403,41245
Fremont,Republican,Ted Cruz,1434,4549
Hale,Democrat,Hillary Clinton,2426,5969
Wheeler,Republican,Donald Trump,283,2096
Holmes,Republican,Donald Trump,1239,6808
Washington,Democrat,Bernie Sanders,41841,201771
White,Republican,Donald Trump,3044,9541
Dundy,Republican,Donald Trump,219,893
Kearney,Republican,Donald Trump,614,2621
Cook,Republican,Donald Trump,1229,6308
Autauga,Republican,Donald Trump,5387,20071
Idaho County,Republican,Donald Trump,1668,6534
Carlisle,Democrat,Bernie Sanders,462,2034
Suwannee,Republican,Donald Trump,2844,15712
Green,Democrat,Bernie Sanders,4359,14640
Jeff Davis,Democrat,Hillary Clinton,738,11634
Mercer,Democrat,Bernie Sanders,1331,8745
JoDaviess,Republican,Donald Trump,1666,9616
Macon,Republican,Donald Trump,6655,45142
Brookings,Democrat,Hillary Clinton,955,11979
Franklin,Democrat,Hillary Clinton,650,7704
Hancock,Republican,Donald Trump,1494,8101
Lewis,Republican,Donald Trump,286,1660
Livingston,Republican,Ted Cruz,3235,14446
Pulaski,Republican,Donald Trump,673,4034
Johnson,Republican,Donald Trump,17218,52239
Colusa,Republican,Donald Trump,1342,6853
Fayette,Democrat,Bernie Sanders,3585,17250
Onondaga,Democrat,Hillary Clinton,20397,184855
Pickens,Republican,Donald Trump,3360,11083
Wibaux,Republican,Donald Trump,231,409
Tillamook,Democrat,Bernie Sanders,2207,10236
Latah,Republican,Ted Cruz,2134,14941
Hopkins,Democrat,Bernie Sanders,2696,18495
Porter,Republican,Donald Trump,16194,61502
Union,Republican,Donald Trump,719,3807
Elmore,Republican,Donald Trump,1252,9555
Marshall,Republican,Donald Trump,4755,17581
Chippewa,Republican,Donald Trump,1959,14605
Independence,Republican,Donald Trump,2077,14544
Tensas,Democrat,Hillary Clinton,492,2049
Park,Democrat,Bernie Sanders,231,7038
Towns,Republican,Donald Trump,1356,4261
Holt,Republican,Donald Trump,504,2218
Nash,Democrat,Hillary Clinton,8554,37726
Brown,Republican,Donald Trump,2202,5889
Rapides,Democrat,Hillary Clinton,4722,47606
Big Horn,Republican,Donald Trump,1087,3444
Granville,Democrat,Hillary Clinton,4693,19953
Chase,Republican,Donald Trump,476,1697
Fayette,Democrat,Hillary Clinton,20014,123142
Hancock,Democrat,Hillary Clinton,1112,2742
Wells,Republican,Ted Cruz,3826,10904
Livingston,Republican,Donald Trump,15359,67691
Saint Lawrence,Democrat,Bernie Sanders,4102,41839
Greene,Democrat,Hillary Clinton,2714,3264
Morgan,Democrat,Bernie Sanders,988,4697
St. Clair,Republican,Donald Trump,962,4139
Volusia,Republican,Donald Trump,34167,195907
Kane,Democrat,Bernie Sanders,31085,170358
Grand Traverse,Democrat,Bernie Sanders,8091,34655
Adams,Republican,Donald Trump,2798,12578
Talbot,Democrat,Hillary Clinton,852,2682
Berkeley,Democrat,Hillary Clinton,9471,65392
Grant,Republican,Donald Trump,162,246
Kenosha,Democrat,Bernie Sanders,14612,62560
Presidio,Democrat,Hillary Clinton,776,2616
Meade,Democrat,Bernie Sanders,1541,10342
Hardee,Republican,Donald Trump,1113,7463
Blaine,Republican,Donald Trump,465,2237
Breckinridge,Democrat,Hillary Clinton,877,7213
Bracken,Democrat,Bernie Sanders,424,3252
Braxton,Democrat,Bernie Sanders,1321,5780
Martin,Republican,Donald Trump,1398,4146
Montgomery,Republican,Donald Trump,2269,11192
McCormick,Democrat,Hillary Clinton,973,4069
Monroe,Democrat,Hillary Clinton,2438,8333
Clear Creek,Democrat,Bernie Sanders,199,4024
Marion,Republican,Ted Cruz,2263,11203
Bannock,Republican,Ted Cruz,4404,30271
Forrest,Republican,Donald Trump,4267,27822
Shiawassee,Democrat,Bernie Sanders,4452,27485
Okmulgee,Democrat,Bernie Sanders,1882,15124
Simpson,Republican,Donald Trump,2420,9786
Rockcastle,Republican,Donald Trump,743,6605
Warren,Democrat,Hillary Clinton,1217,17378
Dodge,Republican,Donald Trump,2760,15221
Roanoke City,Democrat,Hillary Clinton,4783,42494
Madison,Democrat,Bernie Sanders,4385,31484
Toole,Republican,Donald Trump,863,1927
Caddo,Democrat,Bernie Sanders,1543,10230
Dale,Republican,Donald Trump,4151,19345
Greene,Republican,Donald Trump,4491,12894
LaSalle,Republican,Donald Trump,577,5619
Converse,Democrat,Bernie Sanders,3,5746
Cuming,Republican,Donald Trump,783,3822
East Carroll,Democrat,Hillary Clinton,508,2488
Marshall,Republican,Donald Trump,9115,34250
Calcasieu,Democrat,Hillary Clinton,6594,73726
Breathitt,Democrat,Bernie Sanders,1716,5290
Muskegon,Democrat,Bernie Sanders,10062,65008
Jackson,Republican,Donald Trump,9934,50007
Lucas,Republican,Ted Cruz,213,3734
Muhlenberg,Democrat,Bernie Sanders,1632,11869
Rio Grande,Democrat,Bernie Sanders,59,4722
Baker,Republican,Donald Trump,2163,8216
Nodaway,Republican,Donald Trump,1268,8599
Prince William,Democrat,Hillary Clinton,26439,132442
Logan,Republican,Donald Trump,166,345
Schuyler,Republican,Donald Trump,428,1773
Cape Girardeau,Republican,Ted Cruz,7332,29411
St. Mary's,Republican,Donald Trump,6576,37589
Monroe,Republican,Donald Trump,3272,12506
Clay,Republican,Donald Trump,887,7317
Ray,Republican,Donald Trump,1565,8735
Cecil,Republican,Donald Trump,7348,36394
Riverside,Republican,Donald Trump,82814,683144
McCurtain,Democrat,Bernie Sanders,1314,13078
Boulder,Democrat,Bernie Sanders,11142,120521
Pima,Democrat,Hillary Clinton,56317,384041
Dawson,Republican,Donald Trump,2649,8506
Hot Springs,Democrat,Bernie Sanders,1,2238
Powell,Democrat,Bernie Sanders,744,4730
Boone,Democrat,Bernie Sanders,2410,9559
Chowan,Democrat,Hillary Clinton,974,5945
Robeson,Democrat,Hillary Clinton,8457,45154
LaClede,Republican,Donald Trump,3493,13912
Baltimore City,Democrat,Hillary Clinton,81115,241455
Owen,Republican,Donald Trump,2679,8552
Sampson,Democrat,Hillary Clinton,3790,23336
Monroe,Republican,Donald Trump,2602,13960
Bingham,Republican,Ted Cruz,3471,14650
Ohio,Democrat,Bernie Sanders,943,8715
Lackawanna,Democrat,Hillary Clinton,22971,85769
Vernon,Republican,Donald Trump,1119,18148
Minnehaha,Democrat,Hillary Clinton,6018,67623
Weld,Democrat,Bernie Sanders,1647,90465
Ouray,Democrat,Bernie Sanders,156,1943
Danville,Democrat,Hillary Clinton,2676,18659
Monroe,Republican,Donald Trump,805,4401
Bonneville,Republican,Ted Cruz,7794,36066
Cumberland,Republican,Donald Trump,1081,4184
Roberts,Democrat,Bernie Sanders,397,3646
Tillman,Democrat,Bernie Sanders,346,3013
Lincoln,Republican,Donald Trump,3235,15067
Columbia,Republican,Donald Trump,4019,23604
Rensselaer,Democrat,Bernie Sanders,6649,64242
Howard,Republican,Ted Cruz,798,3825
Monroe,Democrat,Hillary Clinton,843,3393
Thomas,Republican,Donald Trump,2649,17377
Hamilton,Republican,Donald Trump,35031,103234
Gooding,Republican,Ted Cruz,863,5552
Dooly,Democrat,Hillary Clinton,737,5133
Lee,Republican,Ted Cruz,5921,31898
Clay,Democrat,Hillary Clinton,297,1235
Camden,Democrat,Hillary Clinton,43720,187941
Perry,Republican,Donald Trump,1642,7411
Liberty,Democrat,Bernie Sanders,392,2305
Val Verde,Democrat,Hillary Clinton,1777,15082
DeKalb,Democrat,Hillary Clinton,82348,264496
Banner,Republican,Donald Trump,108,330
Winnebago,Democrat,Bernie Sanders,16715,113449
Chesterfield,Democrat,Hillary Clinton,22674,113637
Cameron,Democrat,Hillary Clinton,20326,117836
Hardin,Democrat,Hillary Clinton,4359,39401
Cherokee,Republican,Donald Trump,248,5354
Menominee,Republican,Donald Trump,1304,10787
Madison,Democrat,Bernie Sanders,2044,8207
Scott,Republican,Donald Trump,715,4324
Barry,Republican,Donald Trump,3478,22610
Warren,Democrat,Hillary Clinton,2827,7731
Menifee,Democrat,Bernie Sanders,323,2379
Pocahontas,Democrat,Hillary Clinton,198,3227
Carroll,Republican,Donald Trump,0,11019
Jefferson,Republican,Donald Trump,533,3301
Randolph,Republican,Donald Trump,1917,11889
Clarke,Democrat,Hillary Clinton,232,3672
Person,Democrat,Hillary Clinton,2954,15320
Hickman,Democrat,Bernie Sanders,300,1983
Clark,Democrat,Hillary Clinton,1650,8341
Barry,Republican,Ted Cruz,3189,13464
Lincoln,Democrat,Hillary Clinton,779,9692
Cleveland,Democrat,Bernie Sanders,16428,96701
Otsego,Democrat,Bernie Sanders,2623,24078
Muscogee,Democrat,Hillary Clinton,12801,72243
McPherson,Republican,Donald Trump,114,169
Harrison,Republican,Donald Trump,755,3515
Camden,Republican,Donald Trump,5467,17647
Dinwiddie,Democrat,Hillary Clinton,1935,9932
Crawford,Republican,Donald Trump,2189,9485
Gilpin,Democrat,Bernie Sanders,173,2504
Marion,Republican,Donald Trump,2454,9985
Montgomery,Republican,Donald Trump,4412,14590
Cleburne,Republican,Donald Trump,2120,5601
Worth,Democrat,Bernie Sanders,218,3197
Ida,Republican,Donald Trump,136,3182
Benton,Republican,Marco Rubio,12863,82150
Otsego,Republican,Donald Trump,1933,9818
Bullitt,Democrat,Bernie Sanders,3210,27874
Carroll,Republican,Donald Trump,1004,3613
Henry,Republican,Donald Trump,3021,20393
Adair,Republican,Donald Trump,1404,9648
Crawford,Republican,Donald Trump,1108,5781
Greene,Republican,Donald Trump,1555,6353
Bronx,Democrat,Hillary Clinton,95772,474842
Craighead,Republican,Ted Cruz,4108,37834
Roscommon,Republican,Donald Trump,2257,11617
Charlotte,Republican,Donald Trump,16525,70545
Dallas,Republican,Donald Trump,1672,6443
Columbia,Democrat,Bernie Sanders,6455,22735
Jefferson,Democrat,Hillary Clinton,16580,92634
Jackson,Democrat,Bernie Sanders,4656,23567
Daviess,Republican,Donald Trump,634,3151
Tulare,Republican,Donald Trump,15334,131642
Champaign,Democrat,Bernie Sanders,20581,79137
Copiah,Democrat,Hillary Clinton,3373,9897
Webster,Republican,Donald Trump,191,1129
Mono,Democrat,Bernie Sanders,917,5268
Bienville,Democrat,Hillary Clinton,1056,5668
Hendricks,Republican,Donald Trump,18555,52946
Paulding,Republican,Donald Trump,10002,47881
Madison,Republican,Donald Trump,2460,9732
Montrose,Democrat,Bernie Sanders,258,16586
Carter,Republican,Donald Trump,349,495
Cass,Republican,Donald Trump,680,5134
Polk,Republican,Donald Trump,1895,8069
Woodford,Republican,Ted Cruz,5091,14362
Cochise,Republican,Donald Trump,6339,49174
Floyd,Democrat,Bernie Sanders,4010,15422
Worth,Republican,Donald Trump,224,940
Vigo,Republican,Donald Trump,8539,39597
Warren,Democrat,Hillary Clinton,3463,18404
Bergen,Democrat,Hillary Clinton,55264,335422
Boyd,Democrat,Bernie Sanders,2262,19530
Pinellas,Democrat,Hillary Clinton,63699,401708
Green,Republican,Donald Trump,655,4495
Bay,Democrat,Bernie Sanders,6363,44127
Wicomico,Republican,Donald Trump,6998,36405
Menard,Republican,Ted Cruz,1064,5071
Milwaukee,Democrat,Hillary Clinton,100932,379637
Socorro,Democrat,Hillary Clinton,1050,5329
Columbia,Democrat,Bernie Sanders,4221,19069
Marshall,Democrat,Hillary Clinton,3361,13050
Alexander,Democrat,Hillary Clinton,770,2860
Hertford,Democrat,Hillary Clinton,2926,8624
Attala,Democrat,Hillary Clinton,1519,7185
Douglas,Democrat,Hillary Clinton,9375,46295
Humboldt,Democrat,Bernie Sanders,13245,53296
Lincoln,Republican,Donald Trump,3073,8872
McIntosh,Democrat,Bernie Sanders,1261,8092
Hinds,Democrat,Hillary Clinton,31386,87844
Boone,Republican,Donald Trump,7023,21908
Mayes,Democrat,Bernie Sanders,2144,15896
Shasta,Republican,Donald Trump,14822,68980
Chatham,Democrat,Hillary Clinton,7406,26017
Santa Cruz,Democrat,Hillary Clinton,2496,15078
Cumberland,Republican,Donald Trump,460,2604
Richmond,Democrat,Hillary Clinton,16269,72281
Sumter,Democrat,Hillary Clinton,9816,39373
Choctaw,Democrat,Bernie Sanders,745,6043
Platte,Republican,Ted Cruz,5798,36781
Newton,Republican,Donald Trump,1814,5374
Saline,Republican,Ted Cruz,7507,41287
Crowley,Democrat,Bernie Sanders,16,1173
Gallatin,Republican,Donald Trump,8313,36973
Pontotoc,Republican,Ted Cruz,2498,9937
Gallatin,Democrat,Bernie Sanders,340,2995
Perry,Republican,Donald Trump,676,4483
Teton,Republican,Ted Cruz,465,3583
Stephens,Republican,Donald Trump,1726,9227
Clay,Democrat,Bernie Sanders,754,3435
Gibson,Republican,Donald Trump,4237,13094
Lafayette,Republican,Donald Trump,7171,86504
Platte,Democrat,Bernie Sanders,2,3642
Tuscola,Republican,Donald Trump,3750,21211
Wilson,Democrat,Hillary Clinton,6408,31690
Franklin,Republican,Donald Trump,333,1398
Mackinac,Republican,Donald Trump,856,5000
Clay,Republican,Donald Trump,3615,10230
Floyd,Republican,Donald Trump,7456,29087
Winn,Democrat,Hillary Clinton,488,5402
Clinton,Republican,Donald Trump,2522,14051
Santa Clara,Democrat,Hillary Clinton,109963,609377
San Mateo,Democrat,Hillary Clinton,47358,257941
Woodruff,Democrat,Hillary Clinton,862,3070
Harrison,Republican,Donald Trump,12555,72253
Alameda,Democrat,Hillary Clinton,107102,545071
Delaware,Democrat,Hillary Clinton,440,7129
Dallas,Republican,Marco Rubio,2469,26262
Jasper,Republican,Donald Trump,1205,5132
Cass,Republican,Donald Trump,3941,14827
Crawford,Democrat,Bernie Sanders,1582,6772
Mills,Republican,Donald Trump,300,5375
Gates,Democrat,Hillary Clinton,749,4459
Schenectady,Democrat,Bernie Sanders,6862,58059
Amite,Democrat,Hillary Clinton,1212,5212
Black Hawk,Democrat,Bernie Sanders,3647,52276
Walker,Republican,Donald Trump,4208,26191
Osage,Republican,Donald Trump,1316,5168
Washington,Republican,Donald Trump,1666,9199
Carter,Democrat,Bernie Sanders,1051,10319
Fergus,Republican,Donald Trump,1975,4924
Benton,Democrat,Hillary Clinton,557,3195
Forsyth,Republican,Donald Trump,15698,58080
Greene,Republican,Donald Trump,1088,4117
Florence,Democrat,Hillary Clinton,9411,51332
Solano,Democrat,Hillary Clinton,31753,141464
Carroll,Republican,Donald Trump,7495,39494
Sauk,Democrat,Bernie Sanders,7195,25206
Delta,Democrat,Bernie Sanders,417,12671
O'Brien,Republican,Ted Cruz,347,6098
Hudson,Democrat,Hillary Clinton,49798,243875
Adams,Democrat,Hillary Clinton,3013,12087
Iroquois,Republican,Donald Trump,2836,11892
Ottawa,Republican,Ted Cruz,23862,94666
Lafayette,Republican,Donald Trump,556,2710
Genesee,Democrat,Hillary Clinton,31284,165669
Coconino,Democrat,Bernie Sanders,6941,46198
McHenry,Republican,Donald Trump,16514,108852
Arkansas,Republican,Donald Trump,1073,7883
Okaloosa,Republican,Donald Trump,17770,73253
Camden,Republican,Donald Trump,3065,18386
Poinsett,Republican,Donald Trump,1036,9369
Bossier,Republican,Ted Cruz,4988,45776
Edgar,Republican,Donald Trump,1562,7893
Douglas,Democrat,Bernie Sanders,2347,103780
Crenshaw,Republican,Donald Trump,1496,5601
Taliaferro,Democrat,Hillary Clinton,236,704
Lincoln,Democrat,Hillary Clinton,1692,16877
Benewah,Republican,Ted Cruz,671,3888
Greene,Republican,Donald Trump,1014,5790
Stillwater,Republican,Donald Trump,1658,3757
Queens,Democrat,Hillary Clinton,122386,778630
Upson,Republican,Donald Trump,1910,10341
Brooks,Republican,Donald Trump,1009,6573
Yuba,Republican,Donald Trump,3210,24300
Pettis,Republican,Donald Trump,3343,16212
Vanderburgh,Republican,Donald Trump,14544,73963
Stanislaus,Republican,Donald Trump,15390,166883
El Paso,Democrat,Bernie Sanders,4954,237039
Dolores,Democrat,Bernie Sanders,22,780
Sanilac,Republican,Donald Trump,3279,16329
Clay,Republican,Ted Cruz,13559,86934
Trigg,Democrat,Bernie Sanders,715,5935
Lincoln,Democrat,Hillary Clinton,599,4188
Pendleton,Democrat,Bernie Sanders,546,5357
Carroll,Republican,Donald Trump,16534,59909
Las Animas,Democrat,Bernie Sanders,106,5992
Alcorn,Republican,Donald Trump,2901,14679
Talladega,Republican,Donald Trump,6304,31486
Woodbury,Democrat,Bernie Sanders,1920,38654
Newton,Democrat,Hillary Clinton,7269,33840
Ohio,Republican,Donald Trump,786,2422
Leslie,Republican,Donald Trump,503,4206
Chatham,Democrat,Hillary Clinton,19898,102484
Taney,Republican,Donald Trump,5086,20698
Stone,Republican,Donald Trump,3928,13320
Pope,Republican,Donald Trump,507,1736
Boyd,Republican,Donald Trump,327,938
Columbia,Democrat,Bernie Sanders,3302,25280
Ada,Republican,Ted Cruz,20156,151600
Sullivan,Republican,Donald Trump,510,2640
Erie,Democrat,Hillary Clinton,50199,380152
Fredericksburg,Democrat,Hillary Clinton,1396,9779
Terrebonne,Republican,Donald Trump,3454,39279
Henry,Republican,Ted Cruz,379,7493
Jackson,Republican,Donald Trump,8113,60100
Jackson,Republican,Donald Trump,5463,20765
Washakie,Democrat,Hillary Clinton,2,3468
Carroll,Republican,Ted Cruz,0,11019
Atoka,Democrat,Bernie Sanders,723,5303
Lyon,Democrat,Bernie Sanders,561,3294
LeFlore,Democrat,Bernie Sanders,2283,18412
Harris,Democrat,Hillary Clinton,156729,1434694
Lowndes,Democrat,Hillary Clinton,3782,4212
Boise,Republican,Donald Trump,691,2994
Jefferson,Democrat,Hillary Clinton,64090,305832
Archuleta,Democrat,Bernie Sanders,156,4881
Owsley,Republican,Donald Trump,168,1721
Yalobusha,Democrat,Hillary Clinton,1214,4797
Charlton,Republican,Donald Trump,602,3727
Brunswick,Democrat,Hillary Clinton,1354,5826
Bond,Republican,Donald Trump,1102,6373
Summit,Democrat,Bernie Sanders,1645,13627
Nuckolls,Republican,Donald Trump,446,2119
Caddo,Democrat,Hillary Clinton,16666,98554
Bryan,Democrat,Bernie Sanders,1913,16575
Jasper,Democrat,Hillary Clinton,927,14826
Pawnee,Democrat,Bernie Sanders,762,6341
Lee,Republican,Donald Trump,273,2951
Larimer,Democrat,Bernie Sanders,6664,121423
Calloway,Democrat,Bernie Sanders,2239,14937
Stoddard,Republican,Donald Trump,3024,12224
Letcher,Democrat,Bernie Sanders,1788,9366
St. Tammany,Republican,Donald Trump,12933,87518
Bleckley,Republican,Donald Trump,935,3955
Foard,Democrat,Bernie Sanders,112,491
Phelps,Republican,Donald Trump,3425,16699
Northampton,Democrat,Hillary Clinton,3195,8604
Faulkner,Republican,Ted Cruz,6228,42413
Golden Valley,Republican,Donald Trump,203,323
Texas,Republican,Donald Trump,2659,9370
Christian,Republican,Ted Cruz,10586,29652
Woodford,Democrat,Bernie Sanders,1918,9698
Tishomingo,Republican,Donald Trump,1854,7643
Early,Republican,Donald Trump,760,4030
Clinch,Republican,Donald Trump,412,2586
St. Helena,Democrat,Hillary Clinton,1407,4130
Burlington,Democrat,Hillary Clinton,32712,164979
Columbia,Republican,Donald Trump,1149,9449
McCone,Republican,Donald Trump,410,760
Bay,Republican,Donald Trump,14426,67561
Union,Republican,Donald Trump,1332,6852
Jefferson,Republican,Donald Trump,3281,15288
Deer Lodge,Democrat,Hillary Clinton,986,3855
Harford,Republican,Donald Trump,21771,90708
Sangamon,Republican,Ted Cruz,12261,82807
Wapello,Democrat,Hillary Clinton,817,14534
Sevier,Republican,Donald Trump,593,5745
Richmond City,Democrat,Hillary Clinton,21822,84833
Crawford,Republican,Donald Trump,930,4620
Cumberland,Democrat,Hillary Clinton,6875,50676
Carroll,Republican,John Kasich,0,11019
Edgefield,Democrat,Hillary Clinton,1474,9108
Comanche,Democrat,Bernie Sanders,3804,44251
Callaway,Republican,Ted Cruz,3261,16548
Barnwell,Democrat,Hillary Clinton,1560,8416
Dickinson,Republican,Donald Trump,1708,11432
Covington,Republican,Donald Trump,4608,15041
Beaverhead,Republican,Donald Trump,1626,4110
Jefferson,Democrat,Bernie Sanders,654,6919
Virginia Beach,Democrat,Hillary Clinton,22352,164944
Washington,Democrat,Hillary Clinton,2982,18123
Conejos,Democrat,Hillary Clinton,73,3099
Franklin,Republican,Donald Trump,3130,16110
Alachua,Democrat,Hillary Clinton,17733,96043
Radford,Democrat,Bernie Sanders,655,5516
Moultrie,Republican,Ted Cruz,1321,5676
Will,Democrat,Bernie Sanders,46305,222652
Cheyenne,Democrat,Hillary Clinton,5,839
Williamson,Republican,Donald Trump,4929,26819
Mason,Republican,Donald Trump,1785,12470
Butler,Democrat,Bernie Sanders,350,6189
Marion,Republican,Donald Trump,3503,12700
St. Bernard,Democrat,Hillary Clinton,1057,13714
Searcy,Republican,Donald Trump,939,3296
Mingo,Democrat,Bernie Sanders,2425,10827
Branch,Republican,Donald Trump,2455,15862
Jackson,Republican,Donald Trump,5484,21293
Martin,Democrat,Hillary Clinton,2469,9444
Emporia,Democrat,Hillary Clinton,404,2488
Cedar,Republican,Ted Cruz,1404,5970
Philadelphia,Democrat,Hillary Clinton,212785,580017
Williamsburg,Democrat,Bernie Sanders,1197,4391
Jackson,Democrat,Bernie Sanders,1845,8112
Lenoir,Democrat,Hillary Clinton,4731,23569
Summers,Democrat,Bernie Sanders,1060,5350
Logan,Democrat,Bernie Sanders,3201,14699
Monongalia,Democrat,Bernie Sanders,8096,36449
Dunklin,Republican,Donald Trump,1781,12882
Barrow,Republican,Donald Trump,4653,23413
Madison,Republican,Donald Trump,916,4603
Orange,Republican,Donald Trump,2574,7688
Gallatin,Democrat,Bernie Sanders,663,2369
Ford,Republican,Ted Cruz,1281,5651
Lunenburg,Democrat,Hillary Clinton,738,4572
Northampton,Democrat,Hillary Clinton,868,5149
Calhoun,Democrat,Bernie Sanders,503,2061
Douglas,Republican,Donald Trump,1657,5178
Twiggs,Democrat,Hillary Clinton,818,3056
Saint Francis,Democrat,Hillary Clinton,1912,9358
Ottawa,Democrat,Bernie Sanders,1238,12134
Osceola,Republican,Ted Cruz,113,2676
Trimble,Democrat,Bernie Sanders,542,3512
George,Republican,Donald Trump,2245,7842
Flathead,Republican,Donald Trump,10642,36901
Rankin,Republican,Donald Trump,13729,53223
Portage,Democrat,Bernie Sanders,9348,27975
Mobile,Democrat,Hillary Clinton,28927,155178
Elbert,Democrat,Bernie Sanders,144,8240
Lonoke,Republican,Ted Cruz,4028,25052
Cleveland,Democrat,Hillary Clinton,4880,37760
Zapata,Democrat,Hillary Clinton,1969,4460
Broome,Democrat,Bernie Sanders,9176,79763
Coosa,Republican,Donald Trump,1233,4506
Hardin,Republican,Donald Trump,496,1800
Power,Republican,Ted Cruz,421,2568
Oconee,Republican,Donald Trump,2871,11485
Buffalo,Republican,Donald Trump,3748,17705
Edgecombe,Democrat,Hillary Clinton,6411,21021
Adams,Republican,Donald Trump,354,1707
Anne Arundel,Democrat,Hillary Clinton,35659,199904
Big Horn,Democrat,Hillary Clinton,2,4462
Saginaw,Democrat,Hillary Clinton,12348,77412
Chaffee,Democrat,Bernie Sanders,404,7832
St. Joseph,Republican,Ted Cruz,2655,22326
Ware,Republican,Donald Trump,1998,13460
Smith,Republican,Donald Trump,1820,6269
Dawes,Republican,Donald Trump,831,3709
Anson,Democrat,Hillary Clinton,2307,9686
Calhoun,Democrat,Hillary Clinton,200,4356
Tallapoosa,Republican,Donald Trump,4658,16373
Livingston,Republican,Donald Trump,1191,5660
Prairie,Republican,Donald Trump,269,502
Clark,Democrat,Bernie Sanders,1888,14498
Iowa,Democrat,Bernie Sanders,3198,9610
Alger,Democrat,Bernie Sanders,622,3607
Carroll,Republican,Marco Rubio,0,11019
Craig,Democrat,Bernie Sanders,926,5603
Barbour,Democrat,Hillary Clinton,2567,9200
La Paz,Republican,Donald Trump,940,10221
Menominee,Democrat,Bernie Sanders,355,1220
Miller,Republican,Donald Trump,2482,10034
Warren,Democrat,Hillary Clinton,468,2208
Iowa,Democrat,Hillary Clinton,357,6745
Carbon,Republican,Donald Trump,1507,4322
St. Louis City,Democrat,Hillary Clinton,34458,140652
Benton,Democrat,Hillary Clinton,672,10079
Calhoun,Democrat,Hillary Clinton,413,2046
Union,Republican,Donald Trump,2691,9141
Cross,Republican,Donald Trump,972,6818
Bacon,Republican,Donald Trump,904,4036
Collier,Republican,Donald Trump,30071,122972
Tuscaloosa,Democrat,Hillary Clinton,12136,67882
Richland,Democrat,Hillary Clinton,696,7619
Grady,Republican,Donald Trump,1422,9290
Bureau,Republican,Donald Trump,2185,13998
Talbot,Republican,Donald Trump,3104,16013
Manhattan,Democrat,Hillary Clinton,177496,736192
Iberia,Democrat,Hillary Clinton,2171,26496
Vermillion,Republican,Donald Trump,1748,6466
Greene,Republican,Donald Trump,2103,16603
Madison,Republican,Donald Trump,23791,132975
Sacramento,Democrat,Hillary Clinton,68248,517243
Sebastian,Republican,Donald Trump,6030,49294
Johnson,Republican,Donald Trump,1338,10046
El Dorado,Republican,Donald Trump,17651,67885
Whitley,Republican,Donald Trump,1556,13172
Evangeline,Democrat,Hillary Clinton,1319,11967
Hampton,Democrat,Hillary Clinton,13529,52511
Warren,Republican,Donald Trump,1018,6972
Los Alamos,Democrat,Hillary Clinton,1424,7590
Jefferson,Democrat,Hillary Clinton,9936,28367
Morgan,Republican,Donald Trump,1976,8164
Knox,Republican,Donald Trump,642,3776
Jackson,Democrat,Bernie Sanders,3021,15609
Oldham,Democrat,Hillary Clinton,2730,19532
Perry,Democrat,Hillary Clinton,648,3903
Flagler,Republican,Donald Trump,9684,35647
Washita,Democrat,Bernie Sanders,700,4630
Essex,Democrat,Hillary Clinton,642,4286
Howard,Democrat,Hillary Clinton,30873,106142
Scott,Republican,Donald Trump,1929,8914
Payette,Republican,Ted Cruz,1364,8056
Garland,Republican,Donald Trump,5538,39881
Pecos,Democrat,Hillary Clinton,816,4588
Garfield,Republican,Donald Trump,357,465
Glenn,Republican,Donald Trump,1699,9628
Napa,Democrat,Hillary Clinton,7370,49431
Hot Spring,Republican,Donald Trump,1597,12231
Multnomah,Democrat,Bernie Sanders,87247,305939
Travis,Democrat,Bernie Sanders,73889,411876
Trumbull,Democrat,Hillary Clinton,17903,86246
Mercer,Republican,Ted Cruz,1073,6716
Shelby,Republican,Donald Trump,18260,74144
Lexington,Democrat,Hillary Clinton,402,1709
Charles City,Democrat,Hillary Clinton,863,2850
Dallas,Democrat,Hillary Clinton,113574,858332
Beaver,Democrat,Hillary Clinton,12963,70867
Henry,Democrat,Hillary Clinton,15639,69238
Lincoln,Republican,Donald Trump,4144,18714
Choctaw,Democrat,Hillary Clinton,1772,5518
Hudspeth,Democrat,Hillary Clinton,147,1096
San Miguel,Democrat,Bernie Sanders,329,3234
Warren,Republican,Donald Trump,2722,12572
Lafourche,Republican,Donald Trump,2725,35072
Dawson,Republican,Donald Trump,1950,8774
Murray,Republican,Donald Trump,3084,14092
Rosebud,Republican,Donald Trump,959,3268
Wolfe,Democrat,Bernie Sanders,499,2779
Quitman,Democrat,Hillary Clinton,193,932
Clay,Democrat,Hillary Clinton,623,5145
Jasper,Republican,Donald Trump,3903,11924
Butts,Republican,Donald Trump,1884,7776
Kiowa,Democrat,Bernie Sanders,514,3886
Izard,Republican,Donald Trump,873,5682
Garden,Republican,Donald Trump,372,836
Putnam,Democrat,Bernie Sanders,504,2471
Manassas,Democrat,Hillary Clinton,1812,12072
Yankton,Democrat,Hillary Clinton,706,8698
Benton,Democrat,Bernie Sanders,11567,33384
Furnas,Republican,Donald Trump,546,2215
Madison,Republican,Ted Cruz,4079,10323
Petroleum,Republican,Donald Trump,167,233
St. Charles,Democrat,Hillary Clinton,2245,18547
Reynolds,Republican,Donald Trump,647,2664
Clay,Democrat,Hillary Clinton,2372,7750
Oktibbeha,Democrat,Hillary Clinton,2389,18176
LaPorte,Republican,Donald Trump,9494,42690
Brantley,Republican,Donald Trump,1161,6550
Robertson,Democrat,Bernie Sanders,177,884
San Juan,Democrat,Bernie Sanders,27,321
King and Queen,Democrat,Hillary Clinton,477,2863
Calaveras,Republican,Donald Trump,4902,18702
Jackson,Democrat,Hillary Clinton,827,6090
Jefferson,Democrat,Bernie Sanders,8281,219562
McKinley,Democrat,Hillary Clinton,4761,17427
Custer,Republican,Donald Trump,1306,4738
Baraga,Republican,Donald Trump,468,3234
Cassia,Republican,Ted Cruz,2095,7653
McDonough,Republican,Donald Trump,1599,12620
Elbert,Republican,Donald Trump,1394,7635
Sublette,Democrat,Bernie Sanders,3,3502
Nelson,Democrat,Hillary Clinton,2395,16571
Candler,Republican,Donald Trump,897,3861
Calhoun,Democrat,Bernie Sanders,5810,53428
Wayne,Republican,Donald Trump,1376,5589
Arthur,Republican,Donald Trump,68,177
Wetzel,Democrat,Bernie Sanders,1744,6903
Brown,Republican,Donald Trump,555,1544
Lapeer,Republican,Donald Trump,7446,32684
St. Lucie,Republican,Donald Trump,18350,106060
Pottawattamie,Democrat,Bernie Sanders,1573,36460
Jay,Republican,Donald Trump,2194,8179
Bell,Republican,Donald Trump,692,11109
Pawnee,Republican,Donald Trump,225,1314
Tippecanoe,Republican,Donald Trump,10296,66667
Emanuel,Republican,Donald Trump,1489,8026
Houston,Republican,Donald Trump,8171,39250
Caribou,Republican,Ted Cruz,602,2644
Richmond,Democrat,Hillary Clinton,2941,18254
Missoula,Democrat,Bernie Sanders,13271,45523
Valley,Republican,Donald Trump,575,3519
Natchitoches,Democrat,Hillary Clinton,2545,14903
Sweetwater,Democrat,Bernie Sanders,12,16682
Blaine,Republican,Donald Trump,99,249
Deuel,Democrat,Hillary Clinton,162,1789
Lawrence,Republican,Donald Trump,1326,4872
Lincoln,Republican,Donald Trump,2950,13045
Dickinson,Democrat,Bernie Sanders,358,7981
Walton,Republican,Donald Trump,7910,29520
Ripley,Republican,Donald Trump,3694,10761
Drew,Democrat,Hillary Clinton,1250,7496
St. Clair,Republican,Donald Trump,11995,64379
Baltimore,Democrat,Hillary Clinton,73099,313912
Walthall,Republican,Donald Trump,1143,5649
Calvert,Republican,Donald Trump,6360,30923
Todd,Democrat,Bernie Sanders,524,2680
Lumpkin,Republican,Donald Trump,2453,10999
Dougherty,Democrat,Hillary Clinton,8891,35661
Tattnall,Republican,Donald Trump,1089,7885
Eagle,Democrat,Bernie Sanders,623,17966
Putnam,Republican,Donald Trump,4087,12414
Boone,Democrat,Hillary Clinton,2932,43255
Lawrence,Republican,Donald Trump,1201,4830
Denver,Democrat,Bernie Sanders,14624,266069
Garfield,Republican,Donald Trump,227,864
Cumberland,Democrat,Hillary Clinton,22744,121226
Dunn,Democrat,Bernie Sanders,4272,16222
Pitkin,Democrat,Bernie Sanders,421,7507
Cooper,Republican,Ted Cruz,1369,6568
Harris,Republican,Donald Trump,2542,11426
Clarke,Democrat,Hillary Clinton,3148,9631
Pierce,Republican,Donald Trump,1345,6970
Cheboygan,Republican,Donald Trump,2089,11477
Wayne,Republican,Donald Trump,2033,10171
Bear Lake,Republican,Ted Cruz,643,2442
Sierra,Republican,Donald Trump,497,1253
Howard,Republican,Donald Trump,559,5208
Nottoway,Democrat,Hillary Clinton,829,5673
Payne,Democrat,Bernie Sanders,3829,30010
Monroe,Republican,Ted Cruz,195,3361
Scott,Democrat,Hillary Clinton,2013,9692
Tama,Democrat,Hillary Clinton,476,6794
Lee,Republican,Donald Trump,3057,9773
Mohave,Republican,Donald Trump,14154,80230
Uvalde,Democrat,Hillary Clinton,1740,8619
Imperial,Democrat,Hillary Clinton,5743,48099
Troup,Republican,Donald Trump,4140,24441
Dimmit,Democrat,Hillary Clinton,1804,3542
Henderson,Republican,Donald Trump,516,3202
Cullman,Republican,Donald Trump,10618,31342
Yancey,Democrat,Bernie Sanders,1386,7278
Jones,Democrat,Hillary Clinton,910,4151
Claiborne,Democrat,Hillary Clinton,1411,3190
Harrison,Democrat,Bernie Sanders,1059,7179
Fayette,Democrat,Hillary Clinton,9184,54363
Petersburg,Democrat,Hillary Clinton,4099,12456
Pasco,Republican,Donald Trump,33536,182707
Casey,Republican,Donald Trump,1029,6050
