county;party;candidate;votes;income
Abbeville;Democrat;Hillary Clinton;1501;18134
Acadia;Democrat;Hillary Clinton;1862;19910
Adair;Democrat;Bernie Sanders;971;15116
Adair;Democrat;Hillary Clinton;168;25564
Adair;Republican;Donald Trump;1512;17371
Adams;Democrat;Bernie Sanders;3279;24195
Adams;Democrat;Hillary Clinton;113;23707
Adams;Democrat;Hillary Clinton;3013;17544
Adams;Republican;Donald Trump;2279;22196
Alachua;Democrat;Hillary Clinton;17733;24857
Alamance;Democrat;Hillary Clinton;7374;23166
Alameda;Democrat;Hillary Clinton;107102;35763
Alamosa;Democrat;Bernie Sanders;167;19487
Albany;Democrat;Bernie Sanders;25;24758
Albany;Democrat;Bernie Sanders;20422;32328
Albemarle;Democrat;Hillary Clinton;8284;37239
Alexander;Democrat;Hillary Clinton;770;13619
Alexandria;Democrat;Hillary Clinton;16281;54608
Alfalfa;Republican;Ted Cruz;421;22488
Alger;Democrat;Bernie Sanders;622;19717
Allamakee;Democrat;Hillary Clinton;304;24926
Allegan;Republican;Ted Cruz;7530;24140
Allegany;Republican;Donald Trump;2702;20978
Allegany;Republican;Donald Trump;6272;21211
Alleghany;Republican;Donald Trump;790;19510
Allegheny;Democrat;Hillary Clinton;122399;31593
Allen;Democrat;Hillary Clinton;536;18857
Allen;Republican;John Kasich;8719;22295
Allendale;Democrat;Hillary Clinton;1022;13334
Alpine;Democrat;Bernie Sanders;129;25527
Amador;Republican;Donald Trump;3605;27347
Amite;Democrat;Hillary Clinton;1212;16977
Anderson;Democrat;Bernie Sanders;1649;24161
Anderson;Republican;Donald Trump;4298;24561
Anderson;Republican;Ted Cruz;4525;18495
Andrew;Republican;Donald Trump;1457;25302
Anne Arundel;Democrat;Hillary Clinton;35659;40415
Anson;Democrat;Hillary Clinton;2307;16752
Antelope;Republican;Donald Trump;772;25186
Antrim;Republican;Donald Trump;1969;24370
Apache;Democrat;Hillary Clinton;4450;12709
Appanoose;Republican;Donald Trump;292;21599
Appling;Republican;Donald Trump;1290;19643
Appomattox;Republican;Donald Trump;1033;23636
Arapahoe;Democrat;Bernie Sanders;6086;32595
Archuleta;Democrat;Bernie Sanders;156;29793
Arenac;Republican;Donald Trump;1141;20039
Arlington;Democrat;Hillary Clinton;25561;62018
Armstrong;Republican;Donald Trump;7578;23661
Arthur;Republican;Donald Trump;68;17656
Ascension;Democrat;Hillary Clinton;4221;28178
Ashe;Republican;Donald Trump;1993;20838
Ashland;Democrat;Bernie Sanders;2304;21115
Ashland;Republican;John Kasich;5139;21940
Ashley;Democrat;Hillary Clinton;1375;19761
Ashtabula;Republican;Donald Trump;6127;20011
Assumption;Democrat;Hillary Clinton;1139;21743
Atascosa;Republican;Ted Cruz;2333;20193
Atchison;Republican;Donald Trump;487;24748
Athens;Democrat;Bernie Sanders;5663;17019
Atlantic;Republican;Donald Trump;11921;27391
Atoka;Democrat;Bernie Sanders;723;17842
Attala;Democrat;Hillary Clinton;1519;18422
Audubon;Democrat;Hillary Clinton;187;30919
Auglaize;Republican;John Kasich;4998;25323
Aurora;Democrat;Hillary Clinton;150;23504
Avoyelles;Democrat;Hillary Clinton;1181;18006
Baca;Democrat;Hillary Clinton;15;22318
Bacon;Republican;Donald Trump;904;18558
Baker;Democrat;Hillary Clinton;303;17019
Baker;Republican;Donald Trump;2330;23234
Baldwin;Democrat;Hillary Clinton;3034;18622
Baldwin;Republican;Donald Trump;23618;26766
Ballard;Democrat;Bernie Sanders;659;24781
Baltimore;Democrat;Hillary Clinton;73099;34374
Baltimore City;Democrat;Hillary Clinton;81115;24750
Bamberg;Democrat;Hillary Clinton;1715;18902
Bandera;Republican;Ted Cruz;2268;25364
Banks;Republican;Donald Trump;1806;20231
Banner;Republican;Donald Trump;108;25814
Bannock;Republican;Ted Cruz;4404;21327
Baraga;Republican;Donald Trump;468;17701
Barbour;Democrat;Hillary Clinton;2567;16829
Barbour;Republican;Donald Trump;1782;17876
Barnwell;Democrat;Hillary Clinton;1560;18862
Barren;Democrat;Bernie Sanders;2653;19745
Barron;Republican;Donald Trump;4217;23337
Barry;Republican;Donald Trump;3478;25059
Bartholomew;Republican;Donald Trump;7918;27359
Barton;Republican;Ted Cruz;1560;20678
Bartow;Republican;Donald Trump;8281;21022
Bath;Democrat;Bernie Sanders;641;16367
Bath;Republican;Donald Trump;296;28704
Bay;Democrat;Bernie Sanders;6363;23799
Bayfield;Democrat;Bernie Sanders;2604;25377
Baylor;Republican;Ted Cruz;355;28021
Beadle;Democrat;Hillary Clinton;501;24025
Bear Lake;Republican;Ted Cruz;643;21853
Beaufort;Democrat;Hillary Clinton;9945;32503
Beaufort;Republican;Donald Trump;3165;21636
Beauregard;Republican;Ted Cruz;1363;22509
Beaver;Democrat;Hillary Clinton;12963;26258
Bedford;Republican;Donald Trump;5328;28697
Bell;Republican;Ted Cruz;13994;22857
Ben Hill;Republican;Donald Trump;1020;14204
Benewah;Republican;Ted Cruz;671;20198
Bent;Democrat;Hillary Clinton;26;15081
Benton;Democrat;Bernie Sanders;11567;26738
Benton;Democrat;Hillary Clinton;557;18597
Benton;Democrat;Hillary Clinton;672;26624
Benton;Republican;Donald Trump;2278;19717
Benzie;Democrat;Bernie Sanders;1650;24831
Bergen;Democrat;Hillary Clinton;55264;43347
Berkeley;Democrat;Hillary Clinton;9471;24165
Berkeley;Republican;Donald Trump;9235;26264
Berks;Republican;Donald Trump;28719;26723
Bernalillo;Democrat;Bernie Sanders;38247;26814
Bertie;Democrat;Hillary Clinton;2065;17096
Bexar;Democrat;Hillary Clinton;76502;24253
Bibb;Democrat;Hillary Clinton;12944;20982
Bienville;Democrat;Hillary Clinton;1056;18958
Big Horn;Democrat;Bernie Sanders;2;25119
Big Horn;Democrat;Hillary Clinton;2;25119
Bingham;Republican;Ted Cruz;3471;18872
Black Hawk;Democrat;Bernie Sanders;3647;24273
Blackford;Republican;Donald Trump;1019;20322
Bladen;Democrat;Hillary Clinton;3442;19154
Blaine;Republican;Donald Trump;465;17437
Blaine;Republican;Donald Trump;543;35524
Blanco;Republican;Ted Cruz;1379;26781
Bland;Republican;Donald Trump;584;18501
Bleckley;Republican;Donald Trump;935;20156
Bledsoe;Republican;Donald Trump;1009;15747
Boise;Republican;Donald Trump;691;24324
Bolivar;Democrat;Hillary Clinton;3029;16462
Bon Homme;Republican;Donald Trump;343;20941
Bond;Republican;Donald Trump;1102;23195
Bonner;Republican;Ted Cruz;3132;23221
Bonneville;Republican;Ted Cruz;7794;22657
Boone;Democrat;Bernie Sanders;715;27149
Boone;Democrat;Bernie Sanders;2410;21627
Boone;Democrat;Bernie Sanders;15076;26895
Boone;Democrat;Hillary Clinton;2932;29235
Boone;Republican;Donald Trump;7023;37482
Borden;Republican;Ted Cruz;164;50042
Bossier;Republican;Ted Cruz;4988;27429
Botetourt;Republican;Donald Trump;2185;32490
Boulder;Democrat;Bernie Sanders;11142;38011
Boundary;Republican;Ted Cruz;901;19877
Bourbon;Democrat;Hillary Clinton;1109;22893
Box Elder;Republican;Ted Cruz;3314;21720
Boyd;Democrat;Bernie Sanders;2262;24530
Boyd;Republican;Donald Trump;327;23157
Boyle;Democrat;Hillary Clinton;1648;22249
Bracken;Democrat;Bernie Sanders;424;20918
Bradley;Republican;Donald Trump;770;19386
Bradley;Republican;Donald Trump;6103;21649
Braxton;Democrat;Bernie Sanders;1321;18635
Brazoria;Republican;Ted Cruz;19993;29081
Breathitt;Democrat;Bernie Sanders;1716;14706
Breckinridge;Democrat;Hillary Clinton;877;18101
Bremer;Democrat;Hillary Clinton;640;28727
Brewster;Democrat;Bernie Sanders;771;27796
Bronx;Democrat;Hillary Clinton;95772;18171
Brooke;Democrat;Bernie Sanders;1966;22815
Brookings;Democrat;Hillary Clinton;955;23105
Brooklyn;Democrat;Hillary Clinton;174236;25289
Brooks;Democrat;Hillary Clinton;1603;14345
Brooks;Republican;Donald Trump;1009;19409
Broome;Democrat;Bernie Sanders;9176;24835
Broomfield;Democrat;Bernie Sanders;1010;37442
Broward;Democrat;Hillary Clinton;132527;28205
Brown;Republican;Donald Trump;555;21843
Brown;Republican;Donald Trump;1407;27138
Brown;Republican;Donald Trump;4564;21206
Brown;Republican;Ted Cruz;4197;21236
Brunswick;Democrat;Hillary Clinton;1354;16060
Brunswick;Republican;Donald Trump;11584;26839
Bryan;Democrat;Bernie Sanders;1913;20524
Buchanan;Democrat;Hillary Clinton;525;27038
Buchanan;Republican;Donald Trump;1586;17489
Bucks;Republican;Donald Trump;51433;37466
Buena Vista;Republican;Ted Cruz;309;22899
Buffalo;Democrat;Hillary Clinton;110;11405
Buffalo;Republican;Donald Trump;3748;24830
Bullitt;Democrat;Bernie Sanders;3210;24308
Bulloch;Republican;Donald Trump;3111;18587
Bullock;Democrat;Hillary Clinton;2451;18628
Buncombe;Democrat;Bernie Sanders;30913;26159
Burke;Democrat;Hillary Clinton;1659;16171
Burke;Republican;Donald Trump;4985;19701
Burlington;Democrat;Hillary Clinton;32712;36835
Burnet;Republican;Ted Cruz;4026;24998
Burnett;Republican;Donald Trump;1628;22843
Butler;Democrat;Bernie Sanders;350;25269
Butler;Democrat;Hillary Clinton;2196;17403
Butler;Republican;Donald Trump;910;27673
Butler;Republican;Donald Trump;3652;19246
Butler;Republican;John Kasich;28606;26813
Butte;Republican;Donald Trump;1074;21744
Butte;Republican;Ted Cruz;275;20995
Butts;Republican;Donald Trump;1884;20363
Caddo;Democrat;Bernie Sanders;1543;17858
Caddo;Democrat;Hillary Clinton;16666;24308
Calaveras;Republican;Donald Trump;4902;29329
Calcasieu;Democrat;Hillary Clinton;6594;24355
Caldwell;Democrat;Bernie Sanders;866;20327
Caldwell;Republican;Donald Trump;284;22782
Caldwell;Republican;Donald Trump;780;21482
Caldwell;Republican;Ted Cruz;1993;19673
Calhoun;Democrat;Bernie Sanders;200;25766
Calhoun;Democrat;Bernie Sanders;503;26924
Calhoun;Democrat;Bernie Sanders;545;14675
Calhoun;Democrat;Bernie Sanders;803;18053
Calhoun;Democrat;Bernie Sanders;5810;22978
Calhoun;Democrat;Hillary Clinton;200;25766
Calhoun;Democrat;Hillary Clinton;413;17763
Calhoun;Democrat;Hillary Clinton;499;14868
Calhoun;Democrat;Hillary Clinton;1536;23023
Calhoun;Republican;Donald Trump;1323;17034
Calhoun;Republican;Donald Trump;8960;20828
Calhoun;Republican;Ted Cruz;1567;23381
Callaway;Republican;Ted Cruz;3261;23171
Calloway;Democrat;Bernie Sanders;2239;21490
Camas;Republican;Donald Trump;130;21830
Camden;Democrat;Hillary Clinton;43720;30592
Camden;Republican;Donald Trump;3065;22701
Camden;Republican;Donald Trump;5467;23038
Cameron;Democrat;Hillary Clinton;20326;14710
Camp;Republican;Ted Cruz;863;19176
Campbell;Democrat;Bernie Sanders;12;33850
Campbell;Democrat;Hillary Clinton;3169;26945
Campbell;Republican;Donald Trump;2198;16812
Canadian;Republican;Ted Cruz;8105;27552
Cannon;Republican;Donald Trump;1244;20566
Carbon;Democrat;Hillary Clinton;4;25947
Carbon;Republican;Donald Trump;1507;27599
Caribou;Republican;Ted Cruz;602;23586
Carlisle;Democrat;Bernie Sanders;462;21500
Caroline;Democrat;Hillary Clinton;1902;25718
Carroll;Democrat;Bernie Sanders;0;20637
Carroll;Democrat;Bernie Sanders;573;19429
Carroll;Democrat;Hillary Clinton;0;20637
Carroll;Democrat;Hillary Clinton;504;25430
Carroll;Republican;Donald Trump;1133;16897
Carroll;Republican;Donald Trump;1579;18330
Carroll;Republican;Donald Trump;2412;19385
Carroll;Republican;Donald Trump;2421;24531
Carroll;Republican;Donald Trump;2702;21783
Carroll;Republican;Donald Trump;7495;21227
Carroll;Republican;Ted Cruz;0;20637
Carson City;Republican;Donald Trump;1066;26264
Carter;Democrat;Bernie Sanders;1051;19204
Carter;Democrat;Bernie Sanders;2113;21476
Carter;Republican;Donald Trump;349;24921
Carter;Republican;Donald Trump;4266;19018
Carteret;Republican;Donald Trump;7077;27496
Cascade;Republican;Donald Trump;8129;24727
Casey;Republican;Donald Trump;1029;15603
Cass;Democrat;Hillary Clinton;300;25448
Cass;Republican;Donald Trump;680;22257
Cass;Republican;Donald Trump;1811;29638
Cass;Republican;Ted Cruz;2753;20104
Cass;Republican;Ted Cruz;7671;27463
Castro;Republican;Ted Cruz;496;19708
Caswell;Democrat;Hillary Clinton;1701;17975
Catahoula;Democrat;Hillary Clinton;431;19970
Catron;Republican;Donald Trump;501;20616
Cecil;Republican;Donald Trump;7348;29518
Cedar;Democrat;Bernie Sanders;445;26567
Cedar;Republican;Donald Trump;775;25738
Centre;Democrat;Bernie Sanders;10269;25545
Cerro Gordo;Democrat;Bernie Sanders;1108;27291
Chaffee;Democrat;Bernie Sanders;404;27182
Chambers;Democrat;Hillary Clinton;2899;19291
Chambers;Republican;Ted Cruz;3758;30140
Champaign;Democrat;Bernie Sanders;20581;25713
Champaign;Republican;John Kasich;3593;23358
Charles;Democrat;Hillary Clinton;15132;37277
Charles City;Democrat;Hillary Clinton;863;26198
Charleston;Democrat;Hillary Clinton;26535;30158
Charlevoix;Republican;Donald Trump;1886;26947
Charlotte;Republican;Donald Trump;16525;26286
Charlottesville;Democrat;Bernie Sanders;4474;27268
Chase;Republican;Donald Trump;476;28241
Chatham;Democrat;Hillary Clinton;7406;31175
Chatham;Democrat;Hillary Clinton;19898;25093
Chattahoochee;Democrat;Hillary Clinton;182;20042
Chattooga;Republican;Donald Trump;1674;16045
Cheatham;Republican;Donald Trump;2530;23459
Cheboygan;Republican;Donald Trump;2089;23412
Chelan;Republican;Donald Trump;5717;25893
Chemung;Republican;Donald Trump;3982;25329
Cherokee;Democrat;Bernie Sanders;2897;18582
Cherokee;Republican;Donald Trump;2777;22030
Cherokee;Republican;Ted Cruz;4562;18801
Cherry;Republican;Donald Trump;1220;25213
Chesapeake;Democrat;Hillary Clinton;16126;29905
Chester;Democrat;Hillary Clinton;1962;18098
Chester;Republican;Donald Trump;1023;18817
Chester;Republican;Donald Trump;35577;42210
Chesterfield;Democrat;Hillary Clinton;2209;17140
Chesterfield;Democrat;Hillary Clinton;22674;32572
Cheyenne;Democrat;Hillary Clinton;5;23647
Chickasaw;Democrat;Hillary Clinton;360;24139
Chickasaw;Democrat;Hillary Clinton;1398;16677
Chicot;Democrat;Hillary Clinton;1370;16538
Chilton;Republican;Donald Trump;5273;20701
Chippewa;Republican;Donald Trump;5832;24628
Choctaw;Democrat;Bernie Sanders;745;17739
Choctaw;Democrat;Hillary Clinton;1772;20323
Choctaw;Republican;Donald Trump;765;17145
Chowan;Democrat;Hillary Clinton;974;19240
Christian;Democrat;Hillary Clinton;2437;19773
Christian;Republican;Ted Cruz;10586;25134
Cibola;Democrat;Hillary Clinton;1586;16129
Clackamas;Democrat;Bernie Sanders;27969;32781
Claiborne;Democrat;Hillary Clinton;768;17512
Claiborne;Democrat;Hillary Clinton;1411;12177
Clallam;Republican;Donald Trump;6715;25865
Clare;Republican;Donald Trump;1996;18148
Clarendon;Democrat;Hillary Clinton;3564;17665
Clarion;Republican;Donald Trump;4224;21902
Clark;Democrat;Bernie Sanders;1888;24524
Clark;Democrat;Hillary Clinton;1650;17960
Clark;Republican;Donald Trump;179;27878
Clark;Republican;Donald Trump;2823;20754
Clark;Republican;Donald Trump;10635;24312
Clark;Republican;Donald Trump;20132;26217
Clark;Republican;John Kasich;10661;22780
Clarke;Democrat;Hillary Clinton;232;23472
Clarke;Democrat;Hillary Clinton;3148;18979
Clarke;Democrat;Hillary Clinton;7089;19295
Clatsop;Democrat;Bernie Sanders;3334;25680
Clay;Democrat;Bernie Sanders;303;29060
Clay;Democrat;Bernie Sanders;754;16740
Clay;Democrat;Hillary Clinton;297;12982
Clay;Democrat;Hillary Clinton;623;20595
Clay;Democrat;Hillary Clinton;960;18509
Clay;Democrat;Hillary Clinton;2372;18273
Clay;Republican;Donald Trump;600;16867
Clay;Republican;Donald Trump;702;23876
Clay;Republican;Donald Trump;887;13542
Clay;Republican;Donald Trump;1215;22081
Clay;Republican;Donald Trump;1294;22279
Clay;Republican;Donald Trump;3615;21474
Clay;Republican;Donald Trump;19374;26577
Clay;Republican;Ted Cruz;1425;25867
Clay;Republican;Ted Cruz;13559;29406
Clayton;Democrat;Bernie Sanders;408;25074
Clayton;Democrat;Hillary Clinton;25130;17950
Clear Creek;Democrat;Bernie Sanders;199;41716
Clearwater;Republican;Donald Trump;629;20256
Cleburne;Republican;Donald Trump;2530;23044
Cleveland;Democrat;Bernie Sanders;16428;26920
Cleveland;Democrat;Hillary Clinton;4880;20062
Clinch;Republican;Donald Trump;412;17815
Clinton;Democrat;Bernie Sanders;1234;25966
Clinton;Democrat;Bernie Sanders;4301;24676
Clinton;Democrat;Bernie Sanders;4524;28449
Clinton;Republican;Donald Trump;3252;21554
Clinton;Republican;Donald Trump;3938;22026
Coahoma;Democrat;Hillary Clinton;2301;15742
Coal;Democrat;Bernie Sanders;456;19752
Cobb;Democrat;Hillary Clinton;39277;33069
Coconino;Democrat;Bernie Sanders;6941;23382
Codington;Republican;Donald Trump;1473;25582
Colbert;Democrat;Hillary Clinton;3879;21572
Coles;Republican;Donald Trump;3156;21970
Colfax;Democrat;Hillary Clinton;949;21387
Colfax;Republican;Donald Trump;494;23751
Colleton;Democrat;Hillary Clinton;2932;18769
Collier;Republican;Donald Trump;30071;36439
Colonial Heights;Republican;Donald Trump;1417;27610
Columbia;Democrat;Bernie Sanders;3302;33613
Columbia;Democrat;Bernie Sanders;4221;26271
Columbia;Democrat;Bernie Sanders;6455;28273
Columbia;Republican;Donald Trump;651;23814
Columbia;Republican;Donald Trump;1149;19439
Columbia;Republican;Donald Trump;4019;19306
Columbia;Republican;Donald Trump;9177;30949
Columbus;Democrat;Hillary Clinton;3628;19275
Colusa;Republican;Donald Trump;1342;21579
Comal;Republican;Ted Cruz;13004;32980
Comanche;Democrat;Bernie Sanders;3804;22363
Concordia;Democrat;Hillary Clinton;1830;16431
Conecuh;Democrat;Hillary Clinton;2031;15605
Conejos;Democrat;Hillary Clinton;73;17316
Contra Costa;Democrat;Hillary Clinton;69809;38219
Converse;Democrat;Bernie Sanders;3;30941
Conway;Democrat;Hillary Clinton;1755;20040
Cook;Republican;Donald Trump;1229;18592
Cooper;Republican;Ted Cruz;1369;22910
Coos;Republican;Donald Trump;5961;22239
Coosa;Republican;Donald Trump;1233;18493
Copiah;Democrat;Hillary Clinton;3373;18318
Corson;Democrat;Bernie Sanders;148;14262
Cortland;Democrat;Bernie Sanders;1878;23179
Coryell;Republican;Ted Cruz;3327;19357
Costilla;Democrat;Hillary Clinton;64;20742
Cotton;Democrat;Bernie Sanders;388;21452
Covington;Democrat;Hillary Clinton;244;20160
Covington;Republican;Donald Trump;1724;17241
Covington;Republican;Donald Trump;4608;20391
Craig;Democrat;Bernie Sanders;926;19820
Craven;Republican;Donald Trump;5608;24260
Crawford;Democrat;Bernie Sanders;1582;22549
Crawford;Republican;Donald Trump;930;20556
Crawford;Republican;Donald Trump;1108;21492
Crawford;Republican;Donald Trump;1162;20504
Crawford;Republican;Donald Trump;1508;25214
Crawford;Republican;Donald Trump;7471;21741
Crittenden;Democrat;Bernie Sanders;344;21375
Crittenden;Democrat;Hillary Clinton;3379;19665
Crockett;Democrat;Hillary Clinton;266;23872
Crook;Democrat;Bernie Sanders;1;28212
Crook;Democrat;Hillary Clinton;1;28212
Crook;Republican;Donald Trump;3051;20883
Crosby;Republican;Ted Cruz;353;18959
Crowley;Democrat;Bernie Sanders;16;17187
Culberson;Democrat;Hillary Clinton;355;16227
Culpeper;Republican;Donald Trump;2620;27379
Cumberland;Democrat;Hillary Clinton;6875;22524
Cumberland;Democrat;Hillary Clinton;22744;23067
Cumberland;Republican;Donald Trump;460;17697
Cumberland;Republican;Donald Trump;5152;21141
Cumberland;Republican;Donald Trump;22457;31791
Cuming;Republican;Donald Trump;783;24496
Curry;Republican;Donald Trump;2583;21259
Curry;Republican;Donald Trump;2936;23972
Custer;Democrat;Bernie Sanders;45;25761
Custer;Republican;Donald Trump;430;23965
Custer;Republican;Donald Trump;1068;28356
Custer;Republican;Donald Trump;1306;24615
Cuyahoga;Democrat;Hillary Clinton;125914;27423
Dade;Republican;Donald Trump;1151;21690
Dade;Republican;Ted Cruz;997;20034
Dale;Republican;Donald Trump;4151;22685
Dallas;Democrat;Hillary Clinton;693;16838
Dallas;Democrat;Hillary Clinton;8577;17245
Dallas;Democrat;Hillary Clinton;113574;26816
Dallas;Republican;Donald Trump;1672;18155
Dane;Democrat;Bernie Sanders;102585;33712
Danville;Democrat;Hillary Clinton;2676;19626
Darlington;Democrat;Hillary Clinton;4988;20105
Davidson;Democrat;Hillary Clinton;43691;28467
Daviess;Democrat;Bernie Sanders;5188;22963
Daviess;Republican;Donald Trump;3894;21416
Davis;Republican;Donald Trump;205;22210
Davis;Republican;Ted Cruz;17528;26035
Dawson;Republican;Donald Trump;1950;20142
Dawson;Republican;Ted Cruz;943;17677
Day;Democrat;Hillary Clinton;343;23126
DeBaca;Republican;Donald Trump;151;24879
DeKalb;Democrat;Bernie Sanders;8315;23696
DeKalb;Democrat;Hillary Clinton;82348;28810
DeKalb;Republican;Donald Trump;800;16635
DeKalb;Republican;Donald Trump;1240;21606
DeKalb;Republican;Donald Trump;6247;18149
DeSoto;Democrat;Hillary Clinton;1508;21547
DeSoto;Republican;Donald Trump;1445;15088
DeSoto;Republican;Ted Cruz;12300;25176
Dearborn;Republican;Donald Trump;6617;27058
Deer Lodge;Democrat;Hillary Clinton;986;22052
Delaware;Democrat;Bernie Sanders;1773;21109
Delaware;Democrat;Hillary Clinton;440;26261
Delaware;Democrat;Hillary Clinton;44775;33179
Delaware;Republican;John Kasich;32885;40189
Delta;Democrat;Bernie Sanders;417;24771
Delta;Republican;Donald Trump;1954;22471
Delta;Republican;Ted Cruz;553;20150
Denver;Democrat;Bernie Sanders;14624;33251
Des Moines;Democrat;Bernie Sanders;1066;24408
Desha;Democrat;Hillary Clinton;1342;19822
Deuel;Democrat;Hillary Clinton;162;27525
Dewey;Democrat;Bernie Sanders;342;15558
Dewey;Republican;Ted Cruz;363;24860
Dickens;Republican;Ted Cruz;267;20578
Dickenson;Republican;Donald Trump;911;18215
Dickinson;Democrat;Bernie Sanders;358;31790
Dickinson;Republican;Donald Trump;1708;24611
Dickson;Republican;Donald Trump;2730;21547
Dillon;Democrat;Hillary Clinton;1615;14988
Dimmit;Democrat;Hillary Clinton;1804;17516
Dinwiddie;Democrat;Hillary Clinton;1935;23781
Dodge;Republican;Donald Trump;2760;24588
Dolores;Democrat;Bernie Sanders;22;22880
Dona Ana;Democrat;Hillary Clinton;9097;19565
Donley;Republican;Ted Cruz;358;21904
Dooly;Democrat;Hillary Clinton;737;14510
Door;Democrat;Bernie Sanders;3417;30657
Dorchester;Republican;Donald Trump;6949;24495
Dougherty;Democrat;Hillary Clinton;8891;18619
Douglas;Democrat;Bernie Sanders;2347;43634
Douglas;Democrat;Bernie Sanders;4510;25129
Douglas;Democrat;Hillary Clinton;9375;23626
Douglas;Republican;Donald Trump;262;28323
Douglas;Republican;Donald Trump;12263;21870
Douglas;Republican;Donald Trump;23754;29180
Douglas;Republican;Ted Cruz;1764;23732
Drew;Democrat;Hillary Clinton;1250;17057
DuPage;Democrat;Bernie Sanders;65159;38570
Dubois;Republican;Donald Trump;4692;25589
Dubuque;Democrat;Hillary Clinton;2504;26254
Duchesne;Republican;Ted Cruz;1342;23411
Dunn;Democrat;Bernie Sanders;4272;22499
Duplin;Democrat;Hillary Clinton;3036;17122
Durham;Democrat;Hillary Clinton;35845;29347
Dutchess;Republican;Donald Trump;12447;33594
Duval;Democrat;Hillary Clinton;2272;20181
Duval;Democrat;Hillary Clinton;58632;26143
Dyer;Republican;Donald Trump;2400;21208
Eagle;Democrat;Bernie Sanders;623;39497
Early;Republican;Donald Trump;760;17579
East Baton Rouge;Democrat;Hillary Clinton;32960;27505
East Carroll;Democrat;Hillary Clinton;508;12055
East Feliciana;Democrat;Hillary Clinton;1847;22099
Eaton;Democrat;Bernie Sanders;7007;26582
Eau Claire;Democrat;Bernie Sanders;13058;25287
Edgar;Republican;Donald Trump;1562;23368
Edgecombe;Democrat;Hillary Clinton;6411;16971
Edgefield;Democrat;Hillary Clinton;1474;20753
Edwards;Republican;Ted Cruz;223;22015
El Dorado;Republican;Donald Trump;17651;34884
El Paso;Democrat;Bernie Sanders;4954;28867
El Paso;Democrat;Hillary Clinton;36067;18379
Elbert;Democrat;Bernie Sanders;144;36077
Elk;Republican;Donald Trump;2647;23738
Elliott;Democrat;Bernie Sanders;443;14040
Ellis;Republican;Ted Cruz;350;27183
Ellis;Republican;Ted Cruz;12546;25662
Emanuel;Republican;Donald Trump;1489;17064
Emery;Republican;Ted Cruz;455;20137
Emmet;Democrat;Bernie Sanders;2589;29718
Emmet;Democrat;Hillary Clinton;168;27908
Emporia;Democrat;Hillary Clinton;404;19710
Erie;Democrat;Hillary Clinton;19511;24189
Erie;Democrat;Hillary Clinton;50199;27978
Erie;Republican;John Kasich;5588;26135
Escambia;Republican;Donald Trump;2817;16540
Esmeralda;Republican;Donald Trump;46;20862
Essex;Democrat;Bernie Sanders;1932;26582
Essex;Democrat;Hillary Clinton;642;21532
Essex;Democrat;Hillary Clinton;75071;32181
Estill;Democrat;Hillary Clinton;446;16435
Etowah;Republican;Donald Trump;8657;20204
Evangeline;Democrat;Hillary Clinton;1319;18023
Evans;Republican;Donald Trump;481;18998
Fairfax;Democrat;Hillary Clinton;86898;50532
Fairfax City;Democrat;Hillary Clinton;1840;44345
Fairfield;Democrat;Hillary Clinton;3260;20257
Fall River;Republican;Donald Trump;923;23624
Falls;Republican;Ted Cruz;1150;16486
Falls Church;Democrat;Hillary Clinton;1587;59088
Fannin;Republican;Ted Cruz;2818;20337
Faulk;Republican;Donald Trump;216;23069
Fauquier;Republican;Donald Trump;4888;39600
Fayette;Democrat;Bernie Sanders;3585;18685
Fayette;Democrat;Hillary Clinton;525;23391
Fayette;Democrat;Hillary Clinton;9184;20884
Fayette;Democrat;Hillary Clinton;20014;29251
Fayette;Republican;Donald Trump;8055;35344
Fayette;Republican;John Kasich;2395;20603
Fentress;Republican;Donald Trump;1418;16454
Fergus;Republican;Donald Trump;1975;24429
Fillmore;Republican;Donald Trump;574;25460
Fisher;Republican;Ted Cruz;306;22709
Fleming;Democrat;Bernie Sanders;806;19304
Florence;Democrat;Hillary Clinton;9411;22432
Floyd;Democrat;Bernie Sanders;4010;17716
Floyd;Democrat;Hillary Clinton;453;24590
Floyd;Republican;Ted Cruz;711;21655
Fluvanna;Democrat;Hillary Clinton;1355;30881
Foard;Democrat;Bernie Sanders;112;20202
Forest;Republican;Donald Trump;597;13646
Forrest;Republican;Donald Trump;4267;19736
Forsyth;Democrat;Hillary Clinton;24446;26541
Forsyth;Republican;Donald Trump;15698;34582
Fort Bend;Republican;Ted Cruz;31422;34084
Fountain;Republican;Donald Trump;2742;23063
Franklin;Democrat;Bernie Sanders;2338;21575
Franklin;Democrat;Bernie Sanders;5398;26243
Franklin;Democrat;Hillary Clinton;226;26102
Franklin;Democrat;Hillary Clinton;650;17752
Franklin;Democrat;Hillary Clinton;665;19843
Franklin;Democrat;Hillary Clinton;4951;21399
Franklin;Republican;Donald Trump;333;26095
Franklin;Republican;Donald Trump;1997;18234
Franklin;Republican;Donald Trump;3130;20394
Franklin;Republican;Donald Trump;3650;24557
Franklin;Republican;Donald Trump;15631;25741
Franklin;Republican;Ted Cruz;1187;17620
Franklin City;Democrat;Hillary Clinton;831;19588
Frederick;Republican;Donald Trump;15076;36917
Fredericksburg;Democrat;Hillary Clinton;1396;27222
Freestone;Republican;Ted Cruz;2204;22876
Fremont;Democrat;Bernie Sanders;10;24037
Fremont;Democrat;Bernie Sanders;268;18954
Fremont;Democrat;Hillary Clinton;10;24037
Frio;Democrat;Hillary Clinton;1864;15863
Frontier;Republican;Donald Trump;315;25262
Fulton;Democrat;Bernie Sanders;2537;22318
Fulton;Democrat;Hillary Clinton;315;18602
Fulton;Democrat;Hillary Clinton;701;19326
Fulton;Democrat;Hillary Clinton;82576;36757
Fulton;Republican;Donald Trump;1783;23201
Fulton;Republican;John Kasich;4578;24771
Furnas;Republican;Donald Trump;546;22068
Gadsden;Democrat;Hillary Clinton;7446;17615
Gaines;Republican;Ted Cruz;1274;21572
Galax;Republican;Donald Trump;303;21769
Gallatin;Democrat;Bernie Sanders;340;19020
Gallatin;Democrat;Bernie Sanders;663;23862
Gallia;Republican;Donald Trump;2900;21168
Garden;Republican;Donald Trump;372;26715
Garfield;Democrat;Bernie Sanders;734;26603
Garfield;Republican;Donald Trump;227;22092
Garfield;Republican;Donald Trump;290;26954
Garfield;Republican;Donald Trump;357;25921
Garfield;Republican;Ted Cruz;2798;24177
Garrard;Republican;Donald Trump;581;21341
Garvin;Democrat;Bernie Sanders;1505;21285
Gaston;Republican;Donald Trump;11528;22658
Gates;Democrat;Hillary Clinton;749;21187
Genesee;Democrat;Hillary Clinton;31284;22380
Genesee;Republican;Donald Trump;3673;25403
George;Republican;Donald Trump;2245;20217
Georgetown;Democrat;Hillary Clinton;4931;24437
Gila;Republican;Donald Trump;3065;20792
Gilchrist;Republican;Donald Trump;1860;20180
Giles;Republican;Donald Trump;1037;23485
Giles;Republican;Donald Trump;1910;19998
Gilmer;Democrat;Bernie Sanders;643;17870
Gilmer;Republican;Donald Trump;3314;21317
Gilpin;Democrat;Bernie Sanders;173;38022
Glacier;Democrat;Bernie Sanders;1074;15604
Glades;Republican;Donald Trump;632;16011
Gladwin;Republican;Donald Trump;1774;20368
Glascock;Republican;Donald Trump;405;17984
Glasscock;Republican;Ted Cruz;202;31135
Glenn;Republican;Donald Trump;1699;22148
Gloucester;Democrat;Hillary Clinton;17954;32600
Gloucester;Republican;Donald Trump;2907;28673
Glynn;Republican;Donald Trump;5516;26724
Gogebic;Democrat;Bernie Sanders;790;20330
Goliad;Republican;Ted Cruz;747;30031
Gonzales;Republican;Ted Cruz;1698;20288
Gordon;Republican;Donald Trump;4339;19177
Goshen;Democrat;Hillary Clinton;3;23475
Grady;Republican;Donald Trump;1422;15734
Grady;Republican;Ted Cruz;3020;23500
Graham;Republican;Donald Trump;845;19780
Grainger;Republican;Donald Trump;1767;17933
Grand;Democrat;Bernie Sanders;187;31684
Grand;Democrat;Bernie Sanders;636;23558
Grand Traverse;Democrat;Bernie Sanders;8091;27660
Granite;Republican;Donald Trump;487;26277
Grant;Democrat;Bernie Sanders;715;19829
Grant;Democrat;Bernie Sanders;4484;21705
Grant;Democrat;Hillary Clinton;2272;22755
Grant;Republican;Donald Trump;162;19968
Grant;Republican;Donald Trump;722;19018
Grant;Republican;Donald Trump;5992;20516
Grant;Republican;Ted Cruz;1329;23239
Granville;Democrat;Hillary Clinton;4693;22295
Gratiot;Democrat;Bernie Sanders;1812;18836
Graves;Democrat;Bernie Sanders;2631;20746
Greeley;Republican;Donald Trump;125;23833
Green;Democrat;Bernie Sanders;4359;27060
Greene;Democrat;Hillary Clinton;215;26205
Greene;Democrat;Hillary Clinton;1643;18441
Greene;Democrat;Hillary Clinton;2714;14930
Greene;Republican;Donald Trump;1014;22307
Greene;Republican;Donald Trump;1057;26998
Greene;Republican;Donald Trump;4491;22235
Greene;Republican;Donald Trump;5016;19801
Greene;Republican;Ted Cruz;26784;23520
Greenlee;Democrat;Hillary Clinton;497;20516
Greensville;Democrat;Hillary Clinton;832;16380
Greenup;Democrat;Bernie Sanders;1655;22035
Greenwood;Democrat;Hillary Clinton;3588;21053
Greer;Democrat;Bernie Sanders;332;17969
Gregg;Republican;Ted Cruz;8363;24064
Gregory;Republican;Donald Trump;341;23041
Grenada;Republican;Donald Trump;1727;21084
Guadalupe;Democrat;Hillary Clinton;399;14198
Guernsey;Republican;Donald Trump;3029;20537
Guilford;Democrat;Hillary Clinton;37880;26461
Gunnison;Democrat;Bernie Sanders;481;27654
Guthrie;Democrat;Hillary Clinton;220;28030
Gwinnett;Democrat;Hillary Clinton;37465;25932
Hale;Democrat;Hillary Clinton;2426;18812
Hale;Republican;Ted Cruz;2202;18004
Halifax;Democrat;Hillary Clinton;6224;17937
Halifax;Republican;Donald Trump;2157;20929
Hall;Republican;Donald Trump;12536;23645
Hamilton;Democrat;Hillary Clinton;353;24510
Hamilton;Democrat;Hillary Clinton;758;16295
Hamilton;Republican;Donald Trump;1030;26715
Hamilton;Republican;John Kasich;67510;29681
Hampshire;Republican;Donald Trump;2125;17734
Hampton;Democrat;Hillary Clinton;1930;19332
Hampton;Democrat;Hillary Clinton;13529;25247
Hancock;Democrat;Bernie Sanders;573;22686
Hancock;Democrat;Hillary Clinton;1112;12381
Hancock;Republican;Donald Trump;433;14326
Hancock;Republican;Donald Trump;2458;23261
Hancock;Republican;Donald Trump;4147;22621
Hancock;Republican;John Kasich;8496;26139
Hansford;Republican;Ted Cruz;682;23969
Haralson;Republican;Donald Trump;2818;19789
Hardeman;Democrat;Hillary Clinton;1721;14975
Hardeman;Republican;Ted Cruz;290;19829
Hardin;Democrat;Hillary Clinton;4359;24147
Hardin;Republican;Donald Trump;496;22366
Hardin;Republican;Donald Trump;2094;20127
Hardin;Republican;John Kasich;2265;19626
Hardin;Republican;Ted Cruz;6354;25559
Harding;Republican;Donald Trump;107;25686
Harding;Republican;Donald Trump;298;22247
Hardy;Republican;Donald Trump;1119;19032
Harlan;Democrat;Bernie Sanders;1092;16257
Harlan;Republican;Donald Trump;436;25322
Harmon;Democrat;Bernie Sanders;167;18582
Harnett;Republican;Donald Trump;4943;20310
Harris;Democrat;Hillary Clinton;156729;27899
Harrison;Democrat;Bernie Sanders;1059;21424
Harrison;Republican;Donald Trump;315;26184
Harrison;Republican;Donald Trump;755;19468
Harrison;Republican;Donald Trump;1424;21029
Harrison;Republican;Donald Trump;4326;23244
Harrison;Republican;Donald Trump;12555;22677
Harrisonburg;Democrat;Bernie Sanders;2911;17080
Hart;Democrat;Bernie Sanders;1062;17273
Haskell;Democrat;Bernie Sanders;752;18896
Haskell;Republican;Ted Cruz;409;22223
Hawaii;Democrat;Bernie Sanders;5605;24635
Hays;Republican;Ted Cruz;8254;26873
Haywood;Democrat;Bernie Sanders;3873;24536
Haywood;Democrat;Hillary Clinton;1197;18714
Heard;Republican;Donald Trump;1068;18964
Henderson;Democrat;Hillary Clinton;2887;22746
Henderson;Republican;Donald Trump;516;25902
Henderson;Republican;Donald Trump;1836;20449
Henderson;Republican;Ted Cruz;7027;21995
Henderson;Republican;Ted Cruz;8301;25670
Henrico;Democrat;Hillary Clinton;28121;33115
Henry;Democrat;Bernie Sanders;958;21923
Henry;Democrat;Hillary Clinton;15639;25299
Henry;Republican;Donald Trump;1636;22394
Henry;Republican;John Kasich;3499;23347
Henry;Republican;Ted Cruz;379;22687
Hertford;Democrat;Hillary Clinton;2926;17863
Hickman;Democrat;Bernie Sanders;300;19292
Hickman;Republican;Donald Trump;1325;18383
Hidalgo;Democrat;Hillary Clinton;515;18392
Hidalgo;Democrat;Hillary Clinton;40276;14222
Highland;Republican;Donald Trump;164;26372
Hill;Republican;Donald Trump;1342;21376
Hillsborough;Democrat;Hillary Clinton;68936;27149
Hinds;Democrat;Hillary Clinton;31386;20448
Hinsdale;Democrat;Bernie Sanders;10;36365
Hitchcock;Republican;Donald Trump;305;23554
Hocking;Republican;Donald Trump;2007;21037
Hockley;Republican;Ted Cruz;2073;21984
Hoke;Democrat;Hillary Clinton;3528;18761
Holmes;Democrat;Hillary Clinton;3301;12113
Holmes;Republican;John Kasich;2347;17177
Holt;Republican;Donald Trump;1302;24120
Honolulu;Democrat;Bernie Sanders;11458;30361
Hood River;Democrat;Bernie Sanders;2527;25181
Hooker;Republican;Donald Trump;119;20737
Hopewell;Democrat;Hillary Clinton;1177;20388
Hopkins;Democrat;Bernie Sanders;2696;22132
Hopkins;Republican;Ted Cruz;3213;21606
Horry;Republican;Donald Trump;26445;24002
Hot Spring;Republican;Donald Trump;1597;19286
Hot Springs;Democrat;Bernie Sanders;1;26544
Hot Springs;Democrat;Hillary Clinton;1;26544
Houghton;Democrat;Bernie Sanders;2039;19783
Houston;Republican;Donald Trump;523;18539
Houston;Republican;Donald Trump;7091;25195
Houston;Republican;Donald Trump;8171;23316
Howard;Democrat;Bernie Sanders;215;24286
Howard;Democrat;Hillary Clinton;30873;48172
Howard;Republican;Donald Trump;559;18707
Howard;Republican;Donald Trump;8475;24071
Howard;Republican;Ted Cruz;798;21598
Howell;Republican;Donald Trump;4230;17416
Hudson;Democrat;Hillary Clinton;49798;32641
Hudspeth;Democrat;Hillary Clinton;147;14142
Huerfano;Democrat;Bernie Sanders;150;24058
Hughes;Democrat;Bernie Sanders;873;18268
Hughes;Republican;Donald Trump;1606;30284
Humboldt;Democrat;Bernie Sanders;13245;23540
Humboldt;Republican;Donald Trump;204;26746
Humphreys;Democrat;Hillary Clinton;2894;12874
Humphreys;Republican;Donald Trump;1218;22183
Hunt;Republican;Ted Cruz;7249;22341
Huntingdon;Republican;Donald Trump;5230;20739
Huntington;Republican;Donald Trump;4100;22601
Huron;Republican;John Kasich;4019;22257
Hyde;Democrat;Hillary Clinton;459;18408
Hyde;Republican;Donald Trump;96;26195
Iberia;Democrat;Hillary Clinton;2171;22997
Iberville;Democrat;Hillary Clinton;3699;21177
Imperial;Democrat;Hillary Clinton;5743;16763
Indiana;Republican;Donald Trump;7585;22933
Ingham;Democrat;Bernie Sanders;22909;24754
Ionia;Democrat;Bernie Sanders;2812;20206
Iowa;Democrat;Bernie Sanders;3198;26625
Iowa;Democrat;Hillary Clinton;357;28068
Iredell;Republican;Donald Trump;12861;26467
Irion;Republican;Ted Cruz;228;28055
Iron;Republican;Donald Trump;800;19101
Iron;Republican;Donald Trump;940;23324
Iroquois;Republican;Donald Trump;2836;25098
Isabella;Democrat;Bernie Sanders;4024;19061
Island;Republican;Donald Trump;6930;30941
Issaquena;Democrat;Hillary Clinton;175;13731
Jackson;Democrat;Bernie Sanders;1845;21849
Jackson;Democrat;Bernie Sanders;3021;21014
Jackson;Democrat;Bernie Sanders;4656;20527
Jackson;Democrat;Hillary Clinton;15;25936
Jackson;Democrat;Hillary Clinton;450;24493
Jackson;Democrat;Hillary Clinton;827;19188
Jackson;Democrat;Hillary Clinton;2798;17525
Jackson;Democrat;Hillary Clinton;48860;26062
Jackson;Republican;Donald Trump;153;20319
Jackson;Republican;Donald Trump;713;18387
Jackson;Republican;Donald Trump;3018;19405
Jackson;Republican;Donald Trump;5463;20486
Jackson;Republican;Donald Trump;8113;22613
Jackson;Republican;Donald Trump;9934;23879
Jackson;Republican;Donald Trump;18498;24378
James City;Republican;Marco Rubio;5780;39133
Jasper;Democrat;Hillary Clinton;927;24905
Jasper;Democrat;Hillary Clinton;1976;18075
Jasper;Democrat;Hillary Clinton;2194;17350
Jasper;Republican;Donald Trump;3903;24297
Jasper;Republican;Ted Cruz;3026;20254
Jasper;Republican;Ted Cruz;11113;21124
Jay;Republican;Donald Trump;2194;19236
Jeff Davis;Democrat;Hillary Clinton;738;21132
Jeff Davis;Democrat;Hillary Clinton;1806;16216
Jeff Davis;Republican;Donald Trump;1071;17684
Jefferson;Democrat;Bernie Sanders;347;19042
Jefferson;Democrat;Bernie Sanders;654;27593
Jefferson;Democrat;Bernie Sanders;8281;36087
Jefferson;Democrat;Hillary Clinton;1519;14757
Jefferson;Democrat;Hillary Clinton;1550;12723
Jefferson;Democrat;Hillary Clinton;1671;21184
Jefferson;Democrat;Hillary Clinton;9936;19353
Jefferson;Democrat;Hillary Clinton;16580;23236
Jefferson;Democrat;Hillary Clinton;17581;26908
Jefferson;Democrat;Hillary Clinton;64090;27925
Jefferson;Democrat;Hillary Clinton;67357;26906
Jefferson;Republican;Donald Trump;533;24777
Jefferson;Republican;Donald Trump;1648;30397
Jefferson;Republican;Donald Trump;3077;21524
Jefferson;Republican;Ted Cruz;3080;19598
Jefferson;Republican;Ted Cruz;9333;25625
Jennings;Republican;Donald Trump;3361;20109
Jerauld;Democrat;Hillary Clinton;96;26590
Jerome;Republican;Ted Cruz;1164;17182
Jessamine;Democrat;Bernie Sanders;2113;25637
Jim Hogg;Democrat;Hillary Clinton;1421;19212
Jim Wells;Democrat;Hillary Clinton;4688;20452
Johnson;Democrat;Bernie Sanders;1;28072
Johnson;Democrat;Bernie Sanders;5473;29592
Johnson;Democrat;Hillary Clinton;1;28072
Johnson;Republican;Donald Trump;326;19435
Johnson;Republican;Donald Trump;684;16807
Johnson;Republican;Donald Trump;1075;19445
Johnson;Republican;Donald Trump;1306;16470
Johnson;Republican;Donald Trump;17218;28575
Johnston;Democrat;Bernie Sanders;606;19967
Jones;Democrat;Bernie Sanders;480;26762
Jones;Democrat;Hillary Clinton;910;20105
Jones;Republican;Donald Trump;2318;24485
Jones;Republican;Ted Cruz;1638;14827
Josephine;Republican;Donald Trump;10325;21791
Juab;Republican;Ted Cruz;647;18108
Judith Basin;Republican;Donald Trump;421;24260
Kalamazoo;Democrat;Bernie Sanders;20146;25757
Kanawha;Republican;Donald Trump;13936;28174
Kane;Democrat;Bernie Sanders;31085;30082
Kane;Republican;Ted Cruz;371;24154
Karnes;Democrat;Hillary Clinton;719;19899
Kauai;Democrat;Bernie Sanders;2049;26658
Keith;Republican;Donald Trump;1253;25097
Kemper;Democrat;Hillary Clinton;1008;13795
Kendall;Democrat;Bernie Sanders;7482;31276
Kendall;Republican;Ted Cruz;4378;35827
Kenedy;Democrat;Hillary Clinton;63;15157
Kenosha;Democrat;Bernie Sanders;14612;26514
Kent;Democrat;Bernie Sanders;43375;25889
Kent;Democrat;Hillary Clinton;1460;31502
Kenton;Democrat;Hillary Clinton;5146;27704
Keokuk;Democrat;Hillary Clinton;250;22243
Kerr;Republican;Ted Cruz;4846;26334
Kershaw;Democrat;Hillary Clinton;3743;22638
Kewaunee;Republican;Ted Cruz;2481;25282
Keweenaw;Democrat;Bernie Sanders;188;24802
Kimble;Republican;Ted Cruz;456;27502
King William;Republican;Donald Trump;1131;26940
King and Queen;Democrat;Hillary Clinton;477;23868
Kingfisher;Republican;Ted Cruz;958;25773
Kings;Republican;Donald Trump;7046;18429
Kinney;Democrat;Hillary Clinton;211;16700
Kiowa;Democrat;Bernie Sanders;514;23576
Kiowa;Democrat;Hillary Clinton;5;22482
Kit Carson;Democrat;Bernie Sanders;16;21850
Kleberg;Democrat;Hillary Clinton;1738;18918
Knott;Democrat;Bernie Sanders;1114;18448
Knox;Democrat;Bernie Sanders;3168;22093
Knox;Republican;Donald Trump;343;20946
Knox;Republican;Donald Trump;642;25214
Knox;Republican;Donald Trump;20985;28136
Knox;Republican;John Kasich;5523;23878
Knox;Republican;Ted Cruz;347;19396
Kootenai;Republican;Ted Cruz;11924;24685
Kossuth;Democrat;Hillary Clinton;360;29127
La Crosse;Democrat;Bernie Sanders;15139;26271
La Paz;Republican;Donald Trump;940;22200
La Plata;Democrat;Bernie Sanders;1466;30151
La Salle;Democrat;Hillary Clinton;557;13307
La Vaca;Republican;Ted Cruz;2196;24299
LaRue;Democrat;Bernie Sanders;910;19611
LaSalle;Republican;Donald Trump;577;22481
Lackawanna;Democrat;Hillary Clinton;22971;25594
Lafayette;Democrat;Bernie Sanders;1330;23483
Lafayette;Democrat;Hillary Clinton;443;17212
Lafayette;Republican;Donald Trump;556;18660
Lafayette;Republican;Donald Trump;2521;21388
Lake;Democrat;Bernie Sanders;165;25029
Lake;Democrat;Bernie Sanders;2704;21537
Lake;Democrat;Hillary Clinton;43091;23918
Lake;Democrat;Hillary Clinton;49750;38018
Lake;Republican;Donald Trump;326;12042
Lake;Republican;Donald Trump;619;27015
Lake;Republican;Donald Trump;803;16202
Lake;Republican;Donald Trump;2927;21521
Lamar;Republican;Donald Trump;1810;19026
Lamar;Republican;Ted Cruz;4096;21468
Lampasas;Republican;Ted Cruz;1705;23423
Lancaster;Republican;Donald Trump;4190;21003
Lancaster;Republican;Donald Trump;13251;27141
Lancaster;Republican;Donald Trump;38171;26496
Lane;Democrat;Bernie Sanders;41883;24224
Lanier;Republican;Donald Trump;512;17264
Laramie;Democrat;Hillary Clinton;26;28505
Larimer;Democrat;Bernie Sanders;6664;30740
Las Animas;Democrat;Bernie Sanders;106;22180
Latimer;Democrat;Bernie Sanders;852;22603
Lauderdale;Republican;Donald Trump;1111;15758
Lauderdale;Republican;Donald Trump;4740;21346
Lauderdale;Republican;Donald Trump;7502;23510
Lawrence;Democrat;Bernie Sanders;659;17960
Lawrence;Democrat;Hillary Clinton;933;15971
Lawrence;Republican;Donald Trump;1326;14147
Lawrence;Republican;Donald Trump;1801;27498
Lawrence;Republican;Donald Trump;2883;19136
Lawrence;Republican;Donald Trump;3604;20181
Lawrence;Republican;Donald Trump;5764;21365
Lawrence;Republican;Donald Trump;6964;22906
LeFlore;Democrat;Bernie Sanders;2283;18141
Leake;Democrat;Hillary Clinton;1614;16780
Lebanon;Republican;Donald Trump;13490;27074
Lee;Democrat;Hillary Clinton;929;22649
Lee;Democrat;Hillary Clinton;956;12529
Lee;Democrat;Hillary Clinton;2207;14740
Lee;Democrat;Hillary Clinton;3224;21449
Lee;Democrat;Hillary Clinton;7137;23506
Lee;Republican;Donald Trump;273;13969
Lee;Republican;Donald Trump;1089;16664
Lee;Republican;Donald Trump;3057;26357
Lee;Republican;Donald Trump;51659;27348
Lee;Republican;Ted Cruz;1462;25123
Lee;Republican;Ted Cruz;5921;21799
Leelanau;Democrat;Bernie Sanders;2359;31462
Leflore;Democrat;Hillary Clinton;2094;14307
Lehigh;Republican;Donald Trump;20891;27923
Lenawee;Republican;Donald Trump;5167;22395
Lenoir;Democrat;Hillary Clinton;4731;19760
Leon;Democrat;Hillary Clinton;27333;26196
Leon;Republican;Ted Cruz;1921;24170
Leslie;Republican;Donald Trump;503;16424
Letcher;Democrat;Bernie Sanders;1788;17886
Levy;Republican;Donald Trump;3745;18304
Lewis;Republican;Donald Trump;809;17751
Lewis;Republican;Donald Trump;8513;22212
Lewis and Clark;Republican;Donald Trump;6194;28400
Lexington;Democrat;Hillary Clinton;402;14763
Liberty;Democrat;Bernie Sanders;392;16266
Liberty;Democrat;Hillary Clinton;2783;20791
Liberty;Republican;Ted Cruz;5805;19740
Licking;Republican;John Kasich;17357;26716
Limestone;Republican;Ted Cruz;1638;19352
Lincoln;Democrat;Bernie Sanders;3;25834
Lincoln;Democrat;Bernie Sanders;1510;18458
Lincoln;Democrat;Bernie Sanders;4674;25194
Lincoln;Democrat;Hillary Clinton;3;25834
Lincoln;Democrat;Hillary Clinton;20;19703
Lincoln;Democrat;Hillary Clinton;599;15023
Lincoln;Democrat;Hillary Clinton;779;17420
Lincoln;Democrat;Hillary Clinton;1692;20633
Lincoln;Republican;Donald Trump;2179;25449
Lincoln;Republican;Donald Trump;2656;21811
Lincoln;Republican;Donald Trump;3060;24669
Lincoln;Republican;Ted Cruz;127;22879
Lincoln;Republican;Ted Cruz;1908;21888
Linn;Democrat;Bernie Sanders;6331;29943
Linn;Republican;Donald Trump;9085;21500
Little River;Democrat;Hillary Clinton;721;19880
Livingston;Democrat;Bernie Sanders;610;19795
Livingston;Republican;Donald Trump;1191;21011
Livingston;Republican;Donald Trump;4918;25076
Llano;Republican;Ted Cruz;2161;33634
Logan;Democrat;Bernie Sanders;1131;19143
Logan;Democrat;Bernie Sanders;3201;19901
Logan;Democrat;Hillary Clinton;77;22581
Logan;Republican;Donald Trump;166;22799
Logan;Republican;Ted Cruz;2821;25620
Long;Republican;Donald Trump;633;17158
Los Alamos;Democrat;Hillary Clinton;1424;51044
Los Angeles;Democrat;Hillary Clinton;590502;27749
Loudoun;Democrat;Hillary Clinton;21171;46565
Louisa;Republican;Donald Trump;261;24272
Loup;Republican;Donald Trump;101;21499
Love;Democrat;Bernie Sanders;502;19910
Loving;Republican;Ted Cruz;14;34068
Lowndes;Democrat;Hillary Clinton;3782;18368
Lowndes;Democrat;Hillary Clinton;4030;20951
Lucas;Democrat;Hillary Clinton;32137;23885
Luce;Republican;Donald Trump;407;18768
Lunenburg;Democrat;Hillary Clinton;738;17630
Lycoming;Republican;Donald Trump;12898;22987
Lyman;Republican;Donald Trump;432;20586
Lynchburg;Republican;Marco Rubio;3122;21440
Lynn;Republican;Ted Cruz;678;21639
Lyon;Democrat;Bernie Sanders;561;22123
Lyon;Republican;Donald Trump;1399;21757
Mackinac;Republican;Donald Trump;856;22622
Macomb;Republican;Donald Trump;60492;26748
Macon;Democrat;Hillary Clinton;977;13865
Macon;Democrat;Hillary Clinton;4293;16826
Macon;Republican;Donald Trump;2870;23213
Macoupin;Democrat;Bernie Sanders;3552;24658
Madera;Republican;Donald Trump;8247;17847
Madison;Democrat;Bernie Sanders;2044;19902
Madison;Democrat;Bernie Sanders;4385;21800
Madison;Democrat;Bernie Sanders;18723;27407
Madison;Democrat;Hillary Clinton;722;13585
Madison;Democrat;Hillary Clinton;1085;18754
Madison;Democrat;Hillary Clinton;1542;15538
Madison;Democrat;Hillary Clinton;4351;23283
Madison;Republican;Donald Trump;916;17316
Madison;Republican;Donald Trump;1412;33062
Madison;Republican;Donald Trump;2280;24593
Madison;Republican;Donald Trump;2460;19939
Madison;Republican;Donald Trump;2968;25230
Madison;Republican;Donald Trump;7540;33170
Madison;Republican;Donald Trump;23791;31933
Madison;Republican;Ted Cruz;452;27685
Madison;Republican;Ted Cruz;4079;15133
Magoffin;Democrat;Bernie Sanders;626;15118
Mahaska;Republican;Ted Cruz;669;23788
Mahoning;Democrat;Hillary Clinton;21000;23975
Manassas;Democrat;Hillary Clinton;1812;28752
Manassas Park;Democrat;Hillary Clinton;581;26944
Manhattan;Democrat;Hillary Clinton;177496;62498
Manistee;Democrat;Bernie Sanders;1646;22702
Marengo;Democrat;Hillary Clinton;3590;22072
Maries;Republican;Donald Trump;958;22026
Marin;Democrat;Hillary Clinton;27238;56791
Marion;Democrat;Bernie Sanders;5324;23229
Marion;Democrat;Hillary Clinton;1162;18865
Marion;Democrat;Hillary Clinton;3359;16531
Marion;Democrat;Hillary Clinton;59649;24124
Marion;Republican;Donald Trump;2454;18126
Marion;Republican;Donald Trump;16572;22001
Marion;Republican;Ted Cruz;714;20337
Marion;Republican;Ted Cruz;2263;21909
Marlboro;Democrat;Hillary Clinton;2132;14577
Marquette;Democrat;Bernie Sanders;5530;23789
Marquette;Republican;Donald Trump;1765;23490
Marshall;Democrat;Bernie Sanders;738;19583
Marshall;Democrat;Bernie Sanders;960;24117
Marshall;Democrat;Bernie Sanders;2308;22381
Marshall;Democrat;Hillary Clinton;287;24205
Marshall;Democrat;Hillary Clinton;3361;17978
Marshall;Republican;Donald Trump;1858;20739
Marshall;Republican;Donald Trump;3071;24329
Marshall;Republican;Ted Cruz;1095;25975
Martin;Democrat;Hillary Clinton;2469;18783
Martin;Republican;Donald Trump;586;15525
Martin;Republican;Donald Trump;1398;22817
Martin;Republican;Donald Trump;16065;34057
Martinsville;Democrat;Hillary Clinton;834;19900
Mason;Democrat;Bernie Sanders;775;23347
Mason;Republican;Donald Trump;896;23199
Mason;Republican;Donald Trump;1785;23183
Mason;Republican;Donald Trump;2484;20622
Mason;Republican;Donald Trump;5491;23542
Mason;Republican;Ted Cruz;677;27504
Matagorda;Republican;Ted Cruz;2109;23389
Mathews;Republican;Donald Trump;762;31342
Maui;Democrat;Bernie Sanders;4419;29517
Maverick;Democrat;Hillary Clinton;4342;13668
Mayes;Democrat;Bernie Sanders;2144;20585
McCook;Republican;Donald Trump;320;26505
McCormick;Democrat;Hillary Clinton;973;22150
McCracken;Democrat;Bernie Sanders;3541;25957
McCreary;Republican;Donald Trump;725;11818
McCurtain;Democrat;Bernie Sanders;1314;17615
McDonough;Republican;Donald Trump;1599;20042
McDowell;Democrat;Bernie Sanders;1453;14093
McHenry;Republican;Donald Trump;16514;32341
McIntosh;Democrat;Bernie Sanders;1261;19100
McIntosh;Republican;Donald Trump;1078;21484
McKean;Republican;Donald Trump;3845;22426
McKinley;Democrat;Hillary Clinton;4761;12679
McLean;Democrat;Bernie Sanders;628;19984
McMinn;Republican;Donald Trump;3604;19744
McMullen;Republican;Ted Cruz;172;27375
McNairy;Republican;Donald Trump;1822;18428
McPherson;Republican;Donald Trump;114;25339
McPherson;Republican;Donald Trump;340;22596
Meade;Democrat;Bernie Sanders;1541;20898
Meagher;Republican;Donald Trump;394;20288
Mecklenburg;Democrat;Hillary Clinton;1588;20056
Mecklenburg;Democrat;Hillary Clinton;71265;32482
Meigs;Republican;Donald Trump;946;19403
Mellette;Republican;Donald Trump;87;15760
Menard;Republican;Ted Cruz;226;18253
Mendocino;Democrat;Bernie Sanders;4654;23306
Menifee;Democrat;Bernie Sanders;323;15942
Menominee;Democrat;Bernie Sanders;355;14710
Merced;Democrat;Hillary Clinton;7169;18177
Mercer;Democrat;Bernie Sanders;1331;24138
Mercer;Democrat;Hillary Clinton;29505;37465
Mercer;Republican;Donald Trump;455;20178
Mercer;Republican;Ted Cruz;1073;26620
Meriwether;Democrat;Hillary Clinton;1463;18821
Merrick;Republican;Donald Trump;775;24639
Mesa;Democrat;Bernie Sanders;1095;26700
Metcalfe;Democrat;Bernie Sanders;582;17171
Miami-Dade;Democrat;Hillary Clinton;129467;23174
Middlesex;Democrat;Hillary Clinton;47978;34345
Midland;Republican;Ted Cruz;4720;29536
Mifflin;Republican;Donald Trump;4310;20794
Miller;Republican;Donald Trump;555;19674
Miller;Republican;Donald Trump;2482;19385
Milwaukee;Democrat;Hillary Clinton;100932;24295
Miner;Democrat;Hillary Clinton;109;31288
Mineral;Democrat;Bernie Sanders;25;42255
Mineral;Republican;Donald Trump;638;19859
Mingo;Democrat;Bernie Sanders;2425;20609
Minidoka;Republican;Ted Cruz;1163;19597
Minnehaha;Democrat;Hillary Clinton;6018;26380
Missaukee;Republican;Donald Trump;1221;20305
Mississippi;Democrat;Hillary Clinton;2017;18905
Missoula;Democrat;Bernie Sanders;13271;25764
Mitchell;Democrat;Hillary Clinton;260;24518
Mitchell;Democrat;Hillary Clinton;1338;15694
Mitchell;Republican;Donald Trump;1775;21404
Mitchell;Republican;Ted Cruz;625;15936
Mobile;Democrat;Hillary Clinton;28927;22501
Modoc;Republican;Donald Trump;1019;21200
Moffat;Democrat;Bernie Sanders;28;24577
Mohave;Republican;Donald Trump;14154;20833
Mono;Democrat;Bernie Sanders;917;28046
Monongalia;Democrat;Bernie Sanders;8096;25846
Monroe;Democrat;Bernie Sanders;15166;23032
Monroe;Democrat;Hillary Clinton;843;16939
Monroe;Democrat;Hillary Clinton;1191;21487
Monroe;Democrat;Hillary Clinton;2438;15749
Monroe;Democrat;Hillary Clinton;37309;28732
Monroe;Republican;Donald Trump;805;16656
Monroe;Republican;Donald Trump;2262;22888
Monroe;Republican;Donald Trump;2602;18167
Monroe;Republican;Donald Trump;3272;31758
Monroe;Republican;Donald Trump;8802;25939
Monroe;Republican;Donald Trump;10016;25494
Monterey;Democrat;Hillary Clinton;17126;24775
Montezuma;Democrat;Bernie Sanders;412;23548
Montgomery;Democrat;Bernie Sanders;192;22868
Montgomery;Democrat;Bernie Sanders;1322;20436
Montgomery;Democrat;Bernie Sanders;5090;23548
Montgomery;Democrat;Hillary Clinton;953;15523
Montgomery;Democrat;Hillary Clinton;28650;24975
Montgomery;Democrat;Hillary Clinton;75333;41472
Montgomery;Democrat;Hillary Clinton;109304;49038
Montgomery;Republican;Donald Trump;672;19021
Montgomery;Republican;Donald Trump;712;16460
Montgomery;Republican;Donald Trump;1192;20991
Montgomery;Republican;Donald Trump;1432;18865
Montgomery;Republican;Donald Trump;2269;19917
Montgomery;Republican;Donald Trump;4412;22679
Montgomery;Republican;Donald Trump;6512;22380
Montgomery;Republican;John Kasich;39682;24997
Montour;Republican;Donald Trump;1744;29600
Montrose;Democrat;Bernie Sanders;258;22897
Moody;Democrat;Hillary Clinton;262;27682
Moore;Republican;Donald Trump;7347;28913
Moore;Republican;Ted Cruz;1282;19770
Mora;Democrat;Hillary Clinton;986;20543
Morehouse;Democrat;Hillary Clinton;1513;16683
Morgan;Democrat;Bernie Sanders;87;20680
Morgan;Democrat;Bernie Sanders;988;16233
Morgan;Republican;Donald Trump;1230;17747
Morgan;Republican;Donald Trump;1976;17935
Morgan;Republican;Donald Trump;2378;24337
Morgan;Republican;Donald Trump;10235;25781
Morrill;Republican;Donald Trump;695;22543
Morris;Republican;Ted Cruz;695;20045
Morrow;Republican;Donald Trump;859;20663
Motley;Republican;Ted Cruz;239;18828
Moultrie;Republican;Ted Cruz;1321;23786
Muhlenberg;Democrat;Bernie Sanders;1632;20008
Multnomah;Democrat;Bernie Sanders;87247;30475
Murray;Democrat;Bernie Sanders;909;21870
Murray;Republican;Donald Trump;3084;16449
Muscatine;Democrat;Bernie Sanders;972;25038
Muscogee;Democrat;Hillary Clinton;12801;22856
Muskegon;Democrat;Bernie Sanders;10062;20621
Muskogee;Democrat;Bernie Sanders;3515;19868
Musselshell;Republican;Donald Trump;1032;23022
Nance;Republican;Donald Trump;310;23684
Napa;Democrat;Hillary Clinton;7370;34795
Nash;Democrat;Hillary Clinton;8554;22880
Nassau;Democrat;Hillary Clinton;70947;42400
Nassau;Republican;Donald Trump;9192;28926
Natchitoches;Democrat;Hillary Clinton;2545;20802
Natrona;Democrat;Hillary Clinton;20;29877
Navajo;Democrat;Hillary Clinton;4415;16626
Navarro;Republican;Ted Cruz;3372;20327
Nelson;Democrat;Hillary Clinton;991;26059
Nelson;Democrat;Hillary Clinton;2395;23545
Nevada;Democrat;Bernie Sanders;8472;32346
Nevada;Democrat;Hillary Clinton;647;18695
New Castle;Democrat;Hillary Clinton;38580;32406
New Hanover;Republican;Donald Trump;12631;29679
New Kent;Republican;Donald Trump;1626;32068
New Madrid;Republican;Donald Trump;1376;21215
Newaygo;Republican;Ted Cruz;3557;20623
Newberry;Democrat;Hillary Clinton;2118;21591
Newport News;Democrat;Hillary Clinton;12495;25310
Newton;Democrat;Hillary Clinton;7269;21484
Nicholas;Democrat;Bernie Sanders;420;20450
Niobrara;Democrat;Bernie Sanders;2;26797
Noble;Republican;Donald Trump;1183;18853
Noble;Republican;Donald Trump;4422;21889
Noble;Republican;Ted Cruz;596;21947
Nodaway;Republican;Donald Trump;1268;18079
Nolan;Republican;Ted Cruz;1361;19002
Norfolk;Democrat;Hillary Clinton;15747;24659
Northampton;Democrat;Hillary Clinton;868;23473
Northampton;Democrat;Hillary Clinton;3195;17919
Nottoway;Democrat;Hillary Clinton;829;19337
Nowata;Democrat;Bernie Sanders;530;19256
Noxubee;Democrat;Hillary Clinton;1397;12780
Nueces;Democrat;Hillary Clinton;15662;23671
Nye;Republican;Donald Trump;980;21838
Oakland;Democrat;Hillary Clinton;92296;36458
Ocean;Republican;Donald Trump;44672;30477
Ochiltree;Republican;Ted Cruz;928;23382
Oconee;Republican;Donald Trump;2871;33801
Oconee;Republican;Donald Trump;4424;23904
Oconto;Republican;Donald Trump;4409;25941
Ogemaw;Republican;Donald Trump;1612;19634
Oglala Lakota;Democrat;Bernie Sanders;574;8768
Ohio;Democrat;Bernie Sanders;943;19005
Ohio;Republican;Donald Trump;3875;26135
Okaloosa;Republican;Donald Trump;17770;28600
Okanogan;Republican;Donald Trump;2828;20735
Okeechobee;Republican;Donald Trump;2202;17787
Okfuskee;Democrat;Bernie Sanders;596;16528
Oklahoma;Democrat;Hillary Clinton;34255;26561
Okmulgee;Democrat;Bernie Sanders;1882;19753
Oktibbeha;Democrat;Hillary Clinton;2389;20202
Oldham;Democrat;Hillary Clinton;2730;33591
Oneida;Republican;Donald Trump;4327;27041
Onondaga;Democrat;Hillary Clinton;20397;28746
Onslow;Republican;Donald Trump;8343;21084
Ontonagon;Republican;Donald Trump;519;21585
Orange;Democrat;Bernie Sanders;18096;34465
Orange;Democrat;Hillary Clinton;66654;24877
Orange;Republican;Donald Trump;2212;27655
Orange;Republican;Donald Trump;2574;18576
Orange;Republican;Donald Trump;146888;34057
Orangeburg;Democrat;Hillary Clinton;11819;17687
Oregon;Republican;Donald Trump;941;16331
Orleans;Democrat;Hillary Clinton;40601;26500
Orleans;Republican;Donald Trump;2532;22255
Osage;Democrat;Hillary Clinton;2390;22353
Osage;Republican;Donald Trump;1316;22629
Osceola;Democrat;Hillary Clinton;16512;19007
Osceola;Republican;Donald Trump;1812;18099
Otero;Democrat;Bernie Sanders;94;19078
Otsego;Democrat;Bernie Sanders;2623;24165
Otsego;Republican;Donald Trump;1933;24312
Ottawa;Democrat;Bernie Sanders;1238;18331
Ouachita;Democrat;Hillary Clinton;2095;18975
Ouachita;Democrat;Hillary Clinton;8995;21917
Ouray;Democrat;Bernie Sanders;156;33015
Outagamie;Republican;Ted Cruz;18621;28186
Owen;Democrat;Bernie Sanders;720;23991
Owen;Republican;Donald Trump;2679;21318
Owsley;Republican;Donald Trump;168;13611
Ozaukee;Republican;Ted Cruz;16919;42041
Page;Republican;Ted Cruz;249;23496
Palm Beach;Democrat;Hillary Clinton;103369;32858
Palo Alto;Democrat;Hillary Clinton;213;25055
Palo Pinto;Republican;Ted Cruz;2813;23655
Panola;Democrat;Hillary Clinton;3061;18073
Panola;Republican;Ted Cruz;2756;26525
Park;Democrat;Bernie Sanders;8;27824
Park;Democrat;Bernie Sanders;231;31504
Parker;Republican;Ted Cruz;12883;30692
Parmer;Republican;Ted Cruz;728;19304
Pasco;Republican;Donald Trump;33536;23736
Pasquotank;Democrat;Hillary Clinton;2471;22745
Passaic;Democrat;Hillary Clinton;29538;27152
Patrick;Republican;Donald Trump;1182;18860
Paulding;Republican;Donald Trump;10002;24168
Paulding;Republican;John Kasich;1657;22714
Pawnee;Democrat;Bernie Sanders;762;21220
Pawnee;Republican;Donald Trump;225;25426
Payette;Republican;Ted Cruz;1364;19165
Payne;Democrat;Bernie Sanders;3829;20868
Peach;Democrat;Hillary Clinton;1675;19431
Pecos;Democrat;Hillary Clinton;816;20245
Pemiscot;Republican;Donald Trump;1155;16881
Pendleton;Democrat;Bernie Sanders;546;23122
Peoria;Democrat;Hillary Clinton;11341;28438
Perkins;Republican;Donald Trump;331;27931
Perquimans;Republican;Donald Trump;726;23809
Perry;Democrat;Bernie Sanders;1666;18224
Perry;Democrat;Hillary Clinton;648;22047
Perry;Democrat;Hillary Clinton;2575;13716
Perry;Republican;Donald Trump;676;17183
Perry;Republican;Donald Trump;1461;19716
Perry;Republican;Donald Trump;2539;19372
Perry;Republican;Donald Trump;5424;26048
Person;Democrat;Hillary Clinton;2954;21292
Petersburg;Democrat;Hillary Clinton;4099;18936
Petroleum;Republican;Donald Trump;167;22714
Pettis;Republican;Donald Trump;3343;19709
Phelps;Republican;Donald Trump;3425;21173
Philadelphia;Democrat;Hillary Clinton;212785;22279
Phillips;Democrat;Bernie Sanders;18;20720
Phillips;Democrat;Hillary Clinton;2696;16830
Piatt;Republican;Ted Cruz;1855;31190
Pickens;Democrat;Hillary Clinton;2326;17153
Pickens;Republican;Donald Trump;7136;21182
Pickett;Republican;Donald Trump;594;21942
Pierce;Democrat;Bernie Sanders;3199;27462
Pierce;Republican;Donald Trump;48071;28223
Pike;Democrat;Bernie Sanders;4848;19351
Pike;Democrat;Hillary Clinton;2870;18183
Pike;Republican;Donald Trump;511;18377
Pike;Republican;Donald Trump;1241;18650
Pike;Republican;Donald Trump;1603;21344
Pike;Republican;Donald Trump;1711;20071
Pike;Republican;Donald Trump;5187;27691
Pima;Democrat;Hillary Clinton;56317;25269
Pinal;Republican;Donald Trump;12182;20910
Pinellas;Democrat;Hillary Clinton;63699;29262
Pitkin;Democrat;Bernie Sanders;421;51814
Pitt;Democrat;Hillary Clinton;11856;23029
Pittsburg;Democrat;Bernie Sanders;3026;21966
Platte;Democrat;Bernie Sanders;2;26335
Platte;Republican;Donald Trump;2902;24219
Platte;Republican;Ted Cruz;5798;35143
Plymouth;Republican;Donald Trump;618;27942
Pocahontas;Democrat;Hillary Clinton;198;25556
Pocahontas;Republican;Donald Trump;833;20373
Pointe Coupee;Democrat;Hillary Clinton;1680;23742
Polk;Democrat;Hillary Clinton;12122;30442
Polk;Republican;Donald Trump;436;27639
Polk;Republican;Donald Trump;1180;20274
Polk;Republican;Donald Trump;1895;19116
Polk;Republican;Donald Trump;3360;18336
Polk;Republican;Donald Trump;3542;25751
Pontotoc;Democrat;Bernie Sanders;2392;22381
Pope;Republican;Donald Trump;3073;19918
Poquoson;Republican;Donald Trump;1261;38444
Portage;Democrat;Bernie Sanders;9348;24972
Portsmouth;Democrat;Hillary Clinton;9464;23138
Pottawatomie;Democrat;Bernie Sanders;3400;20937
Pottawattamie;Democrat;Bernie Sanders;1573;25847
Potter;Republican;Donald Trump;2364;22564
Potter;Republican;Ted Cruz;5400;19861
Powder River;Republican;Donald Trump;516;28528
Powell;Democrat;Bernie Sanders;744;15174
Powell;Republican;Donald Trump;818;19736
Poweshiek;Democrat;Bernie Sanders;475;25318
Powhatan;Republican;Donald Trump;2509;31252
Prairie;Democrat;Hillary Clinton;558;18137
Prairie;Republican;Donald Trump;269;20644
Prentiss;Republican;Donald Trump;1597;16589
Presidio;Democrat;Hillary Clinton;776;16175
Price;Republican;Donald Trump;1673;23723
Prince Edward;Democrat;Hillary Clinton;1366;17208
Prince George;Democrat;Hillary Clinton;1992;24434
Prince George's;Democrat;Hillary Clinton;113912;32344
Prince William;Democrat;Hillary Clinton;26439;37401
Prowers;Democrat;Hillary Clinton;40;18941
Pueblo;Democrat;Hillary Clinton;1260;21940
Pulaski;Democrat;Hillary Clinton;34862;27414
Pulaski;Republican;Donald Trump;673;17781
Pulaski;Republican;Donald Trump;1668;21641
Pulaski;Republican;Donald Trump;2802;20863
Pulaski;Republican;Donald Trump;2821;20667
Pushmataha;Democrat;Bernie Sanders;667;18542
Putnam;Democrat;Bernie Sanders;504;27074
Putnam;Republican;Donald Trump;1983;26321
Putnam;Republican;Donald Trump;4087;21520
Quay;Republican;Donald Trump;695;17936
Queen Anne's;Republican;Donald Trump;5195;38108
Queens;Democrat;Hillary Clinton;122386;26495
Quitman;Democrat;Hillary Clinton;193;14201
Quitman;Democrat;Hillary Clinton;986;13954
Radford;Democrat;Bernie Sanders;655;16181
Raleigh;Republican;Donald Trump;7325;21837
Randolph;Democrat;Bernie Sanders;2492;19595
Randolph;Democrat;Hillary Clinton;690;18094
Randolph;Republican;Donald Trump;735;18871
Randolph;Republican;Donald Trump;1917;21976
Randolph;Republican;Donald Trump;9108;20523
Rapides;Democrat;Hillary Clinton;4722;22126
Reagan;Republican;Ted Cruz;360;26633
Real;Republican;Ted Cruz;562;17931
Red River;Democrat;Hillary Clinton;530;21443
Reeves;Democrat;Hillary Clinton;1128;15467
Refugio;Democrat;Hillary Clinton;549;23174
Rensselaer;Democrat;Bernie Sanders;6649;29987
Rich;Republican;Ted Cruz;198;24258
Richardson;Republican;Donald Trump;699;23566
Richland;Democrat;Bernie Sanders;1784;22778
Richland;Democrat;Hillary Clinton;696;18669
Richland;Democrat;Hillary Clinton;39243;25763
Richland;Republican;Donald Trump;1435;32036
Richland;Republican;John Kasich;8994;21932
Richmond;Democrat;Hillary Clinton;333;20875
Richmond;Democrat;Hillary Clinton;2941;17236
Richmond;Democrat;Hillary Clinton;16269;20526
Richmond City;Democrat;Hillary Clinton;21822;27184
Ringgold;Democrat;Hillary Clinton;132;23324
Rio Arriba;Democrat;Hillary Clinton;4915;20014
Rio Blanco;Democrat;Bernie Sanders;18;27586
Rio Grande;Democrat;Bernie Sanders;59;20557
Ritchie;Republican;Donald Trump;1740;17843
Roane;Republican;Donald Trump;1457;17341
Roanoke;Republican;Donald Trump;5650;31728
Roanoke City;Democrat;Hillary Clinton;4783;23295
Roberts;Democrat;Bernie Sanders;397;22670
Roberts;Republican;Ted Cruz;196;36172
Robertson;Democrat;Bernie Sanders;177;17641
Robertson;Republican;Donald Trump;4077;23809
Robertson;Republican;Ted Cruz;1397;21709
Robeson;Democrat;Hillary Clinton;8457;15343
Rock;Democrat;Bernie Sanders;17337;24094
Rock Island;Democrat;Hillary Clinton;10216;26455
Rockcastle;Republican;Donald Trump;743;16513
Rockdale;Democrat;Hillary Clinton;7930;23461
Rockland;Democrat;Hillary Clinton;16966;34591
Rockwall;Republican;Ted Cruz;7202;34617
Roger Mills;Democrat;Bernie Sanders;268;27326
Roscommon;Republican;Donald Trump;2257;23023
Ross;Republican;John Kasich;4918;21310
Routt;Democrat;Bernie Sanders;406;34873
Rowan;Democrat;Bernie Sanders;1363;17094
Rowan;Republican;Donald Trump;9369;20912
Runnels;Republican;Ted Cruz;1132;20235
Rush;Republican;Donald Trump;2362;23396
Rusk;Republican;Donald Trump;1617;21004
Rusk;Republican;Ted Cruz;4884;21640
Russell;Democrat;Hillary Clinton;4381;19678
Russell;Republican;Donald Trump;1730;19735
Rutherford;Republican;Donald Trump;4128;19551
Rutherford;Republican;Donald Trump;13229;25077
Sabine;Republican;Donald Trump;1215;18762
Sabine;Republican;Ted Cruz;728;22229
Sacramento;Democrat;Hillary Clinton;68248;26739
Saginaw;Democrat;Hillary Clinton;12348;22349
Saguache;Democrat;Bernie Sanders;219;20726
Saint Francis;Democrat;Hillary Clinton;1912;15511
Saint Lawrence;Democrat;Bernie Sanders;4102;22198
Salem;Republican;Donald Trump;1246;26661
Salem;Republican;Donald Trump;2994;28772
Saline;Republican;Donald Trump;562;20407
Saline;Republican;Donald Trump;1417;19006
Saline;Republican;Ted Cruz;7507;25962
Salt Lake;Democrat;Bernie Sanders;35610;26103
Saluda;Republican;Donald Trump;1248;19725
Sampson;Democrat;Hillary Clinton;3790;19479
San Augustine;Republican;Ted Cruz;916;18695
San Benito;Democrat;Hillary Clinton;2022;25914
San Bernardino;Democrat;Hillary Clinton;71246;21332
San Diego;Democrat;Hillary Clinton;139813;30668
San Francisco;Democrat;Hillary Clinton;85070;48486
San Jacinto;Republican;Ted Cruz;2333;24733
San Joaquin;Democrat;Hillary Clinton;25118;22589
San Juan;Democrat;Bernie Sanders;27;24711
San Juan;Republican;Ted Cruz;407;15476
San Luis Obispo;Republican;Donald Trump;19313;29954
San Mateo;Democrat;Hillary Clinton;47358;45732
San Miguel;Democrat;Bernie Sanders;329;40827
San Miguel;Democrat;Hillary Clinton;3418;17926
San Patricio;Republican;Ted Cruz;3047;23373
Sanborn;Republican;Donald Trump;122;25823
Sandoval;Democrat;Hillary Clinton;7448;26924
Sandusky;Republican;John Kasich;5064;22799
Sanilac;Republican;Donald Trump;3279;20713
Sanpete;Republican;Ted Cruz;1282;17811
Santa Barbara;Democrat;Hillary Clinton;23543;30352
Santa Clara;Democrat;Hillary Clinton;109963;41513
Santa Cruz;Democrat;Bernie Sanders;25171;32295
Santa Cruz;Democrat;Hillary Clinton;2496;17664
Santa Fe;Democrat;Hillary Clinton;16087;32298
Santa Rosa;Republican;Donald Trump;16044;26861
Sarasota;Republican;Donald Trump;34593;32313
Sarpy;Republican;Donald Trump;9459;30189
Sauk;Democrat;Bernie Sanders;7195;25988
Saunders;Republican;Donald Trump;1772;30039
Schenectady;Democrat;Bernie Sanders;6862;28319
Schley;Republican;Donald Trump;331;19037
Schoharie;Republican;Donald Trump;1419;26584
Schoolcraft;Republican;Donald Trump;529;20892
Schuyler;Republican;Donald Trump;697;23656
Schuyler;Republican;Donald Trump;938;24173
Scotland;Democrat;Hillary Clinton;2671;15679
Scott;Democrat;Bernie Sanders;4144;28948
Scott;Democrat;Hillary Clinton;2013;16789
Scott;Democrat;Hillary Clinton;2505;27802
Scott;Republican;Donald Trump;1929;20481
Scotts Bluff;Republican;Donald Trump;2397;23220
Scurry;Republican;Ted Cruz;1265;22860
Searcy;Republican;Donald Trump;939;16731
Sebastian;Republican;Donald Trump;6030;23222
Sedgwick;Democrat;Hillary Clinton;13;21536
Seminole;Democrat;Bernie Sanders;1194;18321
Seminole;Republican;Donald Trump;754;17641
Seminole;Republican;Donald Trump;25763;28675
Sequatchie;Republican;Donald Trump;1046;20899
Sequoyah;Democrat;Bernie Sanders;1872;18131
Sevier;Republican;Donald Trump;593;16021
Sevier;Republican;Donald Trump;7686;22242
Sevier;Republican;Ted Cruz;1010;19115
Shackelford;Republican;Ted Cruz;560;25436
Sharkey;Democrat;Hillary Clinton;645;15744
Sharp;Republican;Donald Trump;1241;16714
Shelby;Democrat;Bernie Sanders;232;26387
Shelby;Democrat;Hillary Clinton;2195;27039
Shelby;Democrat;Hillary Clinton;66465;25549
Shelby;Republican;Donald Trump;579;19331
Shelby;Republican;Ted Cruz;2069;23069
Shelby;Republican;Ted Cruz;2436;21126
Sheridan;Democrat;Bernie Sanders;7;27948
Sheridan;Democrat;Hillary Clinton;7;27948
Sheridan;Republican;Donald Trump;809;22551
Sherman;Republican;Ted Cruz;284;21936
Shiawassee;Democrat;Bernie Sanders;4452;22713
Sierra;Republican;Donald Trump;1013;17752
Silver Bow;Democrat;Hillary Clinton;4089;23562
Simpson;Democrat;Hillary Clinton;708;19441
Sioux;Republican;Ted Cruz;1524;24324
Skamania;Republican;Donald Trump;1078;28449
Smith;Republican;Donald Trump;1418;21153
Smith;Republican;Donald Trump;1820;20334
Smyth;Republican;Donald Trump;1744;20837
Snohomish;Republican;Donald Trump;35474;31349
Snyder;Republican;Donald Trump;3745;23088
Socorro;Democrat;Hillary Clinton;1050;18104
Solano;Democrat;Hillary Clinton;31753;28929
Somerset;Democrat;Hillary Clinton;19667;47803
Somerset;Republican;Donald Trump;1686;16748
Somerset;Republican;Donald Trump;9062;22192
Somervell;Republican;Ted Cruz;1206;28134
Sonoma;Democrat;Hillary Clinton;44923;32835
Southampton;Democrat;Hillary Clinton;1199;22433
Spalding;Republican;Donald Trump;4257;19783
Spartanburg;Republican;Donald Trump;15249;21889
Spencer;Democrat;Bernie Sanders;806;26666
Spencer;Republican;Donald Trump;2350;23641
Spotsylvania;Republican;Donald Trump;6858;31360
St. Bernard;Democrat;Hillary Clinton;1057;20316
St. Charles;Democrat;Hillary Clinton;2245;26756
St. Charles;Republican;Donald Trump;30489;31586
St. Clair;Democrat;Hillary Clinton;20987;26234
St. Clair;Republican;Donald Trump;11995;24357
St. Francois;Republican;Donald Trump;4061;18544
St. Helena;Democrat;Hillary Clinton;1407;19457
St. James;Democrat;Hillary Clinton;2114;24930
St. John the Baptist;Democrat;Hillary Clinton;3818;21335
St. Johns;Republican;Donald Trump;24205;36836
St. Joseph;Republican;Donald Trump;19059;23509
St. Joseph;Republican;Ted Cruz;2655;20570
St. Landry;Democrat;Hillary Clinton;4606;19387
St. Louis City;Democrat;Hillary Clinton;34458;23048
St. Louis County;Democrat;Hillary Clinton;89373;34795
St. Lucie;Republican;Donald Trump;18350;23285
St. Martin;Democrat;Hillary Clinton;1869;22164
St. Mary;Democrat;Hillary Clinton;1995;21313
St. Tammany;Republican;Donald Trump;12933;30363
Stafford;Republican;Donald Trump;7339;36574
Stanislaus;Republican;Donald Trump;15390;21663
Stanly;Republican;Donald Trump;5202;20504
Stanton;Republican;Donald Trump;537;23131
Stark;Republican;John Kasich;33297;24453
Starr;Democrat;Hillary Clinton;6918;11584
Staten Island;Republican;Donald Trump;20263;31823
Staunton;Democrat;Bernie Sanders;1364;24753
Stephens;Republican;Ted Cruz;2428;23038
Stephenson;Republican;Ted Cruz;3038;23350
Steuben;Republican;Donald Trump;3973;23975
Steuben;Republican;Donald Trump;5957;25371
Stevens;Republican;Donald Trump;5075;21986
Stewart;Democrat;Hillary Clinton;460;13238
Stoddard;Republican;Donald Trump;3024;22967
Stokes;Republican;Donald Trump;3776;21311
Stone;Republican;Donald Trump;3928;21733
Stonewall;Republican;Ted Cruz;141;24063
Story;Democrat;Bernie Sanders;2737;25986
Sublette;Democrat;Bernie Sanders;3;35944
Suffolk;Democrat;Hillary Clinton;7533;29135
Sullivan;Democrat;Bernie Sanders;2671;24963
Sullivan;Republican;Donald Trump;840;22923
Sullivan;Republican;Donald Trump;2379;19821
Sully;Republican;Donald Trump;133;30218
Summers;Democrat;Bernie Sanders;1060;17416
Summit;Democrat;Bernie Sanders;419;34025
Summit;Democrat;Bernie Sanders;1645;42462
Summit;Republican;John Kasich;79040;27818
Sumner;Republican;Donald Trump;9708;27795
Sumter;Democrat;Hillary Clinton;1960;17879
Sumter;Democrat;Hillary Clinton;2987;14156
Sumter;Democrat;Hillary Clinton;9816;20340
Sunflower;Democrat;Hillary Clinton;2332;12588
Surry;Democrat;Hillary Clinton;812;22600
Susquehanna;Republican;Donald Trump;5027;24477
Sussex;Democrat;Hillary Clinton;958;16546
Sutter;Republican;Donald Trump;4697;23602
Sutton;Republican;Ted Cruz;379;27721
Suwannee;Republican;Donald Trump;2844;18431
Swain;Democrat;Bernie Sanders;831;19626
Sweetwater;Democrat;Bernie Sanders;12;30517
Swisher;Republican;Ted Cruz;442;17880
Switzerland;Republican;Donald Trump;858;20019
Talbot;Democrat;Hillary Clinton;852;16993
Talbot;Republican;Donald Trump;3104;38022
Taliaferro;Democrat;Hillary Clinton;236;14381
Tallahatchie;Democrat;Hillary Clinton;1341;12747
Tallapoosa;Republican;Donald Trump;4658;21434
Tama;Democrat;Hillary Clinton;476;25311
Tangipahoa;Democrat;Hillary Clinton;4267;21273
Taos;Democrat;Bernie Sanders;4325;21333
Tarrant;Republican;Ted Cruz;88867;28266
Tate;Republican;Ted Cruz;2034;20431
Taylor;Democrat;Hillary Clinton;140;23793
Taylor;Democrat;Hillary Clinton;949;18790
Taylor;Republican;Donald Trump;140;23793
Taylor;Republican;Donald Trump;1203;17045
Taylor;Republican;Donald Trump;1652;20848
Taylor;Republican;Donald Trump;2100;23032
Taylor;Republican;Ted Cruz;10160;23141
Tazewell;Republican;Donald Trump;3421;21358
Tazewell;Republican;Ted Cruz;12085;28037
Tehama;Republican;Donald Trump;3940;20439
Telfair;Republican;Donald Trump;626;12489
Teller;Democrat;Bernie Sanders;219;31075
Tensas;Democrat;Hillary Clinton;492;17175
Terrebonne;Republican;Donald Trump;3454;24114
Terrell;Democrat;Hillary Clinton;67;31578
Terrell;Democrat;Hillary Clinton;804;16836
Teton;Democrat;Bernie Sanders;9;43444
Teton;Republican;Donald Trump;882;22799
Texas;Republican;Donald Trump;2659;17868
Thayer;Republican;Donald Trump;466;26965
Thomas;Republican;Donald Trump;2649;19983
Tillamook;Democrat;Bernie Sanders;2207;22452
Tillman;Democrat;Bernie Sanders;346;18035
Tippecanoe;Republican;Donald Trump;10296;23691
Tishomingo;Republican;Donald Trump;1854;18338
Todd;Democrat;Bernie Sanders;507;17846
Todd;Democrat;Bernie Sanders;524;10575
Tom Green;Republican;Ted Cruz;7231;23712
Tompkins;Democrat;Bernie Sanders;9298;27418
Tooele;Republican;Ted Cruz;2412;22252
Toombs;Republican;Donald Trump;1513;18716
Torrance;Republican;Donald Trump;1016;18675
Towns;Republican;Donald Trump;1356;20419
Transylvania;Republican;Ted Cruz;2139;23757
Travis;Democrat;Bernie Sanders;73889;33206
Trempealeau;Democrat;Bernie Sanders;2429;25017
Trigg;Democrat;Bernie Sanders;715;25527
Trimble;Democrat;Bernie Sanders;542;22070
Trinity;Republican;Donald Trump;1026;22905
Troup;Republican;Donald Trump;4140;21443
Trumbull;Democrat;Hillary Clinton;17903;22568
Tulare;Republican;Donald Trump;15334;17894
Tunica;Democrat;Hillary Clinton;904;15549
Turner;Republican;Donald Trump;652;17609
Tuscaloosa;Democrat;Hillary Clinton;12136;22637
Twiggs;Democrat;Hillary Clinton;818;17952
Twin Falls;Republican;Ted Cruz;4717;20588
Tyler;Republican;Donald Trump;1358;20704
Tyler;Republican;Ted Cruz;2032;19612
Tyrrell;Democrat;Hillary Clinton;266;16658
Uinta;Democrat;Bernie Sanders;5;25513
Ulster;Democrat;Bernie Sanders;11572;30442
Umatilla;Republican;Donald Trump;5065;20836
Union;Democrat;Bernie Sanders;268;23007
Union;Democrat;Bernie Sanders;1106;19464
Union;Democrat;Hillary Clinton;822;19412
Union;Democrat;Hillary Clinton;1690;19037
Union;Democrat;Hillary Clinton;2548;20718
Union;Democrat;Hillary Clinton;40972;35089
Union;Republican;Donald Trump;644;36167
Union;Republican;Donald Trump;2169;19273
Union;Republican;Donald Trump;2691;22156
Union;Republican;Donald Trump;3349;22259
Union;Republican;Donald Trump;12641;28894
Union;Republican;John Kasich;6835;28852
Upshur;Republican;Donald Trump;3273;19498
Uvalde;Democrat;Hillary Clinton;1740;17479
Val Verde;Democrat;Hillary Clinton;1777;17867
Valencia;Democrat;Hillary Clinton;3123;19623
Valley;Republican;Donald Trump;514;23227
Valley;Republican;Donald Trump;1250;25685
Van Buren;Democrat;Bernie Sanders;3656;21732
Van Buren;Republican;Donald Trump;493;19450
Van Buren;Republican;Donald Trump;1198;18782
Van Wert;Republican;John Kasich;2688;22790
Van Zandt;Republican;Ted Cruz;5954;21920
Vance;Democrat;Hillary Clinton;4561;17905
Ventura;Democrat;Hillary Clinton;45848;32930
Vermilion;Republican;Donald Trump;1460;22589
Vernon;Democrat;Bernie Sanders;3476;22680
Vernon;Republican;Donald Trump;1119;21396
Vernon;Republican;Donald Trump;1530;19734
Victoria;Republican;Ted Cruz;5750;24700
Virginia Beach;Democrat;Hillary Clinton;22352;31934
Volusia;Republican;Donald Trump;34167;23973
Wabash;Republican;Donald Trump;977;24096
Wagoner;Republican;Ted Cruz;4459;24874
Wahkiakum;Republican;Donald Trump;530;22334
Wake;Democrat;Hillary Clinton;77927;33166
Wakulla;Republican;Donald Trump;1664;21797
Walker;Republican;Ted Cruz;3892;16330
Walla Walla;Republican;Donald Trump;4689;23809
Waller;Republican;Ted Cruz;3391;22412
Walthall;Republican;Donald Trump;1143;16850
Walworth;Republican;Donald Trump;774;25915
Wapello;Democrat;Hillary Clinton;817;22699
Ward;Republican;Ted Cruz;742;22278
Ware;Republican;Donald Trump;1998;18842
Warren;Democrat;Bernie Sanders;5365;23853
Warren;Democrat;Hillary Clinton;468;17884
Warren;Democrat;Hillary Clinton;1217;29088
Warren;Democrat;Hillary Clinton;2827;19052
Warren;Democrat;Hillary Clinton;3463;22362
Warren;Republican;John Kasich;22870;33172
Warrick;Republican;Donald Trump;7450;29927
Wasco;Democrat;Bernie Sanders;1795;22844
Washakie;Democrat;Hillary Clinton;2;28308
Washington;Democrat;Bernie Sanders;12;24977
Washington;Democrat;Bernie Sanders;41841;31078
Washington;Democrat;Hillary Clinton;601;19837
Washington;Democrat;Hillary Clinton;1374;18779
Washington;Democrat;Hillary Clinton;1511;20395
Washington;Democrat;Hillary Clinton;1663;17735
Washington;Democrat;Hillary Clinton;1741;17515
Washington;Democrat;Hillary Clinton;2982;16671
Washington;Democrat;Hillary Clinton;9110;23264
Washington;Republican;Donald Trump;1370;26325
Washington;Republican;Donald Trump;2337;24168
Washington;Republican;Donald Trump;3156;21370
Washington;Republican;Donald Trump;3333;25109
Washington;Republican;Donald Trump;5048;23496
Washington;Republican;Donald Trump;11970;26532
Washington;Republican;Ted Cruz;3597;27053
Washington;Republican;Ted Cruz;7801;21472
Washington;Republican;Ted Cruz;25505;32020
Washita;Democrat;Bernie Sanders;700;23811
Washoe;Republican;Donald Trump;6850;28670
Washtenaw;Democrat;Bernie Sanders;38063;33231
Watauga;Democrat;Bernie Sanders;5811;21854
Waukesha;Republican;Ted Cruz;75123;37577
Wayne;Democrat;Bernie Sanders;2898;19497
Wayne;Democrat;Hillary Clinton;7546;21557
Wayne;Democrat;Hillary Clinton;163886;22308
Wayne;Republican;Donald Trump;2075;22526
Wayne;Republican;Donald Trump;6364;24005
Wayne;Republican;John Kasich;10533;23061
Wayne;Republican;Ted Cruz;171;22127
Waynesboro;Republican;Donald Trump;910;22872
Weakley;Republican;Donald Trump;1764;19547
Webb;Democrat;Hillary Clinton;18559;14553
Webster;Democrat;Bernie Sanders;837;17937
Webster;Democrat;Bernie Sanders;1169;20337
Webster;Democrat;Hillary Clinton;866;24203
Webster;Democrat;Hillary Clinton;1878;19871
Webster;Republican;Donald Trump;1191;18728
Weld;Democrat;Bernie Sanders;1647;25468
West Baton Rouge;Democrat;Hillary Clinton;2178;24838
West Carroll;Republican;Ted Cruz;342;17980
West Feliciana;Democrat;Hillary Clinton;902;21720
Westchester;Democrat;Hillary Clinton;69628;47984
Weston;Democrat;Bernie Sanders;1;28764
Weston;Democrat;Hillary Clinton;1;28764
Wetzel;Democrat;Bernie Sanders;1744;21653
Wexford;Republican;Donald Trump;2578;20573
Wheatland;Republican;Donald Trump;380;17336
Wheeler;Republican;Donald Trump;79;25898
Wheeler;Republican;Donald Trump;283;8948
Wheeler;Republican;Ted Cruz;781;30097
White;Republican;Donald Trump;2092;18205
White;Republican;Donald Trump;2715;22059
White;Republican;Donald Trump;3044;23666
White Pine;Republican;Donald Trump;172;24435
Whiteside;Democrat;Bernie Sanders;3102;24525
Whitley;Republican;Ted Cruz;4064;24613
Whitman;Republican;Donald Trump;2071;21208
Wibaux;Republican;Donald Trump;231;27492
Wicomico;Republican;Donald Trump;6998;25378
Wilbarger;Republican;Ted Cruz;923;20373
Wilcox;Democrat;Hillary Clinton;3337;13379
Wilkes;Republican;Donald Trump;734;17120
Wilkes;Republican;Donald Trump;5889;19029
Wilkinson;Democrat;Hillary Clinton;832;17228
Wilkinson;Democrat;Hillary Clinton;1269;18717
Will;Democrat;Bernie Sanders;46305;30377
Willacy;Democrat;Hillary Clinton;2072;11313
Williamsburg;Democrat;Bernie Sanders;1197;23127
Williamsburg;Democrat;Hillary Clinton;4609;14845
Wilson;Democrat;Hillary Clinton;6408;20972
Wilson;Republican;Ted Cruz;4273;27238
Winchester;Democrat;Hillary Clinton;949;26060
Winn;Democrat;Hillary Clinton;488;16789
Winnebago;Democrat;Bernie Sanders;230;24547
Winnebago;Democrat;Bernie Sanders;16715;24495
Winnebago;Democrat;Bernie Sanders;17818;26955
Winneshiek;Democrat;Bernie Sanders;616;25062
Winston;Democrat;Hillary Clinton;1442;18501
Wise;Republican;Donald Trump;2093;19107
Wise;Republican;Ted Cruz;5513;25663
Wolfe;Democrat;Bernie Sanders;499;14157
Woodbury;Democrat;Bernie Sanders;1920;23269
Woodford;Democrat;Bernie Sanders;1918;29277
Woodruff;Democrat;Hillary Clinton;862;19087
Woods;Republican;Ted Cruz;574;26022
Woodward;Republican;Ted Cruz;1235;24922
Worth;Democrat;Bernie Sanders;218;26187
Wright;Democrat;Hillary Clinton;273;25827
Wright;Republican;Donald Trump;1874;14752
Wyandot;Republican;John Kasich;1896;22382
Wyoming;Republican;Donald Trump;2668;22700
Yalobusha;Democrat;Hillary Clinton;1214;18750
Yancey;Democrat;Bernie Sanders;1386;20257
Yankton;Democrat;Hillary Clinton;706;27268
Yates;Republican;Donald Trump;1296;24457
Yavapai;Republican;Donald Trump;17005;25186
Yazoo;Democrat;Hillary Clinton;2203;14291
Yoakum;Republican;Ted Cruz;685;21389
Yolo;Democrat;Hillary Clinton;12567;27730
York;Republican;Donald Trump;12031;26553
York;Republican;Donald Trump;41948;28132
York;Republican;Marco Rubio;4239;36373
Yuba;Republican;Donald Trump;3210;19244
Yuma;Democrat;Hillary Clinton;45;22498
Yuma;Republican;Donald Trump;4390;18840
Zapata;Democrat;Hillary Clinton;1969;16671
Zavala;Democrat;Hillary Clinton;1557;12828
Ziebach;Democrat;Bernie Sanders;132;12339
