"county","party","candidate","votes","more_language"
Black Hawk,Democrat,Bernie Sanders,3647,7.7
Collier,Republican,Donald Trump,30071,31.6
Clinton,Republican,Donald Trump,3252,12.5
Coahoma,Democrat,Hillary Clinton,2301,1.2
Worth,Republican,Donald Trump,224,0.9
Kenosha,Democrat,Bernie Sanders,14612,11.6
Russell,Democrat,Hillary Clinton,4381,5.0
Walker,Republican,Donald Trump,8394,1.4
George,Republican,Donald Trump,2245,2.1
Clarke,Republican,Donald Trump,1399,0.8
Louisa,Republican,Donald Trump,261,15.0
Clinton,Republican,Donald Trump,771,1.5
Logan,Republican,Ted Cruz,2361,4.7
Dixie,Republican,Donald Trump,1103,2.9
Ozark,Republican,Donald Trump,1099,2.1
Delaware,Democrat,Hillary Clinton,44775,11.6
Henry,Republican,Ted Cruz,379,4.4
Cotton,Democrat,Bernie Sanders,388,5.1
Golden Valley,Republican,Donald Trump,203,0.6
Caldwell,Democrat,Bernie Sanders,866,0.8
Brantley,Republican,Donald Trump,1161,1.7
Winston,Democrat,Hillary Clinton,1442,0.5
Bates,Republican,Donald Trump,1306,2.6
Genesee,Democrat,Hillary Clinton,31284,3.4
Bremer,Democrat,Hillary Clinton,640,2.2
Brown,Republican,Donald Trump,502,5.5
Crawford,Republican,Ted Cruz,3926,6.6
Kit Carson,Democrat,Bernie Sanders,16,15.2
Pike,Democrat,Hillary Clinton,2870,2.7
Lafourche,Republican,Donald Trump,2725,17.5
Holt,Republican,Donald Trump,1302,3.3
Jenkins,Republican,Donald Trump,513,4.1
Macon,Republican,Donald Trump,1489,2.7
Richmond,Democrat,Hillary Clinton,2941,6.8
Little River,Democrat,Hillary Clinton,721,3.0
Monroe,Republican,Donald Trump,8802,3.7
Boone,Republican,Donald Trump,2577,2.5
Adair,Republican,Donald Trump,1512,2.0
Jim Hogg,Democrat,Hillary Clinton,1421,81.9
Judith Basin,Republican,Donald Trump,421,3.3
Rock,Democrat,Bernie Sanders,17337,8.4
Harrison,Republican,Donald Trump,315,1.8
Orange,Republican,Donald Trump,146888,45.5
Madison,Republican,Donald Trump,12487,3.2
Burlington,Democrat,Hillary Clinton,32712,12.7
Wilson,Democrat,Hillary Clinton,6408,10.7
St. Charles,Republican,Donald Trump,30489,6.2
Cumberland,Republican,Ted Cruz,1081,1.6
Union,Democrat,Hillary Clinton,822,3.6
Boise,Republican,Donald Trump,691,4.1
Colfax,Democrat,Hillary Clinton,949,21.5
Camden,Republican,Donald Trump,3065,4.8
Pinellas,Democrat,Hillary Clinton,63699,13.2
Early,Republican,Donald Trump,760,1.5
Hooker,Republican,Donald Trump,119,1.6
Fayette,Republican,Donald Trump,2744,2.3
Richland,Democrat,Bernie Sanders,1784,5.0
Valencia,Democrat,Hillary Clinton,3123,33.7
Owsley,Republican,Donald Trump,168,0.6
Albemarle,Democrat,Hillary Clinton,8284,11.3
Twiggs,Democrat,Hillary Clinton,818,0.8
Jasper,Republican,Ted Cruz,11113,7.0
Wright,Democrat,Hillary Clinton,273,9.0
Wayne,Republican,Donald Trump,805,2.6
Clark,Republican,Donald Trump,545,1.6
Jackson,Republican,Donald Trump,5463,3.4
Fulton,Democrat,Hillary Clinton,315,3.0
Allegany,Republican,Donald Trump,6272,4.7
Newport News,Democrat,Hillary Clinton,12495,10.4
Bradford,Republican,Donald Trump,1802,2.9
Grundy,Republican,Donald Trump,3625,7.4
Phillips,Democrat,Bernie Sanders,18,19.8
Mississippi,Republican,Donald Trump,970,1.5
Martin,Republican,Donald Trump,1398,2.4
Benton,Republican,Marco Rubio,12863,15.5
Clay,Democrat,Hillary Clinton,297,3.3
Bell,Republican,Donald Trump,692,0.9
Crawford,Republican,Donald Trump,2189,1.5
Johnson,Republican,Donald Trump,1338,12.1
Marion,Democrat,Hillary Clinton,59649,12.4
Harrisonburg,Democrat,Bernie Sanders,2911,21.8
Jessamine,Democrat,Bernie Sanders,2113,4.1
Catoosa,Republican,Donald Trump,4449,3.7
Decatur,Republican,Donald Trump,3319,2.2
DeKalb,Republican,Donald Trump,6247,11.2
Red River,Democrat,Hillary Clinton,530,1.0
Mariposa,Republican,Donald Trump,1940,8.6
Grand,Democrat,Bernie Sanders,636,7.6
Calaveras,Republican,Donald Trump,4902,7.0
Rio Arriba,Democrat,Hillary Clinton,4915,62.6
Cedar,Republican,Donald Trump,775,2.4
Habersham,Republican,Donald Trump,3289,13.8
Santa Fe,Democrat,Hillary Clinton,16087,36.1
Beaverhead,Republican,Donald Trump,1626,2.1
Gila,Republican,Donald Trump,3065,14.4
Oscoda,Republican,Donald Trump,705,7.1
Greene,Republican,Donald Trump,1014,1.8
Iowa,Democrat,Hillary Clinton,357,3.7
Laurel,Republican,Donald Trump,2313,1.8
Oldham,Democrat,Hillary Clinton,2730,5.6
Saint Francis,Democrat,Hillary Clinton,1912,5.9
Carbon,Democrat,Hillary Clinton,4,10.1
Branch,Republican,Donald Trump,2455,8.1
Tuscola,Republican,Donald Trump,3750,2.7
St. Louis County,Democrat,Hillary Clinton,89373,8.7
Bergen,Democrat,Hillary Clinton,55264,38.7
Johnson,Democrat,Bernie Sanders,1,2.2
Boone,Republican,Donald Trump,3816,19.0
Gallatin,Republican,Donald Trump,8313,4.2
Portsmouth,Democrat,Hillary Clinton,9464,4.6
Webster,Democrat,Bernie Sanders,837,0.6
Arenac,Republican,Donald Trump,1141,2.2
Schuyler,Republican,Donald Trump,428,6.4
Johnston,Democrat,Bernie Sanders,606,4.6
Lee,Republican,Ted Cruz,5921,4.4
Wake,Democrat,Hillary Clinton,77927,16.6
Humboldt,Democrat,Bernie Sanders,13245,9.7
Howard,Republican,Ted Cruz,798,1.9
Montgomery,Republican,Donald Trump,672,3.8
Autauga,Republican,Donald Trump,5387,3.5
Boone,Republican,Donald Trump,740,2.5
Union,Democrat,Hillary Clinton,1690,1.7
Butts,Republican,Donald Trump,1884,3.0
Douglas,Republican,Donald Trump,23754,13.9
Martin,Republican,Donald Trump,16065,14.5
Pushmataha,Democrat,Bernie Sanders,667,3.4
Craighead,Republican,Ted Cruz,4108,5.2
Cumberland,Democrat,Hillary Clinton,22744,11.0
Pottawattamie,Democrat,Bernie Sanders,1573,6.2
Essex,Democrat,Bernie Sanders,1932,6.8
Sangamon,Republican,Ted Cruz,12261,5.2
Kinney,Democrat,Hillary Clinton,211,58.1
Franklin,Republican,Ted Cruz,1187,7.5
Clay,Democrat,Hillary Clinton,623,4.9
Sussex,Republican,Donald Trump,17794,10.1
Cleveland,Democrat,Bernie Sanders,16428,9.4
Butte,Republican,Ted Cruz,275,3.4
Cullman,Republican,Donald Trump,10618,4.6
Nuckolls,Republican,Donald Trump,446,3.1
Elbert,Republican,Donald Trump,1394,5.3
Crockett,Democrat,Hillary Clinton,266,44.3
Saline,Republican,Donald Trump,2102,2.3
Cumberland,Republican,Donald Trump,1081,1.6
Letcher,Democrat,Bernie Sanders,1788,0.9
Cascade,Republican,Donald Trump,8129,4.2
Dawson,Republican,Donald Trump,1685,1.4
Monroe,Republican,Donald Trump,2262,2.7
Columbia,Republican,Donald Trump,1149,4.7
Fairfax,Democrat,Hillary Clinton,86898,37.3
White,Republican,Donald Trump,1424,1.5
Monroe,Republican,Donald Trump,2602,1.3
Mahaska,Republican,Ted Cruz,669,2.4
Bond,Republican,Donald Trump,1102,3.4
Miller,Republican,Ted Cruz,2741,3.2
Dane,Democrat,Bernie Sanders,102585,11.6
Levy,Republican,Donald Trump,3745,6.0
Ottawa,Democrat,Bernie Sanders,1238,5.9
Calhoun,Democrat,Bernie Sanders,803,0.9
Lincoln,Republican,Donald Trump,3235,3.7
Livingston,Democrat,Bernie Sanders,610,1.9
Lawrence,Republican,Donald Trump,5971,2.7
Clarendon,Democrat,Hillary Clinton,3564,3.4
Yuba,Republican,Donald Trump,3210,24.7
Saline,Republican,Ted Cruz,7507,4.3
Santa Cruz,Democrat,Hillary Clinton,2496,76.9
Big Horn,Democrat,Hillary Clinton,2,7.1
Graves,Democrat,Bernie Sanders,2631,6.9
Christian,Republican,Ted Cruz,10586,3.2
Falls Church,Democrat,Hillary Clinton,1587,23.4
Casey,Republican,Donald Trump,1029,3.5
Worth,Republican,Donald Trump,1890,2.5
Calhoun,Democrat,Bernie Sanders,503,1.6
Bonner,Republican,Ted Cruz,3132,2.3
Bayfield,Democrat,Bernie Sanders,2604,4.1
Wibaux,Republican,Donald Trump,231,0.3
Lafayette,Democrat,Bernie Sanders,1330,7.2
Jasper,Democrat,Hillary Clinton,1976,1.1
Itawamba,Republican,Donald Trump,1905,2.2
Emanuel,Republican,Donald Trump,1489,4.7
Emmet,Democrat,Bernie Sanders,2589,3.2
Leflore,Democrat,Hillary Clinton,2094,3.4
Chickasaw,Democrat,Hillary Clinton,1398,3.4
Fulton,Democrat,Bernie Sanders,2537,3.2
Calhoun,Democrat,Hillary Clinton,200,1.9
Pulaski,Republican,Donald Trump,2802,12.3
Anne Arundel,Democrat,Hillary Clinton,35659,10.6
Winneshiek,Democrat,Bernie Sanders,616,3.6
Nelson,Democrat,Hillary Clinton,991,2.4
Franklin,Democrat,Hillary Clinton,4951,7.9
Alachua,Democrat,Hillary Clinton,17733,13.8
Furnas,Republican,Donald Trump,546,2.1
Terrell,Democrat,Hillary Clinton,804,2.4
DeKalb,Republican,Donald Trump,800,4.3
Elmore,Republican,Donald Trump,1252,15.1
Fayette,Democrat,Hillary Clinton,525,2.6
Franklin,Democrat,Hillary Clinton,665,7.3
Crawford,Republican,Donald Trump,1162,1.0
McKinley,Democrat,Hillary Clinton,4761,56.7
Cuming,Republican,Donald Trump,783,8.6
Choctaw,Republican,Donald Trump,765,0.7
Putnam,Republican,Donald Trump,1983,8.0
Quitman,Democrat,Hillary Clinton,193,1.7
Leon,Democrat,Hillary Clinton,27333,9.6
Yazoo,Democrat,Hillary Clinton,2203,7.3
Piatt,Republican,Ted Cruz,1855,1.8
Calhoun,Democrat,Bernie Sanders,5810,6.1
Union,Republican,Donald Trump,2169,4.7
Gadsden,Democrat,Hillary Clinton,7446,9.5
Pasquotank,Democrat,Hillary Clinton,2471,5.3
Pulaski,Republican,Donald Trump,1668,2.0
Jasper,Republican,Donald Trump,1205,5.4
Concordia,Democrat,Hillary Clinton,1830,1.6
La Crosse,Democrat,Bernie Sanders,15139,6.3
Palo Alto,Democrat,Hillary Clinton,213,2.1
Monongalia,Democrat,Bernie Sanders,8096,5.7
Elbert,Democrat,Bernie Sanders,144,5.2
Lee,Democrat,Hillary Clinton,2207,3.3
McHenry,Republican,Donald Trump,16514,14.3
Mitchell,Democrat,Hillary Clinton,1338,3.7
Riverside,Republican,Donald Trump,82814,39.9
Grant,Republican,Ted Cruz,1329,3.1
Atchison,Republican,Donald Trump,487,1.3
Mono,Democrat,Bernie Sanders,917,22.4
Sierra,Republican,Donald Trump,497,9.4
St. Landry,Democrat,Hillary Clinton,4606,10.9
Washington,Democrat,Bernie Sanders,12,5.5
Hughes,Democrat,Bernie Sanders,873,6.2
Ascension,Democrat,Hillary Clinton,4221,6.8
Drew,Democrat,Hillary Clinton,1250,3.4
Caroline,Republican,Donald Trump,2521,6.0
Sioux,Republican,Ted Cruz,1524,9.5
Ida,Republican,Donald Trump,136,2.8
Whitley,Republican,Donald Trump,1556,1.3
Custer,Republican,Donald Trump,1363,4.5
Henry,Democrat,Hillary Clinton,15639,10.2
Pierce,Republican,Donald Trump,1345,4.9
Bleckley,Republican,Donald Trump,935,3.2
Sequoyah,Democrat,Bernie Sanders,1872,4.1
Jackson,Democrat,Hillary Clinton,827,1.5
Okfuskee,Democrat,Bernie Sanders,596,6.2
Charlevoix,Republican,Donald Trump,1886,3.5
Henrico,Democrat,Hillary Clinton,28121,14.2
Nowata,Democrat,Bernie Sanders,530,1.4
Boundary,Republican,Ted Cruz,901,4.3
Crowley,Democrat,Bernie Sanders,16,14.7
Davis,Republican,Donald Trump,205,14.4
Bent,Democrat,Hillary Clinton,26,17.8
Lawrence,Republican,Donald Trump,3604,1.9
Hill,Republican,Donald Trump,1342,6.2
Bibb,Democrat,Hillary Clinton,12944,5.1
Clay,Republican,Donald Trump,1920,3.3
Gwinnett,Democrat,Hillary Clinton,37465,33.0
Douglas,Republican,Ted Cruz,1764,19.0
Sauk,Democrat,Bernie Sanders,7195,6.3
Kearney,Republican,Donald Trump,614,4.8
Jefferson,Democrat,Hillary Clinton,17581,16.8
Phelps,Republican,Donald Trump,3425,5.1
Madison,Republican,Ted Cruz,452,1.8
Vernon,Republican,Donald Trump,1119,7.8
Monroe,Republican,Ted Cruz,195,5.1
Carroll,Republican,Donald Trump,7495,7.7
Routt,Democrat,Bernie Sanders,406,4.7
Jones,Republican,Donald Trump,6388,5.3
Ben Hill,Republican,Donald Trump,1020,3.2
Richland,Democrat,Hillary Clinton,696,0.8
Floyd,Republican,Donald Trump,7456,4.2
Murray,Democrat,Bernie Sanders,909,4.4
Baltimore City,Democrat,Hillary Clinton,81115,8.8
Harrison,Republican,Donald Trump,4326,2.0
Allegan,Republican,Ted Cruz,7530,5.7
Granville,Democrat,Hillary Clinton,4693,7.1
Winnebago,Democrat,Bernie Sanders,230,6.0
Adair,Republican,Donald Trump,1404,4.8
Allen,Republican,Donald Trump,640,5.3
Ripley,Republican,Donald Trump,3694,2.5
Bibb,Republican,Donald Trump,1959,2.1
Latimer,Democrat,Bernie Sanders,852,2.8
Alger,Democrat,Bernie Sanders,622,3.2
Frio,Democrat,Hillary Clinton,1864,60.5
St. Mary,Democrat,Hillary Clinton,1995,10.3
Tippecanoe,Republican,Donald Trump,10296,14.4
McCone,Republican,Donald Trump,410,0.9
Benton,Republican,Donald Trump,2278,2.1
McPherson,Republican,Donald Trump,114,1.7
Cassia,Republican,Ted Cruz,2095,19.4
Sedgwick,Democrat,Hillary Clinton,13,10.3
Iron,Republican,Donald Trump,800,1.7
McLean,Republican,Ted Cruz,13085,7.5
Delta,Republican,Donald Trump,1954,2.3
Spencer,Democrat,Bernie Sanders,806,2.4
Hancock,Republican,Donald Trump,9520,2.2
Marshall,Republican,Donald Trump,9115,11.5
Barren,Democrat,Bernie Sanders,2653,3.3
Kauai,Democrat,Bernie Sanders,2049,20.9
Blaine,Republican,Donald Trump,99,0.7
Rock Island,Democrat,Hillary Clinton,10216,11.5
Garfield,Republican,Donald Trump,227,1.4
Caribou,Republican,Ted Cruz,602,3.3
Lenoir,Democrat,Hillary Clinton,4731,6.7
Pearl River,Republican,Donald Trump,4562,2.2
Yuma,Democrat,Hillary Clinton,45,15.5
Sullivan,Republican,Donald Trump,510,16.7
Clay,Democrat,Hillary Clinton,2372,1.9
Montrose,Democrat,Bernie Sanders,258,13.3
Edmonson,Republican,Donald Trump,531,2.7
Page,Republican,Ted Cruz,249,3.4
Charlotte,Republican,Donald Trump,16525,11.0
Sumter,Democrat,Hillary Clinton,1960,7.2
Leslie,Republican,Donald Trump,503,0.3
Clay,Republican,Donald Trump,1294,1.7
Williamson,Republican,Donald Trump,4929,2.9
Madison,Republican,Donald Trump,1412,2.3
Middlesex,Democrat,Hillary Clinton,47978,41.8
Monroe,Democrat,Hillary Clinton,2438,1.3
Reeves,Democrat,Hillary Clinton,1128,62.1
Haskell,Democrat,Bernie Sanders,752,2.8
St. Joseph,Republican,Donald Trump,19059,9.6
Stanislaus,Republican,Donald Trump,15390,40.7
Bernalillo,Democrat,Bernie Sanders,38247,31.0
Mora,Democrat,Hillary Clinton,986,60.3
Greenup,Democrat,Bernie Sanders,1655,1.4
Watauga,Democrat,Bernie Sanders,5811,5.3
Poinsett,Republican,Donald Trump,1036,2.3
Champaign,Democrat,Bernie Sanders,20581,15.9
Woodruff,Democrat,Hillary Clinton,862,0.5
Conway,Democrat,Hillary Clinton,1755,4.5
Walthall,Republican,Donald Trump,1143,2.1
Cook,Republican,Donald Trump,1229,6.0
Lyon,Republican,Ted Cruz,432,2.0
Volusia,Republican,Donald Trump,34167,12.7
White,Republican,Donald Trump,2715,2.6
Calhoun,Democrat,Bernie Sanders,545,6.0
Richland,Republican,Donald Trump,1435,3.6
Johnson,Republican,Donald Trump,3035,4.2
Daniels,Republican,Donald Trump,340,4.1
Jones,Democrat,Hillary Clinton,910,5.1
Liberty,Republican,Donald Trump,387,25.4
Grant,Republican,Donald Trump,5992,2.9
Jackson,Republican,Donald Trump,5484,8.5
Napa,Democrat,Hillary Clinton,7370,35.0
Edwards,Republican,Donald Trump,867,1.4
San Diego,Democrat,Hillary Clinton,139813,37.4
Cumberland,Republican,Donald Trump,460,1.6
Irwin,Republican,Donald Trump,869,1.4
LaRue,Democrat,Bernie Sanders,910,3.0
Lamar,Republican,Donald Trump,5197,3.3
Coffee,Republican,Donald Trump,2469,9.8
Lake,Republican,Donald Trump,2927,6.3
Roberts,Democrat,Bernie Sanders,397,5.1
Love,Democrat,Bernie Sanders,502,9.8
Somerset,Democrat,Hillary Clinton,19667,29.6
Lake,Republican,Donald Trump,26393,12.5
Harlan,Republican,Donald Trump,436,2.7
Wicomico,Republican,Donald Trump,6998,10.7
Union,Democrat,Hillary Clinton,40972,41.9
Jackson,Democrat,Bernie Sanders,4656,8.7
Clay,Republican,Donald Trump,19374,9.8
Greenlee,Democrat,Hillary Clinton,497,24.3
Ste. Genevieve,Republican,Donald Trump,1080,2.1
Fergus,Republican,Donald Trump,1975,3.5
Assumption,Democrat,Hillary Clinton,1139,15.5
Wilkinson,Democrat,Hillary Clinton,1269,1.0
Stone,Republican,Ted Cruz,1428,1.5
Lake,Democrat,Hillary Clinton,43091,14.5
Sumter,Democrat,Hillary Clinton,2987,1.9
Adams,Republican,Donald Trump,354,2.1
Hidalgo,Democrat,Hillary Clinton,40276,84.9
Walton,Republican,Donald Trump,7910,6.4
Scott,Republican,Donald Trump,3373,1.7
Polk,Republican,Ted Cruz,3430,4.4
Hickman,Democrat,Bernie Sanders,300,1.4
Wayne,Democrat,Bernie Sanders,2898,0.6
Baker,Republican,Donald Trump,2163,2.2
Walker,Republican,Donald Trump,4208,2.4
Etowah,Republican,Donald Trump,8657,3.1
Refugio,Democrat,Hillary Clinton,549,27.5
Stone,Republican,Donald Trump,3928,1.8
Clinton,Republican,Donald Trump,2522,3.6
Lassen,Republican,Donald Trump,2508,17.7
Bartholomew,Republican,Donald Trump,7918,9.6
Sanders,Republican,Donald Trump,1992,3.6
Calloway,Democrat,Bernie Sanders,2239,5.5
Richmond City,Democrat,Hillary Clinton,21822,9.8
Portage,Democrat,Bernie Sanders,9348,6.2
Foard,Democrat,Bernie Sanders,112,4.8
Mercer,Democrat,Bernie Sanders,1331,2.0
Colquitt,Republican,Donald Trump,2967,17.1
Grand Traverse,Democrat,Bernie Sanders,8091,3.4
Marion,Republican,Donald Trump,1581,1.9
Kosciusko,Republican,Donald Trump,8748,10.6
Noble,Republican,Donald Trump,4422,12.0
Vance,Democrat,Hillary Clinton,4561,5.5
Richmond,Democrat,Hillary Clinton,16269,5.9
Taylor,Republican,Donald Trump,550,1.9
Macomb,Republican,Donald Trump,60492,13.6
Roger Mills,Democrat,Bernie Sanders,268,3.7
Morgan,Democrat,Bernie Sanders,87,26.5
Cass,Republican,Donald Trump,3941,13.4
Dubuque,Democrat,Hillary Clinton,2504,3.1
Bienville,Democrat,Hillary Clinton,1056,1.6
Park,Democrat,Bernie Sanders,8,6.1
Hickory,Republican,Donald Trump,297,2.6
St. Louis City,Democrat,Hillary Clinton,34458,9.6
Deer Lodge,Democrat,Hillary Clinton,986,2.4
Pike,Democrat,Bernie Sanders,4848,1.5
Dillon,Democrat,Hillary Clinton,1615,3.1
Dawson,Republican,Donald Trump,2649,4.8
Montgomery,Democrat,Hillary Clinton,28650,5.7
Benton,Democrat,Hillary Clinton,672,2.0
Bryan,Republican,Donald Trump,2214,4.4
Scott,Republican,Donald Trump,715,9.4
Linn,Republican,Donald Trump,955,3.1
Lewis,Republican,Donald Trump,801,7.0
Big Horn,Democrat,Bernie Sanders,2,7.1
Marshall,Democrat,Bernie Sanders,738,11.9
Washington,Republican,Donald Trump,1370,3.1
Albany,Democrat,Bernie Sanders,20422,12.2
Lincoln,Republican,Donald Trump,4144,2.6
Audrain,Republican,Ted Cruz,1642,4.9
Perry,Republican,Donald Trump,1642,2.2
Jasper,Democrat,Hillary Clinton,2194,12.8
Boyd,Democrat,Bernie Sanders,2262,2.0
Taos,Democrat,Bernie Sanders,4325,43.2
Howard,Republican,Donald Trump,8475,4.2
Massac,Republican,Donald Trump,1341,1.9
Uinta,Democrat,Bernie Sanders,5,6.6
Allamakee,Democrat,Hillary Clinton,304,8.0
Newton,Republican,Donald Trump,1073,0.9
Davidson,Democrat,Hillary Clinton,43691,15.5
Hudspeth,Democrat,Hillary Clinton,147,78.9
Sweet Grass,Republican,Donald Trump,707,2.6
Hudson,Democrat,Hillary Clinton,49798,59.2
Cameron,Democrat,Hillary Clinton,20326,73.1
Gage,Republican,Donald Trump,1407,3.7
Shoshone,Republican,Donald Trump,632,2.3
Trempealeau,Democrat,Bernie Sanders,2429,7.4
Washington,Republican,Donald Trump,1666,2.6
Harris,Democrat,Hillary Clinton,156729,42.5
Iowa,Democrat,Bernie Sanders,3198,3.4
Treasure,Republican,Donald Trump,143,6.9
LaGrange,Republican,Donald Trump,2571,40.0
Macon,Democrat,Hillary Clinton,4293,4.2
Chippewa,Republican,Donald Trump,1959,5.1
Columbus,Democrat,Hillary Clinton,3628,5.8
Pope,Republican,Donald Trump,507,3.4
Surry,Democrat,Hillary Clinton,812,1.7
DeSoto,Democrat,Hillary Clinton,1508,2.7
Ashley,Democrat,Hillary Clinton,1375,4.7
El Paso,Democrat,Hillary Clinton,36067,73.0
Calhoun,Republican,Donald Trump,8960,4.5
Macon,Democrat,Hillary Clinton,977,6.6
Carter,Republican,Donald Trump,623,1.3
Marquette,Democrat,Bernie Sanders,5530,3.6
Bay,Republican,Donald Trump,14426,6.3
Sacramento,Democrat,Hillary Clinton,68248,31.2
Guilford,Democrat,Hillary Clinton,37880,12.5
Dallas,Democrat,Hillary Clinton,8577,1.3
San Bernardino,Democrat,Hillary Clinton,71246,41.1
Choctaw,Democrat,Bernie Sanders,745,4.0
Butler,Republican,Donald Trump,564,2.9
Carroll,Republican,Ben Carson,0,13.6
Coffee,Republican,Donald Trump,4304,7.5
Pottawatomie,Democrat,Bernie Sanders,3400,3.6
Dallas,Republican,Donald Trump,1672,8.7
Ware,Republican,Donald Trump,1998,5.8
Madison,Republican,Ted Cruz,4079,10.1
Adair,Democrat,Bernie Sanders,971,8.8
Houghton,Democrat,Bernie Sanders,2039,7.0
Allen,Republican,Ted Cruz,29963,9.7
Whitfield,Republican,Donald Trump,5945,30.0
Kleberg,Democrat,Hillary Clinton,1738,49.5
Hinds,Democrat,Hillary Clinton,31386,3.1
Clearwater,Republican,Donald Trump,629,4.8
Park,Democrat,Bernie Sanders,231,3.8
Gordon,Republican,Donald Trump,4339,14.6
Garvin,Democrat,Bernie Sanders,1505,5.5
Montgomery,Democrat,Hillary Clinton,109304,39.1
Reynolds,Republican,Donald Trump,647,0.8
Marin,Democrat,Hillary Clinton,27238,23.0
Sullivan,Republican,Donald Trump,2379,1.8
Humboldt,Republican,Donald Trump,204,3.2
Berrien,Republican,Donald Trump,1563,4.9
Marion,Republican,Donald Trump,3503,2.5
Mercer,Democrat,Hillary Clinton,29505,28.2
Long,Republican,Donald Trump,633,8.2
Presque Isle,Republican,Donald Trump,916,3.6
Nez Perce,Republican,Ted Cruz,1583,4.3
Saguache,Democrat,Bernie Sanders,219,34.7
Menominee,Republican,Donald Trump,1304,2.7
Jackson,Democrat,Bernie Sanders,3021,8.4
Glades,Republican,Donald Trump,632,20.7
Washington,Republican,Donald Trump,1739,4.5
Elkhart,Republican,Ted Cruz,16204,18.1
Indian River,Republican,Donald Trump,13678,14.3
Loudoun,Democrat,Hillary Clinton,21171,29.6
Hardin,Republican,Donald Trump,496,1.1
Attala,Democrat,Hillary Clinton,1519,1.7
Lowndes,Democrat,Hillary Clinton,3782,0.7
Frontier,Republican,Donald Trump,315,1.5
Kootenai,Republican,Ted Cruz,11924,3.3
Pendleton,Democrat,Bernie Sanders,546,1.1
Noxubee,Democrat,Hillary Clinton,1397,2.5
Marshall,Democrat,Bernie Sanders,2308,1.5
Arkansas,Republican,Donald Trump,1073,2.8
Lincoln,Republican,Donald Trump,2950,2.0
Dawes,Republican,Donald Trump,831,6.0
LaPorte,Republican,Donald Trump,9494,5.3
Lapeer,Republican,Donald Trump,7446,4.1
Clinch,Republican,Donald Trump,412,3.2
Manassas,Democrat,Hillary Clinton,1812,36.4
Copiah,Democrat,Hillary Clinton,3373,3.6
Gratiot,Democrat,Bernie Sanders,1812,4.1
Tangipahoa,Democrat,Hillary Clinton,4267,4.9
St. Clair,Republican,Donald Trump,8596,2.5
Santa Barbara,Democrat,Hillary Clinton,23543,40.2
Fallon,Republican,Donald Trump,734,1.3
Carbon,Republican,Donald Trump,1507,3.9
Iosco,Republican,Donald Trump,1973,2.7
Johnson,Democrat,Bernie Sanders,5473,13.3
Liberty,Democrat,Hillary Clinton,2783,10.9
Turner,Republican,Donald Trump,652,4.4
Mason,Republican,Donald Trump,896,1.8
Alpine,Democrat,Bernie Sanders,129,9.9
Kiowa,Democrat,Hillary Clinton,5,4.0
Miner,Democrat,Hillary Clinton,109,1.3
Lancaster,Republican,Donald Trump,13251,10.9
Hinsdale,Democrat,Bernie Sanders,10,9.1
Sarasota,Republican,Donald Trump,34593,13.0
Lawrence,Republican,Donald Trump,1326,7.8
Adams,Republican,Donald Trump,2798,7.1
Phillips,Republican,Donald Trump,1097,1.2
Pecos,Democrat,Hillary Clinton,816,52.2
Beadle,Democrat,Hillary Clinton,501,13.9
Talbot,Republican,Donald Trump,3104,7.9
Leake,Democrat,Hillary Clinton,1614,6.1
Inyo,Republican,Donald Trump,1414,14.9
Howell,Republican,Donald Trump,4230,3.0
Neshoba,Republican,Donald Trump,2249,11.1
San Miguel,Democrat,Bernie Sanders,329,10.0
Rensselaer,Democrat,Bernie Sanders,6649,6.7
Prairie,Republican,Donald Trump,269,4.6
Floyd,Democrat,Bernie Sanders,4010,0.9
Las Animas,Democrat,Bernie Sanders,106,14.4
St. Clair,Republican,Donald Trump,962,4.3
Douglas,Democrat,Bernie Sanders,4510,3.0
Scott,Democrat,Bernie Sanders,4144,5.6
Placer,Republican,Donald Trump,25700,15.0
Bollinger,Republican,Donald Trump,1272,0.8
St. Johns,Republican,Donald Trump,24205,8.1
Todd,Democrat,Bernie Sanders,524,22.3
Maui,Democrat,Bernie Sanders,4419,20.7
Berkeley,Democrat,Hillary Clinton,9471,7.8
Howard,Republican,Donald Trump,534,2.3
Cherokee,Democrat,Bernie Sanders,2897,6.0
Maries,Republican,Donald Trump,958,2.0
Searcy,Republican,Donald Trump,939,1.5
Taylor,Democrat,Hillary Clinton,140,8.1
Kern,Republican,Donald Trump,33838,42.1
Union,Democrat,Bernie Sanders,1106,2.4
Valley,Republican,Donald Trump,575,7.2
Westchester,Democrat,Hillary Clinton,69628,32.7
Cass,Democrat,Hillary Clinton,300,2.5
Van Buren,Democrat,Bernie Sanders,3656,9.9
Kimball,Republican,Donald Trump,439,6.2
Johnson,Republican,Donald Trump,1383,2.5
Fillmore,Republican,Donald Trump,574,3.3
Tensas,Democrat,Hillary Clinton,492,2.6
Owen,Republican,Donald Trump,2679,2.5
Howard,Democrat,Bernie Sanders,215,6.0
JoDaviess,Republican,Donald Trump,1666,4.2
Houston,Republican,Donald Trump,8171,4.4
McIntosh,Democrat,Bernie Sanders,1261,1.6
Clinton,Democrat,Bernie Sanders,1234,2.3
Lincoln,Democrat,Bernie Sanders,4674,7.0
Pocahontas,Democrat,Hillary Clinton,198,2.5
Lafayette,Republican,Donald Trump,556,12.5
Wayne,Republican,Donald Trump,1376,1.0
O'Brien,Republican,Ted Cruz,347,4.5
Harmon,Democrat,Bernie Sanders,167,21.0
Missoula,Democrat,Bernie Sanders,13271,4.6
Luce,Republican,Donald Trump,407,3.7
Alcona,Republican,Donald Trump,1111,2.3
Natchitoches,Democrat,Hillary Clinton,2545,2.3
Carroll,Republican,Donald Trump,1133,1.6
Des Moines,Democrat,Bernie Sanders,1066,2.6
Audubon,Democrat,Hillary Clinton,187,1.2
Alexandria,Democrat,Hillary Clinton,16281,31.1
Stoddard,Republican,Donald Trump,3024,1.7
Carroll,Republican,Donald Trump,16534,4.9
Franklin,Democrat,Bernie Sanders,2338,7.7
Nodaway,Republican,Donald Trump,1268,3.6
Weston,Democrat,Bernie Sanders,1,1.7
Lake,Republican,Donald Trump,803,2.1
McDuffie,Republican,Donald Trump,1288,2.7
Nicholas,Democrat,Bernie Sanders,420,4.6
Madison,Democrat,Bernie Sanders,18723,3.3
Hawaii,Democrat,Bernie Sanders,5605,18.7
Orange,Democrat,Hillary Clinton,66654,33.5
Emmet,Democrat,Hillary Clinton,168,8.0
St. Joseph,Republican,Ted Cruz,2655,9.9
Dale,Republican,Donald Trump,4151,6.3
Beaver,Democrat,Hillary Clinton,12963,3.5
Grant,Democrat,Bernie Sanders,4484,4.4
Warren,Democrat,Bernie Sanders,5365,10.0
Blaine,Republican,Donald Trump,465,4.6
Dinwiddie,Democrat,Hillary Clinton,1935,2.7
Winn,Democrat,Hillary Clinton,488,2.3
Kalamazoo,Democrat,Bernie Sanders,20146,7.0
Benzie,Democrat,Bernie Sanders,1650,4.4
Dallas,Democrat,Hillary Clinton,693,3.4
Logan,Democrat,Bernie Sanders,3201,1.2
East Carroll,Democrat,Hillary Clinton,508,2.8
Navajo,Democrat,Hillary Clinton,4415,36.8
Madison,Republican,Donald Trump,2460,4.9
La Salle,Democrat,Hillary Clinton,557,62.4
Valley,Republican,Donald Trump,1250,1.8
Covington,Democrat,Hillary Clinton,244,3.4
Texas,Republican,Donald Trump,2659,2.1
Morgan,Republican,Donald Trump,1976,7.6
San Joaquin,Democrat,Hillary Clinton,25118,39.9
Mecklenburg,Democrat,Hillary Clinton,71265,18.2
Benewah,Republican,Ted Cruz,671,3.3
Sheridan,Democrat,Bernie Sanders,7,4.8
Callaway,Republican,Ted Cruz,3261,2.5
Tift,Republican,Donald Trump,2697,11.7
Mecklenburg,Democrat,Hillary Clinton,1588,2.4
Broward,Democrat,Hillary Clinton,132527,37.8
Gasconade,Republican,Donald Trump,1429,1.8
Edgecombe,Democrat,Hillary Clinton,6411,3.9
Cass,Republican,Donald Trump,1811,3.4
Pierce,Republican,Donald Trump,617,2.1
Simpson,Democrat,Hillary Clinton,708,2.9
Plumas,Republican,Donald Trump,2588,9.7
Anderson,Democrat,Bernie Sanders,1649,2.7
Henry,Republican,Donald Trump,1636,2.0
Mineral,Democrat,Bernie Sanders,25,3.2
Alamance,Democrat,Hillary Clinton,7374,11.8
Haywood,Democrat,Bernie Sanders,3873,3.5
Silver Bow,Democrat,Hillary Clinton,4089,4.1
Rio Grande,Democrat,Bernie Sanders,59,25.0
Appling,Republican,Donald Trump,1290,10.1
Cibola,Democrat,Hillary Clinton,1586,44.3
Schoolcraft,Republican,Donald Trump,529,2.7
Richmond,Democrat,Hillary Clinton,333,9.5
Washtenaw,Democrat,Bernie Sanders,38063,14.2
Pointe Coupee,Democrat,Hillary Clinton,1680,4.7
Webster,Republican,Donald Trump,1191,1.3
Plaquemines,Republican,Donald Trump,705,8.2
Madera,Republican,Donald Trump,8247,44.1
Clay,Democrat,Bernie Sanders,754,0.8
Webb,Democrat,Hillary Clinton,18559,91.3
Okeechobee,Republican,Donald Trump,2202,24.3
Madison,Republican,Donald Trump,23791,7.1
Conejos,Democrat,Hillary Clinton,73,34.5
El Paso,Democrat,Bernie Sanders,4954,11.6
Grant,Republican,Donald Trump,722,5.6
Corson,Democrat,Bernie Sanders,148,17.2
Banner,Republican,Donald Trump,108,4.0
Gibson,Republican,Donald Trump,4237,2.0
Rush,Republican,Donald Trump,2362,2.2
Haywood,Democrat,Hillary Clinton,1197,3.4
Iroquois,Republican,Donald Trump,2836,6.3
Clay,Democrat,Bernie Sanders,303,3.7
Ravalli,Republican,Donald Trump,6281,3.8
Lawrence,Democrat,Bernie Sanders,659,1.4
Gladwin,Republican,Donald Trump,1774,4.9
Deuel,Republican,Donald Trump,274,4.8
Russell,Republican,Donald Trump,1106,1.7
Bryan,Democrat,Bernie Sanders,1913,5.4
Montgomery,Democrat,Hillary Clinton,75333,12.5
Pickens,Republican,Donald Trump,3360,3.9
Dunn,Democrat,Bernie Sanders,4272,4.1
Marion,Republican,Donald Trump,31370,11.9
Box Butte,Republican,Donald Trump,1188,5.3
Petroleum,Republican,Donald Trump,167,0.8
Bolivar,Democrat,Hillary Clinton,3029,3.0
Tuolumne,Republican,Donald Trump,4949,7.6
Jones,Democrat,Bernie Sanders,480,2.8
Erie,Democrat,Hillary Clinton,19511,6.5
Hamilton,Democrat,Hillary Clinton,758,8.8
St. Martin,Democrat,Hillary Clinton,1869,19.1
Whitley,Republican,Ted Cruz,4064,2.2
McCurtain,Democrat,Bernie Sanders,1314,4.0
Shiawassee,Democrat,Bernie Sanders,4452,2.4
Gosper,Republican,Donald Trump,259,2.1
Crenshaw,Republican,Donald Trump,1496,3.2
Otsego,Democrat,Bernie Sanders,2623,5.7
Terrell,Democrat,Hillary Clinton,67,49.3
Acadia,Democrat,Hillary Clinton,1862,14.5
Chesterfield,Democrat,Hillary Clinton,22674,10.6
King and Queen,Democrat,Hillary Clinton,477,4.5
Garland,Republican,Donald Trump,5538,5.6
Treutlen,Republican,Donald Trump,437,1.2
Keya Paha,Republican,Donald Trump,203,0.9
Graham,Republican,Ted Cruz,1606,20.1
Plymouth,Republican,Donald Trump,618,4.9
Jay,Republican,Donald Trump,2194,4.6
Hopkins,Democrat,Bernie Sanders,2696,2.7
Lee,Democrat,Hillary Clinton,7137,6.9
Clark,Republican,Ted Cruz,62,37.8
Eau Claire,Democrat,Bernie Sanders,13058,5.9
Quitman,Democrat,Hillary Clinton,986,2.7
Marshall,Democrat,Bernie Sanders,960,18.4
Chickasaw,Democrat,Hillary Clinton,360,4.2
Broadwater,Republican,Donald Trump,1001,1.2
Lawrence,Democrat,Hillary Clinton,933,1.4
Johnson,Republican,Donald Trump,17218,5.7
Cherokee,Republican,Donald Trump,248,3.2
Osage,Democrat,Hillary Clinton,2390,3.4
Baxter,Republican,Donald Trump,3798,2.5
Meagher,Republican,Donald Trump,394,1.8
Marshall,Democrat,Hillary Clinton,3361,2.8
Clarke,Democrat,Hillary Clinton,232,8.8
Wabash,Republican,Donald Trump,3932,3.4
Garden,Republican,Donald Trump,372,1.9
Lucas,Democrat,Hillary Clinton,32137,6.0
Fannin,Republican,Donald Trump,3001,3.1
Mendocino,Democrat,Bernie Sanders,4654,21.2
Lake,Democrat,Bernie Sanders,2704,14.2
Costilla,Democrat,Hillary Clinton,64,50.1
Woodford,Republican,Ted Cruz,5091,2.3
Lewis,Republican,Donald Trump,286,4.7
Carroll,Republican,Marco Rubio,0,13.6
Hancock,Democrat,Bernie Sanders,573,1.8
Spencer,Republican,Donald Trump,2350,3.8
Stillwater,Republican,Donald Trump,1658,1.5
Lee,Democrat,Hillary Clinton,956,1.0
Muhlenberg,Democrat,Bernie Sanders,1632,1.6
Orange,Democrat,Bernie Sanders,18096,15.9
Chicot,Democrat,Hillary Clinton,1370,5.0
Wexford,Republican,Donald Trump,2578,3.1
Stephenson,Republican,Ted Cruz,3038,3.6
Crittenden,Democrat,Hillary Clinton,3379,2.9
St. Lucie,Republican,Donald Trump,18350,20.5
Tillamook,Democrat,Bernie Sanders,2207,7.7
Randolph,Democrat,Bernie Sanders,2492,1.0
Teton,Republican,Donald Trump,882,3.9
Coles,Republican,Donald Trump,3156,4.1
San Francisco,Democrat,Hillary Clinton,85070,45.0
Osceola,Democrat,Hillary Clinton,16512,47.8
Caldwell,Republican,Donald Trump,780,1.7
Monroe,Republican,Donald Trump,698,3.4
Clark,Democrat,Hillary Clinton,1650,5.2
Hendry,Republican,Donald Trump,1290,44.8
Evangeline,Democrat,Hillary Clinton,1319,21.3
Pike,Republican,Donald Trump,511,5.5
Pima,Democrat,Hillary Clinton,56317,28.5
Bradley,Republican,Donald Trump,770,10.2
Pulaski,Democrat,Hillary Clinton,34862,7.9
Emporia,Democrat,Hillary Clinton,404,3.5
Ottawa,Republican,Ted Cruz,23862,9.8
Manatee,Republican,Donald Trump,26320,16.5
Goshen,Democrat,Hillary Clinton,3,6.7
Shelby,Republican,Donald Trump,5044,4.4
Webster,Republican,Ted Cruz,4124,7.4
Clare,Republican,Donald Trump,1996,3.9
Perkins,Republican,Donald Trump,331,3.4
Randolph,Democrat,Hillary Clinton,690,2.9
Schuyler,Republican,Donald Trump,697,1.8
Toombs,Republican,Donald Trump,1513,10.0
Greene,Democrat,Hillary Clinton,215,1.9
Alexander,Democrat,Hillary Clinton,770,2.5
Polk,Democrat,Hillary Clinton,12122,12.5
Marshall,Republican,Donald Trump,4755,10.8
St. Clair,Democrat,Hillary Clinton,20987,4.8
Ripley,Republican,Donald Trump,1096,1.4
Chaffee,Democrat,Bernie Sanders,404,6.3
Ohio,Republican,Donald Trump,786,1.5
Switzerland,Republican,Donald Trump,858,5.0
Flagler,Republican,Donald Trump,9684,15.5
Taylor,Republican,Donald Trump,140,8.1
Parke,Republican,Donald Trump,1996,6.3
Greene,Republican,Donald Trump,4491,1.2
Wilkes,Republican,Donald Trump,734,4.3
Johnson,Republican,Donald Trump,684,1.9
Pulaski,Republican,Donald Trump,673,5.9
Nevada,Democrat,Bernie Sanders,8472,7.7
Iron,Republican,Donald Trump,868,3.6
Ashland,Democrat,Bernie Sanders,2304,3.4
Carroll,Republican,Donald Trump,2421,4.6
Bacon,Republican,Donald Trump,904,8.6
Sharkey,Democrat,Hillary Clinton,645,0.9
Marshall,Republican,Ted Cruz,1095,3.4
Dade,Republican,Donald Trump,1151,1.8
Modoc,Republican,Donald Trump,1019,12.8
Duplin,Democrat,Hillary Clinton,3036,19.0
Eaton,Democrat,Bernie Sanders,7007,6.1
Carroll,Democrat,Bernie Sanders,573,7.7
Brooks,Democrat,Hillary Clinton,1603,65.9
Mobile,Democrat,Hillary Clinton,28927,5.0
St. Tammany,Republican,Donald Trump,12933,6.0
Oklahoma,Democrat,Hillary Clinton,34255,16.2
Tehama,Republican,Donald Trump,3940,18.8
Lauderdale,Republican,Donald Trump,4740,3.1
Columbia,Republican,Donald Trump,4019,7.2
Montgomery,Democrat,Hillary Clinton,953,0.3
Sweetwater,Democrat,Bernie Sanders,12,9.8
Columbia,Democrat,Bernie Sanders,3302,6.9
Keokuk,Democrat,Hillary Clinton,250,1.8
Brooks,Republican,Donald Trump,1009,6.8
Gunnison,Democrat,Bernie Sanders,481,9.2
Glenn,Republican,Donald Trump,1699,36.1
Poweshiek,Democrat,Bernie Sanders,475,4.6
West Carroll,Republican,Ted Cruz,342,2.3
Baca,Democrat,Hillary Clinton,15,5.2
Talladega,Republican,Donald Trump,6304,2.8
Pondera,Republican,Donald Trump,930,9.0
Otoe,Republican,Donald Trump,1255,4.9
Jackson,Democrat,Hillary Clinton,2798,5.7
Robeson,Democrat,Hillary Clinton,8457,8.8
Otero,Democrat,Bernie Sanders,94,18.5
Bay,Democrat,Bernie Sanders,6363,3.4
Northampton,Democrat,Hillary Clinton,3195,2.5
Solano,Democrat,Hillary Clinton,31753,29.6
Jefferson,Democrat,Hillary Clinton,64090,8.3
Granite,Republican,Donald Trump,487,2.8
Screven,Republican,Donald Trump,801,1.8
Logan,Democrat,Bernie Sanders,1131,3.9
Jefferson,Democrat,Bernie Sanders,654,11.1
Idaho County,Republican,Donald Trump,1668,2.3
Stewart,Democrat,Hillary Clinton,460,14.8
Franklin,Democrat,Hillary Clinton,650,0.8
Henderson,Republican,Donald Trump,516,2.4
Summit,Democrat,Bernie Sanders,419,15.2
Pittsburg,Democrat,Bernie Sanders,3026,4.0
Union,Democrat,Bernie Sanders,268,2.0
Morehouse,Democrat,Hillary Clinton,1513,1.6
Hitchcock,Republican,Donald Trump,305,2.4
Franklin,Republican,Donald Trump,333,1.9
Clatsop,Democrat,Bernie Sanders,3334,8.2
Franklin,Republican,Donald Trump,761,1.1
Cole,Republican,Ted Cruz,6159,4.6
Athens,Democrat,Bernie Sanders,5663,4.8
Putnam,Republican,Donald Trump,5119,8.9
Carroll,Republican,Ted Cruz,0,13.6
Estill,Democrat,Hillary Clinton,446,0.9
Clay,Republican,Donald Trump,887,1.9
Izard,Republican,Donald Trump,873,2.5
Santa Rosa,Republican,Donald Trump,16044,6.5
Moniteau,Republican,Ted Cruz,1374,8.2
Wabash,Republican,Donald Trump,977,2.5
Camas,Republican,Donald Trump,130,16.8
Edgefield,Democrat,Hillary Clinton,1474,5.9
Bullitt,Democrat,Bernie Sanders,3210,1.7
Newaygo,Republican,Ted Cruz,3557,5.2
Warren,Democrat,Hillary Clinton,468,2.0
Gloucester,Democrat,Hillary Clinton,17954,8.6
Jeff Davis,Republican,Donald Trump,1071,9.3
Lamar,Republican,Donald Trump,1810,1.0
Converse,Democrat,Bernie Sanders,3,3.5
Lawrence,Republican,Ted Cruz,4235,6.8
McCreary,Republican,Donald Trump,725,3.1
Perry,Democrat,Hillary Clinton,648,0.8
Chattahoochee,Democrat,Hillary Clinton,182,13.9
Roanoke City,Democrat,Hillary Clinton,4783,8.8
Hernando,Republican,Donald Trump,15479,10.5
Chase,Republican,Donald Trump,476,9.6
Gallatin,Democrat,Bernie Sanders,340,5.4
Honolulu,Democrat,Bernie Sanders,11458,27.8
Warren,Republican,Donald Trump,2722,3.7
Washington,Republican,Donald Trump,11970,7.0
Caldwell,Republican,Donald Trump,284,1.6
Prince William,Democrat,Hillary Clinton,26439,30.2
Fayette,Republican,Donald Trump,2479,0.8
Mecosta,Republican,Donald Trump,2113,4.1
Daviess,Republican,Donald Trump,3894,14.7
Carroll,Republican,Donald Trump,0,13.6
Washakie,Democrat,Hillary Clinton,2,10.4
Dimmit,Democrat,Hillary Clinton,1804,70.8
Lexington,Democrat,Hillary Clinton,402,8.5
Baker,Democrat,Hillary Clinton,303,0.6
Cleburne,Republican,Donald Trump,2120,2.3
Trinity,Republican,Donald Trump,1026,7.2
Dawson,Republican,Donald Trump,1950,32.5
Broome,Democrat,Bernie Sanders,9176,8.9
Yolo,Democrat,Hillary Clinton,12567,34.7
Ballard,Democrat,Bernie Sanders,659,1.8
Miami,Republican,Donald Trump,3286,4.7
Johnson,Democrat,Hillary Clinton,1,2.2
Clear Creek,Democrat,Bernie Sanders,199,4.3
Blaine,Republican,Donald Trump,543,20.5
Candler,Republican,Donald Trump,897,9.4
Sullivan,Democrat,Bernie Sanders,2671,15.1
Merrick,Republican,Donald Trump,775,3.1
Somerset,Republican,Donald Trump,1686,5.5
Tillman,Democrat,Bernie Sanders,346,15.1
Fremont,Republican,Ted Cruz,1434,12.1
Broomfield,Democrat,Bernie Sanders,1010,13.8
Mason,Republican,Donald Trump,1785,4.4
Whiteside,Democrat,Bernie Sanders,3102,6.0
Sheridan,Democrat,Hillary Clinton,7,4.8
Choctaw,Democrat,Hillary Clinton,1772,1.3
Carroll,Democrat,Hillary Clinton,504,2.7
Jefferson,Democrat,Hillary Clinton,1671,7.4
Arapahoe,Democrat,Bernie Sanders,6086,22.1
Ouachita,Democrat,Hillary Clinton,8995,2.6
Morgan,Democrat,Bernie Sanders,988,1.7
Covington,Republican,Donald Trump,1724,1.0
Monona,Republican,Ted Cruz,185,2.6
Sutter,Republican,Donald Trump,4697,37.0
Atoka,Democrat,Bernie Sanders,723,2.9
Dodge,Republican,Donald Trump,2760,10.3
Daviess,Democrat,Bernie Sanders,5188,3.4
Day,Democrat,Hillary Clinton,343,4.6
Antrim,Republican,Donald Trump,1969,2.9
Morgan,Republican,Donald Trump,10235,2.2
Kent,Democrat,Bernie Sanders,43375,11.3
Marion,Republican,Donald Trump,473,9.0
Caddo,Democrat,Bernie Sanders,1543,7.9
Rockcastle,Republican,Donald Trump,743,0.5
Gogebic,Democrat,Bernie Sanders,790,4.0
Calhoun,Republican,Donald Trump,1323,5.3
Knott,Democrat,Bernie Sanders,1114,1.3
Tippah,Republican,Donald Trump,1951,4.6
Blackford,Republican,Donald Trump,1019,1.6
Charleston,Democrat,Hillary Clinton,26535,7.2
McIntosh,Republican,Donald Trump,1078,2.7
Hart,Republican,Donald Trump,1858,2.8
Barton,Republican,Ted Cruz,1560,3.2
Bingham,Republican,Ted Cruz,3471,16.0
Franklin,Republican,Donald Trump,3130,2.2
Escambia,Republican,Donald Trump,2817,1.4
Oakland,Democrat,Hillary Clinton,92296,14.0
Avoyelles,Democrat,Hillary Clinton,1181,12.2
Merced,Democrat,Hillary Clinton,7169,52.5
Yancey,Democrat,Bernie Sanders,1386,4.6
La Plata,Democrat,Bernie Sanders,1466,9.7
Marion,Republican,Ted Cruz,1011,2.9
Green,Democrat,Bernie Sanders,4359,4.9
Los Angeles,Democrat,Hillary Clinton,590502,56.8
Carroll,Democrat,Bernie Sanders,0,13.6
Shelby,Democrat,Hillary Clinton,66465,8.9
Scott,Democrat,Hillary Clinton,2013,9.2
DeSoto,Republican,Ted Cruz,12300,5.3
St. Mary's,Republican,Donald Trump,6576,6.6
Burke,Democrat,Hillary Clinton,1659,3.0
Atkinson,Republican,Donald Trump,619,20.5
Benton,Democrat,Hillary Clinton,557,2.5
Jackson,Democrat,Hillary Clinton,15,7.0
Andrew,Republican,Donald Trump,1457,1.3
Oneida,Republican,Ted Cruz,473,4.4
Washita,Democrat,Bernie Sanders,700,6.0
Flathead,Republican,Donald Trump,10642,3.0
Essex,Democrat,Hillary Clinton,75071,33.8
Schenectady,Democrat,Bernie Sanders,6862,9.9
Seminole,Republican,Donald Trump,25763,18.8
Polk,Republican,Donald Trump,33187,19.2
Van Buren,Republican,Ted Cruz,196,5.2
Jefferson,Democrat,Hillary Clinton,9936,3.1
Madison,Democrat,Hillary Clinton,722,1.3
Tuscaloosa,Democrat,Hillary Clinton,12136,5.8
Latah,Republican,Ted Cruz,2134,6.2
Orleans,Democrat,Hillary Clinton,40601,9.8
DeKalb,Democrat,Hillary Clinton,82348,18.6
Yankton,Democrat,Hillary Clinton,706,6.9
St. Clair,Republican,Donald Trump,11995,3.9
Livingston,Republican,Donald Trump,4918,4.5
Clinton,Democrat,Bernie Sanders,4301,6.1
Taylor,Democrat,Hillary Clinton,949,3.9
Douglas,Democrat,Bernie Sanders,2347,8.8
Saline,Republican,Donald Trump,1417,9.2
Ohio,Democrat,Bernie Sanders,943,2.2
Crawford,Republican,Ted Cruz,226,22.5
Citrus,Republican,Donald Trump,15232,5.9
Payne,Democrat,Bernie Sanders,3829,7.0
Natrona,Democrat,Hillary Clinton,20,5.3
Story,Democrat,Bernie Sanders,2737,9.3
Mills,Republican,Donald Trump,300,2.4
Custer,Republican,Donald Trump,430,2.6
Tallapoosa,Republican,Donald Trump,4658,2.9
Essex,Democrat,Hillary Clinton,642,2.9
Spalding,Republican,Donald Trump,4257,4.9
Elmore,Republican,Donald Trump,8525,3.6
Salt Lake,Democrat,Bernie Sanders,35610,19.7
Nueces,Democrat,Hillary Clinton,15662,40.2
Will,Democrat,Bernie Sanders,46305,19.9
Peach,Democrat,Hillary Clinton,1675,9.5
Marengo,Democrat,Hillary Clinton,3590,1.2
Christian,Republican,Donald Trump,2392,2.1
Logan,Republican,Donald Trump,166,1.1
Monroe,Republican,Donald Trump,805,3.3
Clark,Republican,Donald Trump,10635,5.2
Butler,Republican,Donald Trump,910,4.8
Calhoun,Democrat,Hillary Clinton,1536,2.9
Pemiscot,Republican,Donald Trump,1155,1.6
Taylor,Republican,Donald Trump,1203,5.8
Hart,Democrat,Bernie Sanders,1062,7.0
Pickens,Democrat,Hillary Clinton,2326,2.6
Hamilton,Republican,Donald Trump,35031,9.3
Queen Anne's,Republican,Donald Trump,5195,5.6
Isabella,Democrat,Bernie Sanders,4024,5.5
Grundy,Republican,Ted Cruz,272,2.3
Philadelphia,Democrat,Hillary Clinton,212785,21.5
DeWitt,Republican,Donald Trump,1577,2.0
Sharp,Republican,Donald Trump,1241,3.4
Dickinson,Republican,Donald Trump,1708,2.6
Lanier,Republican,Donald Trump,512,5.5
McLean,Democrat,Bernie Sanders,628,2.1
Bath,Democrat,Bernie Sanders,641,1.3
Wilkinson,Democrat,Hillary Clinton,832,2.1
Lafayette,Democrat,Hillary Clinton,443,1.2
Towns,Republican,Donald Trump,1356,4.1
Menominee,Democrat,Bernie Sanders,355,7.8
Allen,Democrat,Hillary Clinton,536,10.6
Wayne,Republican,Donald Trump,2033,5.6
Fremont,Republican,Donald Trump,182,1.5
Lincoln,Republican,Ted Cruz,276,23.4
Mohave,Republican,Donald Trump,14154,10.9
Kenton,Democrat,Hillary Clinton,5146,4.2
Fleming,Democrat,Bernie Sanders,806,2.8
Huntington,Republican,Donald Trump,4100,2.3
Elliott,Democrat,Bernie Sanders,443,2.1
Perry,Republican,Donald Trump,1561,3.5
Fayette,Democrat,Bernie Sanders,3585,1.9
Chatham,Democrat,Hillary Clinton,19898,8.0
Georgetown,Democrat,Hillary Clinton,4931,3.7
Osage,Republican,Donald Trump,1316,2.2
Camden,Democrat,Hillary Clinton,43720,19.9
Starr,Democrat,Hillary Clinton,6918,95.6
Teller,Democrat,Bernie Sanders,219,5.1
Cleveland,Republican,Ted Cruz,550,0.9
Pierce,Democrat,Bernie Sanders,3199,3.2
Chilton,Republican,Donald Trump,5273,7.4
Harford,Republican,Donald Trump,21771,7.2
Sumter,Democrat,Hillary Clinton,9816,4.8
Carlisle,Democrat,Bernie Sanders,462,1.2
Terrebonne,Republican,Donald Trump,3454,10.2
Adams,Democrat,Hillary Clinton,113,1.2
Siskiyou,Republican,Donald Trump,3573,9.7
Calhoun,Democrat,Hillary Clinton,499,8.5
Calvert,Republican,Donald Trump,6360,4.4
Hood River,Democrat,Bernie Sanders,2527,28.2
Caddo,Democrat,Hillary Clinton,16666,3.9
Gilchrist,Republican,Donald Trump,1860,4.4
Manassas Park,Democrat,Hillary Clinton,581,44.4
Lake,Democrat,Bernie Sanders,165,28.8
Oconee,Republican,Donald Trump,2871,7.4
Carroll,Republican,Donald Trump,1268,4.9
Pitt,Democrat,Hillary Clinton,11856,7.2
Toole,Republican,Donald Trump,863,7.0
Vermillion,Republican,Donald Trump,1748,2.2
Powell,Republican,Donald Trump,818,5.0
Fulton,Republican,Donald Trump,2556,7.5
Pueblo,Democrat,Hillary Clinton,1260,14.6
Sublette,Democrat,Bernie Sanders,3,3.6
Washington,Democrat,Hillary Clinton,601,3.4
Madison,Democrat,Bernie Sanders,4385,3.0
Chesterfield,Democrat,Hillary Clinton,2209,3.5
Green,Republican,Donald Trump,655,1.7
Braxton,Democrat,Bernie Sanders,1321,1.0
Mayes,Democrat,Bernie Sanders,2144,4.0
Beaufort,Democrat,Hillary Clinton,9945,13.9
Orangeburg,Democrat,Hillary Clinton,11819,3.3
Hamilton,Republican,Donald Trump,766,3.8
Staunton,Democrat,Bernie Sanders,1364,4.0
Pulaski,Republican,Donald Trump,2821,1.8
Brewster,Democrat,Bernie Sanders,771,39.0
Greene,Democrat,Hillary Clinton,1643,15.3
Midland,Republican,Ted Cruz,4720,4.9
Hot Springs,Democrat,Bernie Sanders,1,4.2
Mahoning,Democrat,Hillary Clinton,21000,6.7
Hancock,Democrat,Hillary Clinton,1112,2.4
Baldwin,Republican,Donald Trump,23618,5.5
Logan,Republican,Donald Trump,1208,2.6
Prairie,Democrat,Hillary Clinton,558,0.8
Garrett,Republican,Donald Trump,3564,4.6
Mineral,Republican,Donald Trump,638,0.6
Palm Beach,Democrat,Hillary Clinton,103369,28.4
Fulton,Democrat,Hillary Clinton,701,1.5
Monroe,Democrat,Hillary Clinton,843,1.5
Kent,Republican,Donald Trump,8294,8.9
St. John the Baptist,Democrat,Hillary Clinton,3818,7.1
Franklin,Republican,Donald Trump,1997,4.9
Muskogee,Democrat,Bernie Sanders,3515,5.1
Osceola,Republican,Donald Trump,1812,4.5
Alamosa,Democrat,Bernie Sanders,167,22.6
Dent,Republican,Donald Trump,1688,2.2
Hardeman,Democrat,Hillary Clinton,1721,3.4
Porter,Republican,Donald Trump,16194,6.6
Escambia,Republican,Donald Trump,20856,7.9
Lackawanna,Democrat,Hillary Clinton,22971,8.7
Lake,Democrat,Hillary Clinton,49750,27.8
Boone,Republican,Donald Trump,7023,4.4
Albany,Democrat,Bernie Sanders,25,9.7
Morgan,Republican,Donald Trump,10909,8.0
Jasper,Republican,Ted Cruz,928,1.5
Tulare,Republican,Donald Trump,15334,49.2
Bulloch,Republican,Donald Trump,3111,5.0
Warren,Democrat,Hillary Clinton,2827,3.6
Duval,Democrat,Hillary Clinton,58632,13.2
Allendale,Democrat,Hillary Clinton,1022,2.6
Posey,Republican,Donald Trump,3159,2.8
Jackson,Democrat,Bernie Sanders,1845,7.0
Buffalo,Republican,Donald Trump,3748,7.1
Cerro Gordo,Democrat,Bernie Sanders,1108,3.8
Monroe,Democrat,Hillary Clinton,1191,3.2
Brevard,Republican,Donald Trump,45483,10.1
Colfax,Republican,Donald Trump,494,40.6
Crisp,Republican,Donald Trump,1204,4.2
Magoffin,Democrat,Bernie Sanders,626,0.3
Bartow,Republican,Donald Trump,8281,6.9
Bexar,Democrat,Hillary Clinton,76502,42.0
Del Norte,Republican,Donald Trump,1536,15.3
Brooklyn,Democrat,Hillary Clinton,174236,46.3
Nevada,Democrat,Hillary Clinton,647,2.7
Delaware,Democrat,Bernie Sanders,1773,5.8
Jefferson,Republican,Donald Trump,533,3.3
Lawrence,Republican,Donald Trump,1201,1.3
Pulaski,Republican,Donald Trump,436,2.5
Monroe,Democrat,Bernie Sanders,15166,9.9
Val Verde,Democrat,Hillary Clinton,1777,72.2
Ogle,Republican,Ted Cruz,4307,7.2
Rapides,Democrat,Hillary Clinton,4722,5.3
Panola,Democrat,Hillary Clinton,3061,0.5
Radford,Democrat,Bernie Sanders,655,6.7
White,Republican,Ted Cruz,4395,4.3
Kane,Democrat,Bernie Sanders,31085,31.4
Union,Republican,Donald Trump,2691,5.2
Manistee,Democrat,Bernie Sanders,1646,4.1
Warren,Republican,Donald Trump,1321,1.6
Crawford,Republican,Donald Trump,930,2.7
Wolfe,Democrat,Bernie Sanders,499,0.0
Suffolk,Democrat,Hillary Clinton,7533,4.5
Jerauld,Democrat,Hillary Clinton,96,4.8
Barrow,Republican,Donald Trump,4653,12.2
Winston,Republican,Donald Trump,3352,1.8
Jefferson,Republican,Donald Trump,3281,3.2
Teton,Republican,Ted Cruz,465,16.1
Washington,Democrat,Bernie Sanders,41841,23.3
Lumpkin,Republican,Donald Trump,2453,4.5
Duval,Democrat,Hillary Clinton,2272,65.7
Bannock,Republican,Ted Cruz,4404,6.4
Lincoln,Republican,Donald Trump,3073,3.0
Henry,Republican,Donald Trump,5714,2.0
Marion,Democrat,Hillary Clinton,1162,3.5
Monroe,Democrat,Hillary Clinton,37309,12.6
Lee,Democrat,Hillary Clinton,3224,18.3
Newton,Democrat,Hillary Clinton,7269,6.2
Ringgold,Democrat,Hillary Clinton,132,10.0
Hall,Republican,Donald Trump,3818,19.6
Pike,Republican,Donald Trump,1649,0.9
Jefferson,Democrat,Hillary Clinton,1550,0.4
Ralls,Republican,Donald Trump,961,0.9
Chester,Democrat,Hillary Clinton,1962,1.2
Cleveland,Democrat,Hillary Clinton,4880,4.0
Kendall,Democrat,Bernie Sanders,7482,17.3
Greene,Republican,Donald Trump,2103,2.5
Lincoln,Democrat,Hillary Clinton,779,1.0
Gentry,Republican,Donald Trump,435,4.2
Grayson,Republican,Donald Trump,749,1.4
Meade,Democrat,Bernie Sanders,1541,2.9
Bourbon,Democrat,Hillary Clinton,1109,6.3
Caroline,Democrat,Hillary Clinton,1902,4.9
Tishomingo,Republican,Donald Trump,1854,3.7
Polk,Republican,Donald Trump,3360,13.1
Randolph,Republican,Donald Trump,1917,2.6
Pawnee,Republican,Donald Trump,225,9.2
Stark,Republican,Ted Cruz,448,1.6
Woodbury,Democrat,Bernie Sanders,1920,14.7
Randolph,Republican,Donald Trump,1887,1.5
Jefferson,Republican,Ted Cruz,3080,10.2
Clark,Republican,Donald Trump,1484,2.0
Hancock,Republican,Donald Trump,1494,2.2
Mitchell,Democrat,Hillary Clinton,260,5.5
Butler,Republican,Donald Trump,3652,2.6
Douglas,Democrat,Hillary Clinton,9375,11.9
Maricopa,Republican,Donald Trump,144522,26.3
Alpena,Republican,Donald Trump,1885,3.4
Saginaw,Democrat,Hillary Clinton,12348,5.1
Baraga,Republican,Donald Trump,468,5.1
Pike,Republican,Donald Trump,1603,2.4
Adair,Democrat,Hillary Clinton,168,1.1
Swain,Democrat,Bernie Sanders,831,2.3
Camden,Republican,Donald Trump,5467,4.3
Carroll,Democrat,Hillary Clinton,0,13.6
Cass,Republican,Donald Trump,2859,4.5
Guthrie,Democrat,Hillary Clinton,220,2.1
Blount,Republican,Donald Trump,7390,7.3
Moffat,Democrat,Bernie Sanders,28,10.5
Columbia,Democrat,Bernie Sanders,6455,4.4
Mingo,Democrat,Bernie Sanders,2425,1.3
Effingham,Republican,Donald Trump,3648,4.5
Boone,Democrat,Bernie Sanders,15076,8.3
Greer,Democrat,Bernie Sanders,332,7.4
Craig,Democrat,Bernie Sanders,926,2.7
Newton,Republican,Donald Trump,1814,3.0
Columbia,Republican,Donald Trump,9177,9.5
Franklin,Republican,Donald Trump,1229,1.8
Kent,Democrat,Hillary Clinton,1460,5.6
Cheyenne,Republican,Donald Trump,1130,5.1
Kalkaska,Republican,Donald Trump,1724,1.7
St. Francois,Republican,Donald Trump,4061,2.0
Martin,Republican,Donald Trump,586,2.9
Wapello,Democrat,Hillary Clinton,817,10.5
Darlington,Democrat,Hillary Clinton,4988,2.6
Cherokee,Republican,Donald Trump,18460,12.4
Weld,Democrat,Bernie Sanders,1647,18.5
DuPage,Democrat,Bernie Sanders,65159,26.3
New Madrid,Republican,Donald Trump,1376,1.5
Ontonagon,Republican,Donald Trump,519,5.0
Dallas,Democrat,Hillary Clinton,113574,40.6
Hillsborough,Democrat,Hillary Clinton,68936,26.4
Montgomery,Democrat,Bernie Sanders,5090,11.0
Amite,Democrat,Hillary Clinton,1212,1.3
Fresno,Republican,Donald Trump,37672,43.7
Gilmer,Democrat,Bernie Sanders,643,6.0
Worcester,Republican,Donald Trump,5808,6.7
Yuma,Republican,Donald Trump,4390,51.2
Madison,Democrat,Hillary Clinton,1085,4.7
Jasper,Republican,Donald Trump,3903,5.3
Wheatland,Republican,Donald Trump,380,18.5
Summit,Democrat,Bernie Sanders,1645,12.8
Shelby,Republican,Ted Cruz,2069,1.5
Taney,Republican,Donald Trump,5086,6.2
Paulding,Republican,Donald Trump,10002,6.4
Buena Vista,Republican,Ted Cruz,309,29.5
Hot Springs,Democrat,Hillary Clinton,1,4.2
Hardee,Republican,Donald Trump,1113,40.7
Yavapai,Republican,Donald Trump,17005,10.4
Buffalo,Democrat,Hillary Clinton,110,4.0
Rockdale,Democrat,Hillary Clinton,7930,11.3
Roosevelt,Republican,Donald Trump,712,3.1
Clay,Republican,Donald Trump,3615,1.5
Washington,Democrat,Hillary Clinton,2982,3.3
Cumberland,Democrat,Hillary Clinton,6875,25.3
Livingston,Republican,Ted Cruz,3235,3.8
Dickinson,Democrat,Bernie Sanders,358,1.9
San Miguel,Democrat,Hillary Clinton,3418,55.7
Ventura,Democrat,Hillary Clinton,45848,37.8
Contra Costa,Democrat,Hillary Clinton,69809,33.3
Putnam,Republican,Donald Trump,4087,3.6
Adams,Democrat,Hillary Clinton,3013,5.0
Wayne,Democrat,Hillary Clinton,163886,12.6
Jersey,Republican,Donald Trump,1902,1.6
Ingham,Democrat,Bernie Sanders,22909,11.8
Jefferson,Democrat,Hillary Clinton,1519,2.2
Miller,Republican,Donald Trump,2482,2.0
Clayton,Democrat,Hillary Clinton,25130,20.5
Trumbull,Democrat,Hillary Clinton,17903,5.0
Hendricks,Republican,Donald Trump,18555,5.7
Franklin City,Democrat,Hillary Clinton,831,2.3
Henry,Democrat,Bernie Sanders,958,3.3
Florence,Democrat,Hillary Clinton,9411,3.7
Troup,Republican,Donald Trump,4140,5.9
Crawford,Democrat,Bernie Sanders,1582,2.9
Madison,Republican,Donald Trump,2280,12.3
Allegheny,Democrat,Hillary Clinton,122399,6.9
Washington,Democrat,Hillary Clinton,1511,1.9
St. Bernard,Democrat,Hillary Clinton,1057,7.7
Coweta,Republican,Donald Trump,9593,8.5
Sumter,Republican,Donald Trump,17769,7.4
McDowell,Democrat,Bernie Sanders,1453,1.0
Bullock,Democrat,Hillary Clinton,2451,5.2
Knox,Democrat,Bernie Sanders,3168,4.9
Howard,Democrat,Hillary Clinton,30873,22.5
Leelanau,Democrat,Bernie Sanders,2359,5.3
Boone,Democrat,Hillary Clinton,2932,6.3
Madison,Republican,Donald Trump,7540,5.8
Tallahatchie,Democrat,Hillary Clinton,1341,10.6
Cedar,Republican,Ted Cruz,1404,3.2
Rockland,Democrat,Hillary Clinton,16966,37.3
Milwaukee,Democrat,Hillary Clinton,100932,16.1
Amador,Republican,Donald Trump,3605,9.6
Franklin,Republican,Donald Trump,9080,2.3
Jackson,Republican,Donald Trump,9934,6.4
Petersburg,Democrat,Hillary Clinton,4099,5.0
Dallas,Republican,Marco Rubio,2469,8.6
Faulkner,Republican,Ted Cruz,6228,4.8
Lafayette,Republican,Donald Trump,2521,4.6
Charlton,Republican,Donald Trump,602,7.4
Carter,Democrat,Bernie Sanders,1051,0.6
Monroe,Republican,Donald Trump,3272,3.2
Wayne,Republican,Donald Trump,2075,2.3
Echols,Republican,Donald Trump,268,23.2
Richland,Republican,Donald Trump,1469,3.7
Hampton,Democrat,Hillary Clinton,13529,7.3
Manhattan,Democrat,Hillary Clinton,177496,40.4
Trimble,Democrat,Bernie Sanders,542,4.9
Sunflower,Democrat,Hillary Clinton,2332,2.4
Marion,Republican,Ted Cruz,2263,2.5
Lee,Republican,Donald Trump,3057,5.4
Monroe,Republican,Donald Trump,6030,22.9
Daviess,Republican,Donald Trump,634,9.3
Cameron,Republican,Donald Trump,216,7.6
Jefferson,Democrat,Hillary Clinton,16580,20.0
El Dorado,Republican,Donald Trump,17651,12.5
Lafayette,Republican,Donald Trump,7171,15.0
Hardin,Democrat,Hillary Clinton,4359,7.6
Jackson,Democrat,Hillary Clinton,48860,8.8
Crawford,Republican,Donald Trump,1108,1.6
Union,Republican,Donald Trump,875,1.8
Montcalm,Republican,Donald Trump,3051,3.4
San Mateo,Democrat,Hillary Clinton,47358,46.0
Payette,Republican,Ted Cruz,1364,11.0
Wilcox,Democrat,Hillary Clinton,3337,0.9
Grenada,Republican,Donald Trump,1727,0.9
Prince Edward,Democrat,Hillary Clinton,1366,6.0
Grant,Republican,Donald Trump,162,0.0
Dakota,Republican,Donald Trump,819,36.4
Harris,Republican,Donald Trump,2542,4.5
Wayne,Republican,Ted Cruz,171,2.4
Williamsburg,Democrat,Bernie Sanders,1197,10.3
Banks,Republican,Donald Trump,1806,4.6
Pontotoc,Republican,Ted Cruz,2498,5.1
Nottoway,Democrat,Hillary Clinton,829,4.9
Harrison,Republican,Donald Trump,12555,6.7
Glacier,Democrat,Bernie Sanders,1074,10.7
Union,Republican,Donald Trump,719,4.9
Marlboro,Democrat,Hillary Clinton,2132,3.0
Bladen,Democrat,Hillary Clinton,3442,6.4
Ziebach,Democrat,Bernie Sanders,132,23.4
Jeff Davis,Democrat,Hillary Clinton,738,11.5
Lauderdale,Republican,Donald Trump,7502,3.0
Laurens,Republican,Donald Trump,3088,3.3
Cass,Republican,Donald Trump,680,16.9
Montgomery,Republican,Donald Trump,1192,1.3
Halifax,Democrat,Hillary Clinton,6224,2.6
Montgomery,Democrat,Bernie Sanders,192,3.2
Dona Ana,Democrat,Hillary Clinton,9097,51.0
Montgomery,Republican,Donald Trump,4412,4.6
Lincoln,Republican,Donald Trump,742,1.6
Cobb,Democrat,Hillary Clinton,39277,20.3
Lee,Democrat,Hillary Clinton,929,2.7
Cecil,Republican,Donald Trump,7348,6.1
Fredericksburg,Democrat,Hillary Clinton,1396,11.8
Cochise,Republican,Donald Trump,6339,27.4
Dougherty,Democrat,Hillary Clinton,8891,3.7
Harrison,Democrat,Bernie Sanders,1059,3.5
Madison,Democrat,Hillary Clinton,4351,4.5
Dewey,Democrat,Bernie Sanders,342,13.0
Nassau,Democrat,Hillary Clinton,70947,27.9
Antelope,Republican,Donald Trump,772,3.5
DeKalb,Democrat,Bernie Sanders,8315,11.8
Danville,Democrat,Hillary Clinton,2676,4.9
Ada,Republican,Ted Cruz,20156,8.4
Harlan,Democrat,Bernie Sanders,1092,1.4
Zavala,Democrat,Hillary Clinton,1557,79.3
Park,Republican,Donald Trump,1901,4.0
Sampson,Democrat,Hillary Clinton,3790,15.7
Brunswick,Democrat,Hillary Clinton,1354,3.0
Tipton,Republican,Donald Trump,2269,3.2
Moody,Democrat,Hillary Clinton,262,8.1
Lee,Republican,Donald Trump,273,1.0
Power,Republican,Ted Cruz,421,26.9
Jackson,Democrat,Hillary Clinton,450,2.3
Kenedy,Democrat,Hillary Clinton,63,30.5
Clackamas,Democrat,Bernie Sanders,27969,11.8
Cherry,Republican,Donald Trump,1220,2.8
Coosa,Republican,Donald Trump,1233,3.3
Morrill,Republican,Donald Trump,695,9.8
Hall,Republican,Donald Trump,12536,26.2
Dubois,Republican,Donald Trump,4692,7.9
St. Charles,Democrat,Hillary Clinton,2245,5.9
Sabine,Republican,Ted Cruz,728,2.9
Wayne,Republican,Donald Trump,1735,2.0
Denver,Democrat,Bernie Sanders,14624,26.9
Fremont,Democrat,Hillary Clinton,10,7.3
Nassau,Republican,Donald Trump,9192,3.7
Jeff Davis,Democrat,Hillary Clinton,1806,1.2
Bertie,Democrat,Hillary Clinton,2065,2.1
Murray,Republican,Donald Trump,3084,13.1
Frederick,Republican,Donald Trump,15076,12.3
Door,Democrat,Bernie Sanders,3417,4.3
Lincoln,Democrat,Hillary Clinton,1692,4.2
Johnson,Republican,Donald Trump,326,9.2
Benton,Democrat,Bernie Sanders,11567,12.0
Warren,Republican,Donald Trump,1018,10.0
Kershaw,Democrat,Hillary Clinton,3743,4.6
Richland,Democrat,Hillary Clinton,39243,7.7
Yalobusha,Democrat,Hillary Clinton,1214,0.9
Dolores,Democrat,Bernie Sanders,22,2.1
Decatur,Republican,Donald Trump,1525,4.0
Cortland,Democrat,Bernie Sanders,1878,4.4
Rosebud,Republican,Donald Trump,959,8.4
Centre,Democrat,Bernie Sanders,10269,9.6
Sonoma,Democrat,Hillary Clinton,44923,25.5
Calhoun,Democrat,Hillary Clinton,413,0.3
LaSalle,Republican,Donald Trump,6950,6.4
Stephens,Republican,Donald Trump,1726,2.9
Humphreys,Democrat,Hillary Clinton,2894,0.8
Edgar,Republican,Donald Trump,1562,1.8
Meriwether,Democrat,Hillary Clinton,1463,1.7
Dorchester,Republican,Donald Trump,2744,5.3
Heard,Republican,Donald Trump,1068,0.4
Chesapeake,Democrat,Hillary Clinton,16126,7.4
Hayes,Republican,Donald Trump,103,4.3
Lane,Democrat,Bernie Sanders,41883,8.9
Washington,Republican,Ted Cruz,783,14.1
Floyd,Republican,Donald Trump,5945,9.7
Marion,Democrat,Hillary Clinton,3359,3.2
Muscogee,Democrat,Hillary Clinton,12801,9.1
Morgan,Republican,Donald Trump,1656,2.1
Ionia,Democrat,Bernie Sanders,2812,3.7
Seminole,Republican,Donald Trump,754,1.6
Menifee,Democrat,Bernie Sanders,323,3.1
Gooding,Republican,Ted Cruz,863,20.5
Colusa,Republican,Donald Trump,1342,46.3
Brown,Republican,Donald Trump,2202,3.4
Jerome,Republican,Ted Cruz,1164,24.4
Boone,Democrat,Bernie Sanders,715,2.9
Linn,Democrat,Bernie Sanders,6331,4.7
Wheeler,Republican,Donald Trump,283,1.1
Willacy,Democrat,Hillary Clinton,2072,45.4
Hale,Democrat,Hillary Clinton,2426,2.7
Perry,Democrat,Bernie Sanders,1666,1.1
Sandoval,Democrat,Hillary Clinton,7448,28.9
Tazewell,Republican,Ted Cruz,12085,2.9
Dooly,Democrat,Hillary Clinton,737,4.9
Decatur,Republican,Ted Cruz,173,5.9
Grady,Republican,Donald Trump,1422,8.6
Barry,Republican,Donald Trump,3478,2.4
Powder River,Republican,Donald Trump,516,1.8
Knox,Republican,Donald Trump,4918,2.1
Crittenden,Democrat,Bernie Sanders,344,7.6
Lincoln,Democrat,Hillary Clinton,3,4.3
Delaware,Republican,Donald Trump,8793,2.9
Franklin,Democrat,Hillary Clinton,226,10.1
Muskegon,Democrat,Bernie Sanders,10062,4.2
Shelby,Democrat,Bernie Sanders,232,2.8
Adams,Republican,Ted Cruz,3851,16.8
Bamberg,Democrat,Hillary Clinton,1715,1.8
Pope,Republican,Donald Trump,3073,6.9
Travis,Democrat,Bernie Sanders,73889,31.3
Montezuma,Democrat,Bernie Sanders,412,13.4
Pitkin,Democrat,Bernie Sanders,421,16.5
Fluvanna,Democrat,Hillary Clinton,1355,3.8
Madison,Democrat,Bernie Sanders,2044,3.1
Miami-Dade,Democrat,Hillary Clinton,129467,72.2
Mesa,Democrat,Bernie Sanders,1095,8.2
Morgan,Republican,Donald Trump,2378,3.0
Vermilion,Republican,Donald Trump,5021,4.7
Cheboygan,Republican,Donald Trump,2089,2.1
Aurora,Democrat,Hillary Clinton,150,6.3
Greenwood,Democrat,Hillary Clinton,3588,6.3
Dade,Republican,Ted Cruz,997,2.1
Onondaga,Democrat,Hillary Clinton,20397,10.2
Chambers,Democrat,Hillary Clinton,2899,1.3
Burt,Republican,Donald Trump,603,2.4
Fayette,Democrat,Hillary Clinton,9184,2.6
Bossier,Republican,Ted Cruz,4988,6.6
Hancock,Republican,Donald Trump,4147,5.2
Roscommon,Republican,Donald Trump,2257,2.5
Oglala Lakota,Democrat,Bernie Sanders,574,24.4
Weston,Democrat,Hillary Clinton,1,1.7
Big Horn,Republican,Donald Trump,1087,29.9
Forrest,Republican,Donald Trump,4267,4.2
Buchanan,Democrat,Hillary Clinton,525,6.0
East Feliciana,Democrat,Hillary Clinton,1847,1.8
Garrard,Republican,Donald Trump,581,2.5
Otsego,Republican,Donald Trump,1933,2.2
Missaukee,Republican,Donald Trump,1221,3.3
Mercer,Republican,Ted Cruz,1073,2.1
Jefferson,Democrat,Hillary Clinton,67357,5.9
Fayette,Republican,Donald Trump,8055,11.6
Carter,Republican,Donald Trump,349,2.4
Jones,Republican,Donald Trump,2318,2.4
Summers,Democrat,Bernie Sanders,1060,3.6
Socorro,Democrat,Hillary Clinton,1050,44.8
Moultrie,Republican,Ted Cruz,1321,9.6
Norfolk,Democrat,Hillary Clinton,15747,9.6
Knox,Republican,Donald Trump,343,3.7
Geneva,Republican,Donald Trump,3106,3.0
Clay,Democrat,Hillary Clinton,960,1.9
Breathitt,Democrat,Bernie Sanders,1716,1.7
Campbell,Democrat,Hillary Clinton,3169,3.9
Williamsburg,Democrat,Hillary Clinton,4609,2.6
Osceola,Republican,Ted Cruz,113,6.4
Ulster,Democrat,Bernie Sanders,11572,11.9
Jefferson,Republican,Donald Trump,1648,1.8
McDonald,Republican,Donald Trump,1580,13.1
Carter,Democrat,Bernie Sanders,2113,5.4
Jim Wells,Democrat,Hillary Clinton,4688,50.2
Vermilion,Republican,Donald Trump,1460,20.1
Hertford,Democrat,Hillary Clinton,2926,5.7
Union,Republican,Donald Trump,1332,6.0
Lewis,Republican,Donald Trump,522,2.0
Claiborne,Democrat,Hillary Clinton,768,3.2
Knox,Republican,Donald Trump,1285,1.4
Breckinridge,Democrat,Hillary Clinton,877,2.8
Buncombe,Democrat,Bernie Sanders,30913,7.4
Sanilac,Republican,Donald Trump,3279,3.7
Buchanan,Republican,Donald Trump,4691,5.5
Winchester,Democrat,Hillary Clinton,949,17.7
Webster,Democrat,Bernie Sanders,1169,5.0
Haralson,Republican,Donald Trump,2818,1.7
Person,Democrat,Hillary Clinton,2954,4.4
Coconino,Democrat,Bernie Sanders,6941,23.5
Madison,Republican,Donald Trump,916,4.3
Okmulgee,Democrat,Bernie Sanders,1882,3.1
Owyhee,Republican,Ted Cruz,717,21.2
Forsyth,Republican,Donald Trump,15698,18.1
Boulder,Democrat,Bernie Sanders,11142,16.5
Muscatine,Democrat,Bernie Sanders,972,14.4
Clarke,Democrat,Hillary Clinton,3148,1.3
Livingston,Republican,Donald Trump,1191,2.0
Madison,Democrat,Hillary Clinton,1542,6.9
Clarke,Democrat,Hillary Clinton,7089,13.5
Crawford,Republican,Donald Trump,1508,3.0
Jefferson,Republican,Donald Trump,17781,3.2
Berrien,Republican,Donald Trump,7817,7.8
Custer,Democrat,Bernie Sanders,45,5.9
Caswell,Democrat,Hillary Clinton,1701,3.2
Los Alamos,Democrat,Hillary Clinton,1424,16.4
Trigg,Democrat,Bernie Sanders,715,6.7
Hamilton,Democrat,Hillary Clinton,353,6.0
Cedar,Democrat,Bernie Sanders,445,2.9
Grundy,Republican,Donald Trump,978,4.4
Lee,Republican,Donald Trump,51659,21.2
Tama,Democrat,Hillary Clinton,476,10.5
Karnes,Democrat,Hillary Clinton,719,34.7
Cleburne,Republican,Donald Trump,2530,2.9
Perry,Democrat,Hillary Clinton,2575,0.8
Calhoun,Democrat,Bernie Sanders,200,1.9
Knox,Republican,Donald Trump,642,3.5
Conecuh,Democrat,Hillary Clinton,2031,2.2
Nash,Democrat,Hillary Clinton,8554,6.9
Randolph,Republican,Donald Trump,735,1.6
Cross,Republican,Donald Trump,972,1.2
Erie,Democrat,Hillary Clinton,50199,10.0
Arlington,Democrat,Hillary Clinton,25561,29.0
Desha,Democrat,Hillary Clinton,1342,4.1
Jackson,Republican,Donald Trump,5362,7.1
Talbot,Democrat,Hillary Clinton,852,2.8
Vernon,Republican,Donald Trump,1530,3.2
Webster,Democrat,Hillary Clinton,866,3.3
Huerfano,Democrat,Bernie Sanders,150,14.9
Virginia Beach,Democrat,Hillary Clinton,22352,11.7
Webster,Democrat,Hillary Clinton,1878,2.0
Hempstead,Republican,Ted Cruz,917,10.3
Prentiss,Republican,Donald Trump,1597,1.4
Newton,Republican,Ted Cruz,6452,6.8
Chattooga,Republican,Donald Trump,1674,4.6
Smith,Republican,Donald Trump,1820,1.5
Boyd,Republican,Donald Trump,327,1.8
Hopewell,Democrat,Hillary Clinton,1177,6.1
Colleton,Democrat,Hillary Clinton,2932,3.3
Canyon,Republican,Ted Cruz,11164,18.1
Wilcox,Republican,Donald Trump,602,4.2
La Paz,Republican,Donald Trump,940,18.8
Alcorn,Republican,Donald Trump,2901,2.9
Beauregard,Republican,Ted Cruz,1363,4.3
Wetzel,Democrat,Bernie Sanders,1744,1.2
Clay,Republican,Donald Trump,702,7.7
Starke,Republican,Donald Trump,2456,3.2
Bracken,Democrat,Bernie Sanders,424,1.4
St. Helena,Democrat,Hillary Clinton,1407,2.4
Wright,Republican,Donald Trump,1874,2.5
Rowan,Democrat,Bernie Sanders,1363,2.1
Cass,Republican,Ted Cruz,7671,3.5
Butler,Democrat,Hillary Clinton,2196,1.7
Oregon,Republican,Donald Trump,941,1.5
Crook,Democrat,Bernie Sanders,1,1.3
Sevier,Republican,Donald Trump,593,28.6
Loup,Republican,Donald Trump,101,0.5
Teton,Democrat,Bernie Sanders,9,15.1
Pike,Republican,Donald Trump,1930,1.8
Telfair,Republican,Donald Trump,626,12.3
Gilmer,Republican,Donald Trump,3314,9.0
Brookings,Democrat,Hillary Clinton,955,6.6
Union,Democrat,Hillary Clinton,2548,4.0
Dearborn,Republican,Donald Trump,6617,2.2
Randolph,Republican,Donald Trump,2352,3.4
Presidio,Democrat,Hillary Clinton,776,87.1
Jefferson,Democrat,Bernie Sanders,347,6.2
Clay,Republican,Ted Cruz,13559,7.5
Multnomah,Democrat,Bernie Sanders,87247,19.6
Chatham,Democrat,Hillary Clinton,7406,14.9
Greene,Republican,Ted Cruz,26784,5.1
McDonough,Republican,Donald Trump,1599,5.9
Boyle,Democrat,Hillary Clinton,1648,4.0
Greensville,Democrat,Hillary Clinton,832,3.1
Maverick,Democrat,Hillary Clinton,4342,94.2
Sebastian,Republican,Donald Trump,6030,14.5
Livingston,Republican,Donald Trump,15359,3.8
Lemhi,Republican,Donald Trump,757,2.8
DeKalb,Republican,Donald Trump,4203,2.8
Independence,Republican,Donald Trump,2077,4.3
Newberry,Democrat,Hillary Clinton,2118,7.7
LeFlore,Democrat,Bernie Sanders,2283,6.0
Dunklin,Republican,Donald Trump,1781,4.9
Forsyth,Democrat,Hillary Clinton,24446,14.1
Monterey,Democrat,Hillary Clinton,17126,52.6
Jefferson,Republican,Donald Trump,3077,3.4
Holt,Republican,Donald Trump,504,1.6
Fayette,Democrat,Hillary Clinton,20014,11.9
Keith,Republican,Donald Trump,1253,3.1
Marion,Republican,Donald Trump,2454,1.4
Colbert,Democrat,Hillary Clinton,3879,2.6
Macon,Republican,Donald Trump,6655,3.4
Sac,Republican,Donald Trump,212,2.8
Laramie,Democrat,Hillary Clinton,26,6.8
Evans,Republican,Donald Trump,481,12.5
Newton,Republican,Donald Trump,1794,4.4
Grant,Democrat,Hillary Clinton,2272,31.8
Henry,Republican,Donald Trump,1778,5.0
Scotland,Democrat,Hillary Clinton,2671,3.2
Claiborne,Democrat,Hillary Clinton,1411,1.5
Kings,Republican,Donald Trump,7046,42.8
Hidalgo,Democrat,Hillary Clinton,515,37.1
Houston,Republican,Donald Trump,7091,8.5
Scott,Democrat,Hillary Clinton,2505,4.7
DeSoto,Republican,Donald Trump,1445,29.2
Tompkins,Democrat,Bernie Sanders,9298,14.7
Pinal,Republican,Donald Trump,12182,21.9
Franklin,Democrat,Bernie Sanders,5398,5.0
Seminole,Democrat,Bernie Sanders,1194,4.9
Christian,Democrat,Hillary Clinton,2437,6.6
Hamilton,Republican,Donald Trump,1030,2.5
Gallatin,Democrat,Bernie Sanders,663,0.4
Marshall,Democrat,Hillary Clinton,287,3.5
Minnehaha,Democrat,Hillary Clinton,6018,9.9
East Baton Rouge,Democrat,Hillary Clinton,32960,8.0
Ray,Republican,Donald Trump,1565,1.9
Clayton,Democrat,Bernie Sanders,408,3.4
Scott,Republican,Donald Trump,510,1.1
Pettis,Republican,Donald Trump,3343,12.2
Vernon,Democrat,Bernie Sanders,3476,11.4
Hyde,Democrat,Hillary Clinton,459,5.3
Nelson,Democrat,Hillary Clinton,2395,2.8
Scotland,Republican,Donald Trump,395,9.9
Ouachita,Democrat,Hillary Clinton,2095,1.6
Grant,Democrat,Bernie Sanders,715,2.9
Worth,Democrat,Bernie Sanders,218,2.7
Gates,Democrat,Hillary Clinton,749,1.5
Keweenaw,Democrat,Bernie Sanders,188,2.2
Montmorency,Republican,Donald Trump,1046,2.4
Montgomery,Democrat,Bernie Sanders,1322,1.7
Eagle,Democrat,Bernie Sanders,623,29.6
Webster,Republican,Donald Trump,191,2.0
Mason,Democrat,Bernie Sanders,775,3.3
Benton,Republican,Donald Trump,1175,4.7
Henderson,Democrat,Hillary Clinton,2887,3.1
Deuel,Democrat,Hillary Clinton,162,3.5
Pasco,Republican,Donald Trump,33536,13.9
Fulton,Democrat,Hillary Clinton,82576,16.7
LaSalle,Republican,Donald Trump,577,3.1
Wasco,Democrat,Bernie Sanders,1795,15.3
Miller,Republican,Donald Trump,555,1.1
Issaquena,Democrat,Hillary Clinton,175,0.1
Montgomery,Republican,Donald Trump,712,5.2
Kiowa,Democrat,Bernie Sanders,514,6.3
Santa Clara,Democrat,Hillary Clinton,109963,51.2
Jackson,Republican,Donald Trump,582,0.7
Winnebago,Democrat,Bernie Sanders,16715,12.4
Orange,Republican,Donald Trump,2574,1.6
Butte,Republican,Donald Trump,15695,13.6
McCormick,Democrat,Hillary Clinton,973,2.9
Oglethorpe,Republican,Donald Trump,1230,3.0
Tattnall,Republican,Donald Trump,1089,11.3
Arthur,Republican,Donald Trump,68,2.4
Limestone,Republican,Donald Trump,8198,6.4
Wayne,Democrat,Hillary Clinton,7546,10.9
San Juan,Democrat,Bernie Sanders,27,5.6
Abbeville,Democrat,Hillary Clinton,1501,2.3
Warren,Democrat,Hillary Clinton,3463,3.1
Apache,Democrat,Hillary Clinton,4450,57.0
Hoke,Democrat,Hillary Clinton,3528,12.7
Uvalde,Democrat,Hillary Clinton,1740,53.4
Alameda,Democrat,Hillary Clinton,107102,43.1
Phillips,Democrat,Hillary Clinton,2696,1.9
Garfield,Republican,Donald Trump,357,1.3
Ouray,Democrat,Bernie Sanders,156,6.4
Douglas,Republican,Donald Trump,1657,1.7
Highlands,Republican,Donald Trump,7480,18.9
Durham,Democrat,Hillary Clinton,35845,19.4
Hardin,Republican,Ted Cruz,417,4.0
Washington,Republican,Donald Trump,3156,2.3
Hampton,Democrat,Hillary Clinton,1930,4.3
Appanoose,Republican,Donald Trump,292,2.3
Adams,Democrat,Bernie Sanders,3279,28.4
Chariton,Republican,Donald Trump,597,0.9
Cherokee,Republican,Donald Trump,2777,1.1
Holmes,Republican,Donald Trump,1239,3.8
Ford,Republican,Ted Cruz,1281,2.3
Pontotoc,Democrat,Bernie Sanders,2392,4.1
Lyon,Democrat,Bernie Sanders,561,2.6
Lafayette,Republican,Donald Trump,2518,2.3
Pawnee,Democrat,Bernie Sanders,762,2.7
Harrison,Republican,Donald Trump,755,2.5
Yellowstone,Republican,Donald Trump,17925,4.0
Shasta,Republican,Donald Trump,14822,8.7
Northampton,Democrat,Hillary Clinton,868,7.8
Garfield,Democrat,Bernie Sanders,734,24.8
Culberson,Democrat,Hillary Clinton,355,64.0
Taliaferro,Democrat,Hillary Clinton,236,2.6
Upson,Republican,Donald Trump,1910,2.6
Suwannee,Republican,Donald Trump,2844,8.1
Montgomery,Republican,Donald Trump,2269,2.7
Okaloosa,Republican,Donald Trump,17770,9.6
Barnwell,Democrat,Hillary Clinton,1560,2.5
Prowers,Democrat,Hillary Clinton,40,26.1
Vigo,Republican,Donald Trump,8539,5.6
Lenawee,Republican,Donald Trump,5167,4.8
Marion,Republican,Donald Trump,2760,2.5
Fountain,Republican,Donald Trump,2742,2.8
Winnebago,Democrat,Bernie Sanders,17818,5.4
Tyrrell,Democrat,Hillary Clinton,266,12.0
Chowan,Democrat,Hillary Clinton,974,4.1
Dodge,Republican,Donald Trump,1360,4.3
New Castle,Democrat,Hillary Clinton,38580,14.6
Fairfield,Democrat,Hillary Clinton,3260,3.4
Carroll,Republican,John Kasich,0,13.6
Ogemaw,Republican,Donald Trump,1612,2.2
Baldwin,Democrat,Hillary Clinton,3034,3.7
Oceana,Republican,Ted Cruz,1698,11.5
Lamar,Republican,Donald Trump,1398,2.6
San Luis Obispo,Republican,Donald Trump,19313,18.0
Metcalfe,Democrat,Bernie Sanders,582,1.1
Mississippi,Democrat,Hillary Clinton,2017,4.2
Perry,Republican,Donald Trump,676,0.7
Greene,Republican,Donald Trump,1088,2.6
Grand,Democrat,Bernie Sanders,187,9.6
Lincoln,Democrat,Hillary Clinton,599,3.3
Van Buren,Republican,Donald Trump,1198,2.8
Lincoln,Democrat,Hillary Clinton,20,10.9
Liberty,Democrat,Bernie Sanders,392,8.1
Platte,Democrat,Bernie Sanders,2,3.5
Woodford,Democrat,Bernie Sanders,1918,8.5
San Benito,Democrat,Hillary Clinton,2022,38.6
Lucas,Republican,Ted Cruz,213,10.2
Oktibbeha,Democrat,Hillary Clinton,2389,5.5
Putnam,Republican,Donald Trump,565,1.9
Washington,Democrat,Hillary Clinton,1374,2.4
Boone,Democrat,Bernie Sanders,2410,0.5
Campbell,Democrat,Bernie Sanders,12,6.3
Howard,Republican,Donald Trump,559,12.4
Greene,Democrat,Hillary Clinton,2714,1.4
LaClede,Republican,Donald Trump,3493,2.5
Johnson,Republican,Donald Trump,1075,1.1
Lowndes,Republican,Donald Trump,5194,5.7
Warren,Democrat,Hillary Clinton,1217,2.2
Minidoka,Republican,Ted Cruz,1163,27.6
Stone,Republican,Donald Trump,993,1.3
Lewis and Clark,Republican,Donald Trump,6194,3.6
Scott,Republican,Donald Trump,1929,2.0
Calcasieu,Democrat,Hillary Clinton,6594,7.5
West Feliciana,Democrat,Hillary Clinton,902,2.4
Jasper,Democrat,Hillary Clinton,927,2.7
Archuleta,Democrat,Bernie Sanders,156,10.7
Polk,Republican,Donald Trump,1895,4.7
Holmes,Democrat,Hillary Clinton,3301,0.6
Yell,Republican,Donald Trump,911,19.1
Charles,Democrat,Hillary Clinton,15132,7.2
Baltimore,Democrat,Hillary Clinton,73099,13.1
West Baton Rouge,Democrat,Hillary Clinton,2178,4.1
Warrick,Republican,Donald Trump,7450,3.6
Jefferson,Democrat,Bernie Sanders,8281,10.3
Cooper,Republican,Ted Cruz,1369,3.2
Delta,Democrat,Bernie Sanders,417,9.8
Jackson,Republican,Donald Trump,8113,3.5
Bronx,Democrat,Hillary Clinton,95772,57.1
Catahoula,Democrat,Hillary Clinton,431,2.0
Greeley,Republican,Donald Trump,125,0.7
St. James,Democrat,Hillary Clinton,2114,4.4
Mercer,Republican,Donald Trump,455,7.6
Pike,Republican,Donald Trump,2493,5.8
Covington,Republican,Donald Trump,4608,2.1
Wells,Republican,Ted Cruz,3826,3.2
Shelby,Democrat,Hillary Clinton,2195,8.9
Glascock,Republican,Donald Trump,405,1.3
Lunenburg,Democrat,Hillary Clinton,738,4.7
Effingham,Republican,Ted Cruz,3448,2.2
Putnam,Democrat,Bernie Sanders,504,4.5
Fremont,Democrat,Bernie Sanders,268,11.0
Washington,Republican,Ted Cruz,542,8.7
Lonoke,Republican,Ted Cruz,4028,2.5
Martinsville,Democrat,Hillary Clinton,834,5.2
Prince George's,Democrat,Hillary Clinton,113912,20.8
Todd,Democrat,Bernie Sanders,507,8.9
Passaic,Democrat,Hillary Clinton,29538,47.7
Powell,Democrat,Bernie Sanders,744,1.3
Crook,Democrat,Hillary Clinton,1,1.3
Fairfax City,Democrat,Hillary Clinton,1840,31.8
Washington,Democrat,Hillary Clinton,1663,4.3
Gilpin,Democrat,Bernie Sanders,173,4.3
Owen,Democrat,Bernie Sanders,720,0.9
Custer,Republican,Donald Trump,1306,2.2
Fremont,Democrat,Bernie Sanders,10,7.3
Peoria,Democrat,Hillary Clinton,11341,7.4
Rankin,Republican,Donald Trump,13729,4.2
Iberville,Democrat,Hillary Clinton,3699,3.8
Rabun,Republican,Donald Trump,1732,9.5
Chouteau,Republican,Donald Trump,865,2.6
Macoupin,Democrat,Bernie Sanders,3552,2.3
Comanche,Democrat,Bernie Sanders,3804,11.5
Barbour,Democrat,Hillary Clinton,2567,5.0
Twin Falls,Republican,Ted Cruz,4717,14.4
Nemaha,Republican,Donald Trump,472,2.8
Nance,Republican,Donald Trump,310,2.0
Hillsdale,Republican,Donald Trump,3060,4.9
Tunica,Democrat,Hillary Clinton,904,4.7
Prince George,Democrat,Hillary Clinton,1992,7.7
Vanderburgh,Republican,Donald Trump,14544,4.0
Robertson,Democrat,Bernie Sanders,177,2.2
Platte,Republican,Ted Cruz,5798,7.3
Brooke,Democrat,Bernie Sanders,1966,1.7
Dundy,Republican,Donald Trump,219,6.7
Imperial,Democrat,Hillary Clinton,5743,74.5
Cheyenne,Democrat,Hillary Clinton,5,11.4
Bureau,Republican,Donald Trump,2185,7.5
Kankakee,Republican,Donald Trump,6403,8.3
Walton,Republican,Donald Trump,6650,7.5
Shelby,Republican,Donald Trump,18260,8.3
Cape Girardeau,Republican,Ted Cruz,7332,3.9
Thomas,Republican,Donald Trump,2649,4.1
Tate,Republican,Ted Cruz,2034,2.5
Barry,Republican,Ted Cruz,3189,8.0
Gulf,Republican,Donald Trump,1038,4.6
Butler,Democrat,Bernie Sanders,350,2.0
Columbia,Democrat,Bernie Sanders,4221,4.9
Pike,Republican,Donald Trump,1241,3.4
Wayne,Republican,Donald Trump,6116,5.0
McCracken,Democrat,Bernie Sanders,3541,3.2
Marion,Democrat,Bernie Sanders,5324,2.1
Shelby,Republican,Donald Trump,579,2.8
Fayette,Republican,Donald Trump,1933,2.7
Larimer,Democrat,Bernie Sanders,6664,9.0
Mackinac,Republican,Donald Trump,856,4.4
Logan,Democrat,Hillary Clinton,77,10.5
Kossuth,Democrat,Hillary Clinton,360,2.4
Henry,Republican,Donald Trump,3021,4.4
Floyd,Democrat,Hillary Clinton,453,5.1
Charlottesville,Democrat,Bernie Sanders,4474,13.9
Guadalupe,Democrat,Hillary Clinton,399,53.3
Huron,Republican,Donald Trump,2346,3.3
Clark,Democrat,Bernie Sanders,1888,2.3
Lowndes,Democrat,Hillary Clinton,4030,4.1
Hancock,Republican,Ted Cruz,385,2.9
Hot Spring,Republican,Donald Trump,1597,1.7
Martin,Democrat,Hillary Clinton,2469,3.7
Lincoln,Democrat,Bernie Sanders,1510,0.9
Santa Cruz,Democrat,Bernie Sanders,25171,31.0
Charles City,Democrat,Hillary Clinton,863,2.0
Kemper,Democrat,Hillary Clinton,1008,3.8
Perry,Republican,Donald Trump,1461,3.0
Schley,Republican,Donald Trump,331,7.7
Brown,Republican,Donald Trump,555,2.2
Franklin,Republican,Donald Trump,2155,13.2
Adams,Republican,Donald Trump,5233,2.9
Bear Lake,Republican,Ted Cruz,643,3.3
Lincoln,Democrat,Bernie Sanders,3,4.3
Coal,Democrat,Bernie Sanders,456,8.0
Queens,Democrat,Hillary Clinton,122386,56.5
Clinton,Republican,Donald Trump,1635,1.2
Simpson,Republican,Donald Trump,2420,2.2
Phelps,Republican,Donald Trump,963,3.4
Bonneville,Republican,Ted Cruz,7794,10.5
Musselshell,Republican,Donald Trump,1032,5.0
Franklin,Republican,Donald Trump,3487,1.9
Gem,Republican,Ted Cruz,1391,8.4
Jennings,Republican,Donald Trump,3361,2.8
Glynn,Republican,Donald Trump,5516,9.5
Shannon,Republican,Donald Trump,808,2.4
Saint Lawrence,Democrat,Bernie Sanders,4102,7.2
Jackson,Republican,Donald Trump,711,1.7
Sheridan,Republican,Donald Trump,499,2.0
Rio Blanco,Democrat,Bernie Sanders,18,10.0
Greene,Republican,Donald Trump,1555,4.4
Washington,Democrat,Hillary Clinton,1741,2.2
Steuben,Republican,Donald Trump,3973,3.7
Cuyahoga,Democrat,Hillary Clinton,125914,11.3
Delaware,Democrat,Hillary Clinton,440,2.3
Menard,Republican,Ted Cruz,1064,1.6
Clinton,Democrat,Bernie Sanders,4524,4.6
Washington,Democrat,Hillary Clinton,9110,18.0
Platte,Republican,Donald Trump,2902,14.2
Anson,Democrat,Hillary Clinton,2307,4.9
Randolph,Republican,Donald Trump,2939,2.7
Niobrara,Democrat,Bernie Sanders,2,1.4
Dixon,Republican,Donald Trump,513,8.5
Iberia,Democrat,Hillary Clinton,2171,12.9
White,Republican,Donald Trump,3044,6.0
Carroll,Republican,Donald Trump,1004,1.9
Zapata,Democrat,Hillary Clinton,1969,87.2
Lee,Republican,Donald Trump,2153,5.1
Sussex,Democrat,Hillary Clinton,958,2.5
Southampton,Democrat,Hillary Clinton,1199,2.0
Wakulla,Republican,Donald Trump,1664,5.1
