"county","party","candidate","votes","persons_per_household"
Union,Republican,Donald Trump,875,2.49
Kalamazoo,Democrat,Bernie Sanders,20146,2.44
Callaway,Republican,Ted Cruz,3261,2.45
Lafayette,Republican,Donald Trump,2521,2.77
Sauk,Democrat,Bernie Sanders,7195,2.44
Payette,Republican,Ted Cruz,1364,2.79
Ravalli,Republican,Donald Trump,6281,2.37
Queens,Democrat,Hillary Clinton,122386,2.86
Black Hawk,Democrat,Bernie Sanders,3647,2.4
Grundy,Republican,Ted Cruz,272,2.42
Johnson,Republican,Donald Trump,3035,2.45
Sheridan,Republican,Donald Trump,499,2.09
Siskiyou,Republican,Donald Trump,3573,2.26
Independence,Republican,Donald Trump,2077,2.46
Kiowa,Democrat,Hillary Clinton,5,2.49
Livingston,Republican,Donald Trump,15359,2.68
Rockland,Democrat,Hillary Clinton,16966,3.13
Todd,Democrat,Bernie Sanders,524,3.62
Pike,Democrat,Hillary Clinton,2870,2.7
Idaho County,Republican,Donald Trump,1668,2.4
Jessamine,Democrat,Bernie Sanders,2113,2.63
Butte,Republican,Ted Cruz,275,2.68
Calhoun,Democrat,Hillary Clinton,200,2.15
Reynolds,Republican,Donald Trump,647,2.44
Crenshaw,Republican,Donald Trump,1496,2.46
Putnam,Republican,Donald Trump,4087,2.6
Calhoun,Democrat,Bernie Sanders,5810,2.47
St. Charles,Democrat,Hillary Clinton,2245,2.81
Otsego,Republican,Donald Trump,1933,2.42
Coosa,Republican,Donald Trump,1233,2.42
Trimble,Democrat,Bernie Sanders,542,2.5
Wright,Republican,Donald Trump,1874,2.52
Missaukee,Republican,Donald Trump,1221,2.5
Poweshiek,Democrat,Bernie Sanders,475,2.28
Swain,Democrat,Bernie Sanders,831,2.56
Vermillion,Republican,Donald Trump,1748,2.45
Sharkey,Democrat,Hillary Clinton,645,2.75
Shasta,Republican,Donald Trump,14822,2.54
Scott,Democrat,Hillary Clinton,2013,2.88
Phillips,Democrat,Hillary Clinton,2696,2.52
Quitman,Democrat,Hillary Clinton,193,2.57
Jackson,Republican,Donald Trump,582,2.33
Yazoo,Democrat,Hillary Clinton,2203,2.83
Yuma,Democrat,Hillary Clinton,45,2.61
Howell,Republican,Donald Trump,4230,2.52
Charlottesville,Democrat,Bernie Sanders,4474,2.33
Fremont,Democrat,Hillary Clinton,10,2.58
Morehouse,Democrat,Hillary Clinton,1513,2.55
Randolph,Republican,Donald Trump,1917,2.5
Barbour,Democrat,Hillary Clinton,2567,2.66
Johnson,Democrat,Bernie Sanders,5473,2.33
Woodbury,Democrat,Bernie Sanders,1920,2.57
Pottawatomie,Democrat,Bernie Sanders,3400,2.6
Ripley,Republican,Donald Trump,3694,2.62
Crawford,Republican,Ted Cruz,3926,2.62
Oneida,Republican,Ted Cruz,473,2.67
Macon,Democrat,Hillary Clinton,977,2.64
Craig,Democrat,Bernie Sanders,926,2.46
Calloway,Democrat,Bernie Sanders,2239,2.28
Taylor,Democrat,Hillary Clinton,949,2.43
Muskegon,Democrat,Bernie Sanders,10062,2.54
Carroll,Republican,John Kasich,0,2.47
St. Martin,Democrat,Hillary Clinton,1869,2.76
Boyd,Democrat,Bernie Sanders,2262,2.41
Caddo,Democrat,Bernie Sanders,1543,2.71
Rock Island,Democrat,Hillary Clinton,10216,2.37
Marshall,Democrat,Bernie Sanders,960,2.58
Whitley,Republican,Donald Trump,1556,2.6
Portage,Democrat,Bernie Sanders,9348,2.38
Southampton,Democrat,Hillary Clinton,1199,2.52
Wayne,Republican,Donald Trump,6116,2.34
Ware,Republican,Donald Trump,1998,2.48
Randolph,Republican,Donald Trump,2352,2.48
Garrett,Republican,Donald Trump,3564,2.45
Perry,Republican,Donald Trump,1561,2.49
Leslie,Republican,Donald Trump,503,2.62
Hickory,Republican,Donald Trump,297,2.23
Roberts,Democrat,Bernie Sanders,397,2.71
Brooklyn,Democrat,Hillary Clinton,174236,2.73
Santa Cruz,Democrat,Hillary Clinton,2496,3.11
Vernon,Democrat,Bernie Sanders,3476,2.51
Douglas,Democrat,Bernie Sanders,2347,2.82
Washington,Republican,Donald Trump,1666,2.61
Kenedy,Democrat,Hillary Clinton,63,3.28
Christian,Republican,Donald Trump,2392,2.32
Habersham,Republican,Donald Trump,3289,2.74
Macomb,Republican,Donald Trump,60492,2.52
Presque Isle,Republican,Donald Trump,916,2.08
Jasper,Republican,Ted Cruz,928,2.46
Lawrence,Republican,Donald Trump,5971,2.44
Brantley,Republican,Donald Trump,1161,2.79
Dent,Republican,Donald Trump,1688,2.63
Pulaski,Republican,Donald Trump,673,2.54
Boyd,Republican,Donald Trump,327,2.2
Liberty,Republican,Donald Trump,387,2.53
Floyd,Republican,Donald Trump,7456,2.54
Bamberg,Democrat,Hillary Clinton,1715,2.47
Montgomery,Democrat,Hillary Clinton,953,2.51
Cerro Gordo,Democrat,Bernie Sanders,1108,2.14
Adams,Democrat,Hillary Clinton,113,2.2
Stanislaus,Republican,Donald Trump,15390,3.07
Charles City,Democrat,Hillary Clinton,863,2.53
Chesapeake,Democrat,Hillary Clinton,16126,2.77
Barnwell,Democrat,Hillary Clinton,1560,2.63
Jackson,Democrat,Hillary Clinton,48860,2.45
Colbert,Democrat,Hillary Clinton,3879,2.42
Madison,Democrat,Hillary Clinton,1542,2.52
Grand,Democrat,Bernie Sanders,636,2.51
Cass,Republican,Ted Cruz,7671,2.65
Hertford,Democrat,Hillary Clinton,2926,2.53
Shelby,Democrat,Bernie Sanders,232,2.33
Bexar,Democrat,Hillary Clinton,76502,2.84
Whitfield,Republican,Donald Trump,5945,2.95
St. Landry,Democrat,Hillary Clinton,4606,2.66
Santa Cruz,Democrat,Bernie Sanders,25171,2.72
St. Johns,Republican,Donald Trump,24205,2.57
Choctaw,Democrat,Bernie Sanders,745,2.48
Platte,Republican,Donald Trump,2902,2.56
Kendall,Democrat,Bernie Sanders,7482,3.05
Hendry,Republican,Donald Trump,1290,3.15
Houghton,Democrat,Bernie Sanders,2039,2.43
Scott,Republican,Donald Trump,715,2.55
Vanderburgh,Republican,Donald Trump,14544,2.34
Madera,Republican,Donald Trump,8247,3.37
Oglala Lakota,Democrat,Bernie Sanders,574,4.7
Lafourche,Republican,Donald Trump,2725,2.7
Erie,Democrat,Hillary Clinton,19511,2.44
Bibb,Democrat,Hillary Clinton,12944,2.63
Grundy,Republican,Donald Trump,978,2.4
Dawson,Republican,Donald Trump,2649,2.61
Grant,Republican,Donald Trump,162,2.38
Uinta,Democrat,Bernie Sanders,5,2.85
Houston,Republican,Donald Trump,8171,2.58
Lincoln,Republican,Ted Cruz,276,3.21
Carbon,Democrat,Hillary Clinton,4,2.42
Bracken,Democrat,Bernie Sanders,424,2.59
Johnson,Republican,Donald Trump,17218,2.66
Benewah,Republican,Ted Cruz,671,2.34
Nuckolls,Republican,Donald Trump,446,2.08
Henry,Republican,Ted Cruz,379,2.53
Monroe,Republican,Donald Trump,6030,2.54
Conejos,Democrat,Hillary Clinton,73,2.64
Fallon,Republican,Donald Trump,734,2.53
Magoffin,Democrat,Bernie Sanders,626,2.64
Yellowstone,Republican,Donald Trump,17925,2.4
Bronx,Democrat,Hillary Clinton,95772,2.85
Union,Democrat,Bernie Sanders,1106,2.44
Chesterfield,Democrat,Hillary Clinton,2209,2.6
Stone,Republican,Ted Cruz,1428,2.88
Hancock,Republican,Ted Cruz,385,2.37
Fremont,Democrat,Bernie Sanders,268,2.1
Bullock,Democrat,Hillary Clinton,2451,2.73
Shannon,Republican,Donald Trump,808,2.57
Williamson,Republican,Donald Trump,4929,2.41
Pickens,Republican,Donald Trump,3360,2.63
Willacy,Democrat,Hillary Clinton,2072,3.59
Vance,Democrat,Hillary Clinton,4561,2.66
Covington,Democrat,Hillary Clinton,244,2.29
Mahaska,Republican,Ted Cruz,669,2.4
Howard,Democrat,Bernie Sanders,215,2.39
Baldwin,Republican,Donald Trump,23618,2.52
Houston,Republican,Donald Trump,7091,2.7
Knox,Republican,Donald Trump,642,2.22
St. Francois,Republican,Donald Trump,4061,2.34
Cooper,Republican,Ted Cruz,1369,2.43
Monroe,Republican,Donald Trump,805,2.43
Marin,Democrat,Hillary Clinton,27238,2.39
Grayson,Republican,Donald Trump,749,2.57
Emporia,Democrat,Hillary Clinton,404,2.23
Valley,Republican,Donald Trump,575,2.7
Hickman,Democrat,Bernie Sanders,300,2.34
Navajo,Democrat,Hillary Clinton,4415,3.05
Bonneville,Republican,Ted Cruz,7794,2.9
Cumberland,Democrat,Hillary Clinton,6875,2.86
Gage,Republican,Donald Trump,1407,2.36
McCormick,Democrat,Hillary Clinton,973,2.15
Bay,Republican,Donald Trump,14426,2.48
Shelby,Republican,Ted Cruz,2069,2.45
Clay,Democrat,Bernie Sanders,303,2.28
Ingham,Democrat,Bernie Sanders,22909,2.41
Madison,Democrat,Hillary Clinton,1085,2.58
Oldham,Democrat,Hillary Clinton,2730,2.89
Colleton,Democrat,Hillary Clinton,2932,2.55
Muskogee,Democrat,Bernie Sanders,3515,2.51
Clinton,Republican,Donald Trump,771,2.54
Zavala,Democrat,Hillary Clinton,1557,3.15
Cascade,Republican,Donald Trump,8129,2.37
Highlands,Republican,Donald Trump,7480,2.42
El Paso,Democrat,Bernie Sanders,4954,2.6
Cheyenne,Democrat,Hillary Clinton,5,2.55
Seminole,Democrat,Bernie Sanders,1194,2.66
Keith,Republican,Donald Trump,1253,2.15
Hayes,Republican,Donald Trump,103,2.39
Lincoln,Republican,Donald Trump,4144,2.8
Peoria,Democrat,Hillary Clinton,11341,2.39
Jasper,Republican,Donald Trump,1205,2.66
Wilson,Democrat,Hillary Clinton,6408,2.51
Knox,Republican,Donald Trump,4918,2.4
Harrison,Republican,Donald Trump,12555,2.57
Calhoun,Democrat,Bernie Sanders,545,2.7
Newton,Republican,Ted Cruz,6452,2.61
Monroe,Republican,Ted Cruz,195,2.34
Taos,Democrat,Bernie Sanders,4325,2.43
Conecuh,Democrat,Hillary Clinton,2031,2.61
Boone,Democrat,Bernie Sanders,2410,2.55
Jackson,Democrat,Hillary Clinton,827,2.54
Washington,Democrat,Hillary Clinton,1741,2.7
Allegany,Republican,Donald Trump,6272,2.34
Howard,Republican,Ted Cruz,798,2.46
Fluvanna,Democrat,Hillary Clinton,1355,2.6
Washington,Democrat,Hillary Clinton,1374,2.53
Latimer,Democrat,Bernie Sanders,852,2.53
Banks,Republican,Donald Trump,1806,2.71
Frederick,Republican,Donald Trump,15076,2.69
Wayne,Republican,Donald Trump,2033,2.76
Rio Blanco,Democrat,Bernie Sanders,18,2.24
Fayette,Republican,Donald Trump,2744,2.48
Elmore,Republican,Donald Trump,1252,2.7
Oscoda,Republican,Donald Trump,705,2.26
Stark,Republican,Ted Cruz,448,2.41
Inyo,Republican,Donald Trump,1414,2.3
Allamakee,Democrat,Hillary Clinton,304,2.36
Jefferson,Republican,Donald Trump,533,2.25
Clark,Democrat,Bernie Sanders,1888,2.43
Erie,Democrat,Hillary Clinton,50199,2.34
Buchanan,Republican,Donald Trump,4691,2.56
Caldwell,Republican,Donald Trump,284,2.46
Wayne,Democrat,Hillary Clinton,163886,2.66
Salt Lake,Democrat,Bernie Sanders,35610,3.01
Stone,Republican,Donald Trump,993,2.41
Kossuth,Democrat,Hillary Clinton,360,2.25
Garrard,Republican,Donald Trump,581,2.66
Fremont,Republican,Ted Cruz,1434,2.76
Marshall,Democrat,Bernie Sanders,2308,2.57
Forsyth,Democrat,Hillary Clinton,24446,2.45
Manistee,Democrat,Bernie Sanders,1646,2.2
Tippah,Republican,Donald Trump,1951,2.56
Power,Republican,Ted Cruz,421,2.99
Somerset,Democrat,Hillary Clinton,19667,2.79
Nelson,Democrat,Hillary Clinton,2395,2.62
Charlevoix,Republican,Donald Trump,1886,2.41
Porter,Republican,Donald Trump,16194,2.63
Boundary,Republican,Ted Cruz,901,2.59
Orangeburg,Democrat,Hillary Clinton,11819,2.59
Sullivan,Republican,Donald Trump,2379,2.46
Irwin,Republican,Donald Trump,869,2.69
Kenton,Democrat,Hillary Clinton,5146,2.56
Jackson,Democrat,Bernie Sanders,1845,2.35
Randolph,Democrat,Bernie Sanders,2492,2.45
Pawnee,Democrat,Bernie Sanders,762,2.59
Cherokee,Democrat,Bernie Sanders,2897,2.68
Pike,Republican,Donald Trump,1241,2.48
Clay,Democrat,Hillary Clinton,960,2.3
Lawrence,Republican,Donald Trump,1201,2.63
Clinton,Democrat,Bernie Sanders,4524,2.63
San Luis Obispo,Republican,Donald Trump,19313,2.5
Clinton,Democrat,Bernie Sanders,1234,2.4
Saint Lawrence,Democrat,Bernie Sanders,4102,2.39
Walthall,Republican,Donald Trump,1143,2.68
Scotland,Democrat,Hillary Clinton,2671,2.63
Drew,Democrat,Hillary Clinton,1250,2.37
Cape Girardeau,Republican,Ted Cruz,7332,2.47
Northampton,Democrat,Hillary Clinton,3195,2.43
Duval,Democrat,Hillary Clinton,58632,2.58
San Diego,Democrat,Hillary Clinton,139813,2.83
Nez Perce,Republican,Ted Cruz,1583,2.41
White,Republican,Donald Trump,1424,2.28
Macon,Democrat,Hillary Clinton,4293,2.29
Calhoun,Republican,Donald Trump,1323,2.46
Harrison,Republican,Donald Trump,755,2.46
Elmore,Republican,Donald Trump,8525,2.62
Dougherty,Democrat,Hillary Clinton,8891,2.53
Fairfax,Democrat,Hillary Clinton,86898,2.8
Lawrence,Republican,Ted Cruz,4235,2.55
Vigo,Republican,Donald Trump,8539,2.49
Treutlen,Republican,Donald Trump,437,2.52
New Castle,Democrat,Hillary Clinton,38580,2.62
Etowah,Republican,Donald Trump,8657,2.55
Clayton,Democrat,Bernie Sanders,408,2.29
Marshall,Republican,Donald Trump,9115,2.7
Pike,Republican,Donald Trump,1649,2.44
DeSoto,Republican,Donald Trump,1445,2.89
Wilcox,Democrat,Hillary Clinton,3337,2.9
Virginia Beach,Democrat,Hillary Clinton,22352,2.62
Door,Democrat,Bernie Sanders,3417,2.04
Benton,Democrat,Hillary Clinton,557,2.69
Chambers,Democrat,Hillary Clinton,2899,2.46
Des Moines,Democrat,Bernie Sanders,1066,2.33
Howard,Republican,Donald Trump,534,2.43
Benton,Republican,Donald Trump,1175,2.53
Chattahoochee,Democrat,Hillary Clinton,182,3.54
Butler,Democrat,Hillary Clinton,2196,2.47
Russell,Republican,Donald Trump,1106,2.4
Buffalo,Democrat,Hillary Clinton,110,3.62
Ohio,Republican,Donald Trump,786,2.49
Logan,Republican,Donald Trump,166,2.28
Wilkinson,Democrat,Hillary Clinton,1269,2.48
Delaware,Democrat,Bernie Sanders,1773,2.47
Sullivan,Democrat,Bernie Sanders,2671,2.46
Buena Vista,Republican,Ted Cruz,309,2.53
Marengo,Democrat,Hillary Clinton,3590,2.42
Tattnall,Republican,Donald Trump,1089,2.62
Nance,Republican,Donald Trump,310,2.33
Davidson,Democrat,Hillary Clinton,43691,2.39
Fleming,Democrat,Bernie Sanders,806,2.6
Shelby,Republican,Donald Trump,579,2.31
Cuming,Republican,Donald Trump,783,2.34
Hot Springs,Democrat,Bernie Sanders,1,2.1
Cleveland,Democrat,Bernie Sanders,16428,2.58
Mineral,Republican,Donald Trump,638,2.53
Woodruff,Democrat,Hillary Clinton,862,2.29
Ogle,Republican,Ted Cruz,4307,2.53
Franklin,Republican,Donald Trump,2155,2.52
Washington,Democrat,Bernie Sanders,12,2.27
Day,Democrat,Hillary Clinton,343,2.19
Union,Democrat,Hillary Clinton,1690,2.37
Schoolcraft,Republican,Donald Trump,529,2.29
Mercer,Democrat,Hillary Clinton,29505,2.67
Chickasaw,Democrat,Hillary Clinton,1398,2.58
Greene,Democrat,Hillary Clinton,215,2.29
Shoshone,Republican,Donald Trump,632,2.17
Frio,Democrat,Hillary Clinton,1864,3.09
Darlington,Democrat,Hillary Clinton,4988,2.52
Clay,Republican,Donald Trump,887,2.71
Taylor,Republican,Donald Trump,140,2.22
Saguache,Democrat,Bernie Sanders,219,2.29
Lafayette,Republican,Donald Trump,556,2.75
Pottawattamie,Democrat,Bernie Sanders,1573,2.49
Stillwater,Republican,Donald Trump,1658,2.4
Dooly,Democrat,Hillary Clinton,737,2.37
Monroe,Republican,Donald Trump,2262,2.66
Summers,Democrat,Bernie Sanders,1060,2.36
Tulare,Republican,Donald Trump,15334,3.35
Greene,Republican,Donald Trump,1088,2.74
Bradley,Republican,Donald Trump,770,2.32
Logan,Democrat,Hillary Clinton,77,2.68
Boone,Democrat,Hillary Clinton,2932,2.78
Steuben,Republican,Donald Trump,3973,2.44
Massac,Republican,Donald Trump,1341,2.48
Wheeler,Republican,Donald Trump,283,2.03
Alamance,Democrat,Hillary Clinton,7374,2.46
Los Alamos,Democrat,Hillary Clinton,1424,2.35
Edgecombe,Democrat,Hillary Clinton,6411,2.6
Cameron,Republican,Donald Trump,216,2.67
Yuma,Republican,Donald Trump,4390,2.73
Perry,Democrat,Hillary Clinton,648,2.61
Maries,Republican,Donald Trump,958,2.4
Sierra,Republican,Donald Trump,497,2.45
Sheridan,Democrat,Bernie Sanders,7,2.29
Phelps,Republican,Donald Trump,963,2.35
Amador,Republican,Donald Trump,3605,2.32
Jasper,Republican,Donald Trump,3903,2.71
Crisp,Republican,Donald Trump,1204,2.61
Toombs,Republican,Donald Trump,1513,2.6
Cook,Republican,Donald Trump,1229,2.67
Newton,Republican,Donald Trump,1073,2.32
Jefferson,Democrat,Hillary Clinton,1671,2.36
Humboldt,Democrat,Bernie Sanders,13245,2.44
Vermilion,Republican,Donald Trump,1460,2.66
Valley,Republican,Donald Trump,1250,2.25
Clay,Republican,Donald Trump,1294,2.45
Prairie,Democrat,Hillary Clinton,558,2.26
Washington,Republican,Donald Trump,1370,2.44
Lawrence,Republican,Donald Trump,1326,2.26
Whiteside,Democrat,Bernie Sanders,3102,2.44
Forrest,Republican,Donald Trump,4267,2.58
Jerauld,Democrat,Hillary Clinton,96,2.28
Bonner,Republican,Ted Cruz,3132,2.32
Garfield,Republican,Donald Trump,357,2.44
Colquitt,Republican,Donald Trump,2967,2.81
Fulton,Democrat,Hillary Clinton,701,2.35
Audubon,Democrat,Hillary Clinton,187,2.18
Boone,Republican,Donald Trump,7023,2.62
Okmulgee,Democrat,Bernie Sanders,1882,2.55
Crawford,Republican,Donald Trump,1162,2.49
Columbia,Republican,Donald Trump,1149,2.43
La Salle,Democrat,Hillary Clinton,557,3.29
Charleston,Democrat,Hillary Clinton,26535,2.41
Natchitoches,Democrat,Hillary Clinton,2545,2.57
Sac,Republican,Donald Trump,212,2.25
Brown,Republican,Donald Trump,2202,2.54
Johnson,Republican,Donald Trump,684,2.71
Lawrence,Republican,Donald Trump,3604,2.52
Buchanan,Democrat,Hillary Clinton,525,2.52
Marion,Republican,Donald Trump,2760,2.41
Logan,Democrat,Bernie Sanders,1131,2.43
Polk,Republican,Donald Trump,1895,2.53
Pearl River,Republican,Donald Trump,4562,2.65
Warren,Republican,Donald Trump,2722,2.57
Vermilion,Republican,Donald Trump,5021,2.51
St. Louis County,Democrat,Hillary Clinton,89373,2.43
Breckinridge,Democrat,Hillary Clinton,877,2.74
Texas,Republican,Donald Trump,2659,2.58
Pasco,Republican,Donald Trump,33536,2.53
Caroline,Democrat,Hillary Clinton,1902,2.56
Hancock,Republican,Donald Trump,4147,2.43
Van Buren,Republican,Ted Cruz,196,2.45
Broadwater,Republican,Donald Trump,1001,2.32
Stephenson,Republican,Ted Cruz,3038,2.4
Lincoln,Democrat,Hillary Clinton,20,2.11
Bear Lake,Republican,Ted Cruz,643,2.42
Tallapoosa,Republican,Donald Trump,4658,2.49
Cleburne,Republican,Donald Trump,2530,2.47
Rensselaer,Democrat,Bernie Sanders,6649,2.39
Crawford,Democrat,Bernie Sanders,1582,2.33
Alcona,Republican,Donald Trump,1111,2.19
Union,Republican,Donald Trump,2691,2.3
Douglas,Republican,Ted Cruz,1764,2.62
Webster,Republican,Ted Cruz,4124,2.8
Tompkins,Democrat,Bernie Sanders,9298,2.31
Keweenaw,Democrat,Bernie Sanders,188,2.08
Antelope,Republican,Donald Trump,772,2.28
Zapata,Democrat,Hillary Clinton,1969,3.17
Putnam,Republican,Donald Trump,1983,2.49
Gallatin,Republican,Donald Trump,8313,2.36
Bryan,Democrat,Bernie Sanders,1913,2.53
Butler,Republican,Donald Trump,910,2.35
Vernon,Republican,Donald Trump,1119,2.76
Jefferson,Democrat,Bernie Sanders,654,2.21
Green,Democrat,Bernie Sanders,4359,2.49
Camden,Republican,Donald Trump,3065,2.69
Appanoose,Republican,Donald Trump,292,2.28
Morgan,Republican,Donald Trump,1656,2.71
Pinal,Republican,Donald Trump,12182,2.87
Powder River,Republican,Donald Trump,516,2.26
Hernando,Republican,Donald Trump,15479,2.44
LaGrange,Republican,Donald Trump,2571,3.13
Campbell,Democrat,Bernie Sanders,12,2.71
Emmet,Democrat,Hillary Clinton,168,2.31
Talladega,Republican,Donald Trump,6304,2.5
Harrison,Democrat,Bernie Sanders,1059,2.56
Webster,Democrat,Hillary Clinton,866,2.28
Ventura,Democrat,Hillary Clinton,45848,3.06
Cibola,Democrat,Hillary Clinton,1586,3.15
Wayne,Republican,Donald Trump,2075,2.34
Johnson,Democrat,Hillary Clinton,1,2.31
Alexander,Democrat,Hillary Clinton,770,2.62
East Baton Rouge,Democrat,Hillary Clinton,32960,2.57
Panola,Democrat,Hillary Clinton,3061,2.86
Wilkes,Republican,Donald Trump,734,2.47
Upson,Republican,Donald Trump,1910,2.55
Roanoke City,Democrat,Hillary Clinton,4783,2.24
Clinton,Republican,Donald Trump,3252,2.76
Linn,Democrat,Bernie Sanders,6331,2.42
Foard,Democrat,Bernie Sanders,112,2.23
Baltimore City,Democrat,Hillary Clinton,81115,2.47
Shiawassee,Democrat,Bernie Sanders,4452,2.52
Rosebud,Republican,Donald Trump,959,2.82
Allendale,Democrat,Hillary Clinton,1022,2.63
Palo Alto,Democrat,Hillary Clinton,213,2.28
Adair,Democrat,Hillary Clinton,168,2.26
Mendocino,Democrat,Bernie Sanders,4654,2.52
Douglas,Democrat,Bernie Sanders,4510,2.25
Greer,Democrat,Bernie Sanders,332,2.24
Moody,Democrat,Hillary Clinton,262,2.34
Washington,Republican,Donald Trump,11970,2.51
Jefferson,Republican,Donald Trump,3077,2.38
Roger Mills,Democrat,Bernie Sanders,268,2.82
Winneshiek,Democrat,Bernie Sanders,616,2.32
Cumberland,Republican,Donald Trump,460,2.59
Manassas Park,Democrat,Hillary Clinton,581,3.41
Fremont,Republican,Donald Trump,182,2.4
Greensville,Democrat,Hillary Clinton,832,2.48
Calhoun,Democrat,Bernie Sanders,503,2.41
Jefferson,Democrat,Hillary Clinton,9936,2.47
Taney,Republican,Donald Trump,5086,2.45
Columbia,Democrat,Bernie Sanders,6455,2.42
Bannock,Republican,Ted Cruz,4404,2.68
Putnam,Republican,Donald Trump,565,2.18
Hughes,Democrat,Bernie Sanders,873,2.47
Holmes,Republican,Donald Trump,1239,2.65
Fayette,Democrat,Bernie Sanders,3585,2.54
Crawford,Republican,Donald Trump,1108,2.37
Quitman,Democrat,Hillary Clinton,986,2.53
Richland,Republican,Donald Trump,1469,2.41
Bulloch,Republican,Donald Trump,3111,2.61
Jennings,Republican,Donald Trump,3361,2.63
Rock,Democrat,Bernie Sanders,17337,2.48
LaPorte,Republican,Donald Trump,9494,2.41
Carroll,Republican,Marco Rubio,0,2.47
Dodge,Republican,Donald Trump,2760,2.34
Lunenburg,Democrat,Hillary Clinton,738,2.48
Greenwood,Democrat,Hillary Clinton,3588,2.49
Breathitt,Democrat,Bernie Sanders,1716,2.52
Adair,Republican,Donald Trump,1512,2.44
Oconee,Republican,Donald Trump,2871,2.88
El Paso,Democrat,Hillary Clinton,36067,3.13
Tishomingo,Republican,Donald Trump,1854,2.52
Appling,Republican,Donald Trump,1290,2.59
Phillips,Democrat,Bernie Sanders,18,2.59
Cheyenne,Republican,Donald Trump,1130,2.25
Passaic,Democrat,Hillary Clinton,29538,3.03
Baraga,Republican,Donald Trump,468,2.07
Custer,Democrat,Bernie Sanders,45,2.06
McLean,Republican,Ted Cruz,13085,2.54
Douglas,Republican,Donald Trump,1657,2.61
Montgomery,Democrat,Hillary Clinton,109304,2.72
Cameron,Democrat,Hillary Clinton,20326,3.46
Clay,Democrat,Bernie Sanders,754,2.7
Calhoun,Democrat,Hillary Clinton,499,2.19
Iron,Republican,Donald Trump,800,2.45
Jim Wells,Democrat,Hillary Clinton,4688,2.96
Pendleton,Democrat,Bernie Sanders,546,2.71
Crook,Democrat,Bernie Sanders,1,2.34
Chatham,Democrat,Hillary Clinton,19898,2.55
Brooks,Republican,Donald Trump,1009,2.39
Arapahoe,Democrat,Bernie Sanders,6086,2.58
Catoosa,Republican,Donald Trump,4449,2.68
Kimball,Republican,Donald Trump,439,2.27
Prince George's,Democrat,Hillary Clinton,113912,2.81
Clay,Democrat,Hillary Clinton,2372,2.61
Menifee,Democrat,Bernie Sanders,323,2.58
Butts,Republican,Donald Trump,1884,2.74
Heard,Republican,Donald Trump,1068,2.68
Jasper,Democrat,Hillary Clinton,927,2.34
Brown,Republican,Donald Trump,555,2.02
Greene,Republican,Donald Trump,1555,2.5
Albemarle,Democrat,Hillary Clinton,8284,2.47
Wabash,Republican,Donald Trump,977,2.45
DeSoto,Democrat,Hillary Clinton,1508,2.58
Rockdale,Democrat,Hillary Clinton,7930,2.89
Dade,Republican,Ted Cruz,997,2.39
Garland,Republican,Donald Trump,5538,2.37
Pecos,Democrat,Hillary Clinton,816,2.89
McKinley,Democrat,Hillary Clinton,4761,4.1
Rowan,Democrat,Bernie Sanders,1363,2.49
San Bernardino,Democrat,Hillary Clinton,71246,3.33
Will,Democrat,Bernie Sanders,46305,3.02
Knox,Republican,Donald Trump,1285,2.53
Pettis,Republican,Donald Trump,3343,2.55
Floyd,Democrat,Hillary Clinton,453,2.26
Worth,Republican,Donald Trump,1890,2.74
Aurora,Democrat,Hillary Clinton,150,2.36
Itawamba,Republican,Donald Trump,1905,2.53
Avoyelles,Democrat,Hillary Clinton,1181,2.49
Conway,Democrat,Hillary Clinton,1755,2.57
Elbert,Republican,Donald Trump,1394,2.57
Gordon,Republican,Donald Trump,4339,2.88
Franklin,Republican,Donald Trump,3130,2.42
East Feliciana,Democrat,Hillary Clinton,1847,2.54
Gilmer,Republican,Donald Trump,3314,2.44
Marion,Republican,Ted Cruz,2263,2.42
Pike,Republican,Donald Trump,511,2.55
Dallas,Democrat,Hillary Clinton,8577,2.63
Cleveland,Democrat,Hillary Clinton,4880,2.53
Pemiscot,Republican,Donald Trump,1155,2.58
Dickinson,Democrat,Bernie Sanders,358,2.07
Scott,Republican,Donald Trump,1929,2.66
Ottawa,Republican,Ted Cruz,23862,2.73
Morgan,Republican,Donald Trump,10235,2.67
Taylor,Republican,Donald Trump,1203,2.55
Henry,Republican,Donald Trump,1636,2.29
Richmond,Democrat,Hillary Clinton,333,2.56
Noxubee,Democrat,Hillary Clinton,1397,2.66
Perry,Democrat,Bernie Sanders,1666,2.58
Evangeline,Democrat,Hillary Clinton,1319,2.64
Schuyler,Republican,Donald Trump,428,2.45
Sheridan,Democrat,Hillary Clinton,7,2.29
Eau Claire,Democrat,Bernie Sanders,13058,2.39
Union,Democrat,Hillary Clinton,40972,2.88
Hart,Republican,Donald Trump,1858,2.45
Okaloosa,Republican,Donald Trump,17770,2.47
Trigg,Democrat,Bernie Sanders,715,2.38
Lincoln,Republican,Donald Trump,3073,2.18
Tehama,Republican,Donald Trump,3940,2.66
Tangipahoa,Democrat,Hillary Clinton,4267,2.69
Miner,Democrat,Hillary Clinton,109,2.18
Washington,Democrat,Hillary Clinton,9110,2.53
Rabun,Republican,Donald Trump,1732,2.28
Iberville,Democrat,Hillary Clinton,3699,2.64
Atkinson,Republican,Donald Trump,619,3.0
Plumas,Republican,Donald Trump,2588,2.13
Lawrence,Democrat,Bernie Sanders,659,2.7
Frontier,Republican,Donald Trump,315,2.23
Monroe,Republican,Donald Trump,3272,2.63
Bryan,Republican,Donald Trump,2214,2.79
Huron,Republican,Donald Trump,2346,2.31
Schenectady,Democrat,Bernie Sanders,6862,2.59
Refugio,Democrat,Hillary Clinton,549,2.5
Plymouth,Republican,Donald Trump,618,2.49
Watauga,Democrat,Bernie Sanders,5811,2.2
Santa Rosa,Republican,Donald Trump,16044,2.64
Ballard,Democrat,Bernie Sanders,659,2.46
Gallatin,Democrat,Bernie Sanders,663,2.32
Ziebach,Democrat,Bernie Sanders,132,3.51
Adams,Democrat,Hillary Clinton,3013,2.54
St. John the Baptist,Democrat,Hillary Clinton,3818,2.87
Effingham,Republican,Ted Cruz,3448,2.5
Jones,Republican,Donald Trump,6388,2.69
Leflore,Democrat,Hillary Clinton,2094,2.77
Madison,Republican,Donald Trump,12487,2.46
San Francisco,Democrat,Hillary Clinton,85070,2.31
Jerome,Republican,Ted Cruz,1164,2.9
Monroe,Democrat,Bernie Sanders,15166,2.32
Anne Arundel,Democrat,Hillary Clinton,35659,2.65
Santa Barbara,Democrat,Hillary Clinton,23543,2.89
DeKalb,Republican,Donald Trump,4203,2.61
Clay,Republican,Donald Trump,702,2.41
La Paz,Republican,Donald Trump,940,1.97
Osceola,Republican,Ted Cruz,113,2.33
Holt,Republican,Donald Trump,504,2.1
Glades,Republican,Donald Trump,632,3.05
Lexington,Democrat,Hillary Clinton,402,2.05
Pierce,Republican,Donald Trump,617,2.42
Red River,Democrat,Hillary Clinton,530,2.66
McDowell,Democrat,Bernie Sanders,1453,2.54
Nassau,Democrat,Hillary Clinton,70947,2.99
Ouachita,Democrat,Hillary Clinton,8995,2.57
Muhlenberg,Democrat,Bernie Sanders,1632,2.51
Muscogee,Democrat,Hillary Clinton,12801,2.53
Corson,Democrat,Bernie Sanders,148,3.44
Person,Democrat,Hillary Clinton,2954,2.54
Pueblo,Democrat,Hillary Clinton,1260,2.49
Candler,Republican,Donald Trump,897,2.78
Volusia,Republican,Donald Trump,34167,2.47
Bolivar,Democrat,Hillary Clinton,3029,2.64
Granville,Democrat,Hillary Clinton,4693,2.72
Nodaway,Republican,Donald Trump,1268,2.35
Bates,Republican,Donald Trump,1306,2.42
Saline,Republican,Ted Cruz,7507,2.62
Escambia,Republican,Donald Trump,2817,2.59
Wayne,Democrat,Bernie Sanders,2898,2.52
Lincoln,Democrat,Bernie Sanders,1510,2.57
Alger,Democrat,Bernie Sanders,622,2.34
Edgar,Republican,Donald Trump,1562,2.28
Pontotoc,Republican,Ted Cruz,2498,3.01
Presidio,Democrat,Hillary Clinton,776,2.88
Cass,Republican,Donald Trump,3941,2.54
Marion,Democrat,Bernie Sanders,5324,2.45
Lancaster,Republican,Donald Trump,13251,2.4
Pike,Republican,Donald Trump,1603,2.35
Cotton,Democrat,Bernie Sanders,388,2.58
Valencia,Democrat,Hillary Clinton,3123,2.78
Richmond,Democrat,Hillary Clinton,16269,2.66
Fremont,Democrat,Bernie Sanders,10,2.58
Jackson,Democrat,Hillary Clinton,15,2.08
Leake,Democrat,Hillary Clinton,1614,2.77
Edwards,Republican,Donald Trump,867,2.43
Logan,Democrat,Bernie Sanders,3201,2.43
Letcher,Democrat,Bernie Sanders,1788,2.56
Madison,Republican,Ted Cruz,4079,3.53
Lincoln,Democrat,Bernie Sanders,3,2.88
Clarendon,Democrat,Hillary Clinton,3564,2.6
Prowers,Democrat,Hillary Clinton,40,2.45
Blaine,Republican,Donald Trump,465,2.86
Perry,Republican,Donald Trump,676,2.69
Wetzel,Democrat,Bernie Sanders,1744,2.36
Calvert,Republican,Donald Trump,6360,2.87
McHenry,Republican,Donald Trump,16514,2.82
Modoc,Republican,Donald Trump,1019,2.23
Montmorency,Republican,Donald Trump,1046,2.29
Monona,Republican,Ted Cruz,185,2.26
Clark,Republican,Donald Trump,10635,2.58
Lucas,Republican,Ted Cruz,213,2.32
Marion,Democrat,Hillary Clinton,1162,2.52
Osceola,Republican,Donald Trump,1812,2.55
Gasconade,Republican,Donald Trump,1429,2.4
Rockcastle,Republican,Donald Trump,743,2.52
Miami,Republican,Donald Trump,3286,2.64
Christian,Democrat,Hillary Clinton,2437,2.65
Fayette,Democrat,Hillary Clinton,9184,2.42
LaSalle,Republican,Donald Trump,6950,2.5
Columbus,Democrat,Hillary Clinton,3628,2.52
East Carroll,Democrat,Hillary Clinton,508,2.62
Green,Republican,Donald Trump,655,2.47
Madison,Republican,Donald Trump,2460,2.86
Searcy,Republican,Donald Trump,939,2.43
Adams,Republican,Donald Trump,2798,2.37
Jefferson,Republican,Ted Cruz,3080,3.26
Carroll,Republican,Donald Trump,1268,2.24
Mecklenburg,Democrat,Hillary Clinton,1588,2.42
Worth,Democrat,Bernie Sanders,218,2.33
Dillon,Democrat,Hillary Clinton,1615,2.66
Geneva,Republican,Donald Trump,3106,2.43
Coahoma,Democrat,Hillary Clinton,2301,2.66
Copiah,Democrat,Hillary Clinton,3373,2.83
Sweetwater,Democrat,Bernie Sanders,12,2.62
St. Helena,Democrat,Hillary Clinton,1407,2.65
Weston,Democrat,Hillary Clinton,1,2.29
Jersey,Republican,Donald Trump,1902,2.5
Humboldt,Republican,Donald Trump,204,2.28
Clay,Republican,Donald Trump,1920,2.38
Buncombe,Democrat,Bernie Sanders,30913,2.33
Powell,Democrat,Bernie Sanders,744,2.63
Hot Spring,Republican,Donald Trump,1597,2.58
Ralls,Republican,Donald Trump,961,2.5
Bladen,Democrat,Hillary Clinton,3442,2.4
DeSoto,Republican,Ted Cruz,12300,2.82
Columbia,Democrat,Bernie Sanders,4221,2.57
Saginaw,Democrat,Hillary Clinton,12348,2.5
Wayne,Republican,Ted Cruz,171,2.42
Forsyth,Republican,Donald Trump,15698,3.14
Lenoir,Democrat,Hillary Clinton,4731,2.46
Jackson,Democrat,Hillary Clinton,2798,2.55
Gilchrist,Republican,Donald Trump,1860,2.51
Mobile,Democrat,Hillary Clinton,28927,2.6
Brown,Republican,Donald Trump,502,2.47
Suffolk,Democrat,Hillary Clinton,7533,2.75
Edmonson,Republican,Donald Trump,531,2.47
DeKalb,Republican,Donald Trump,800,2.48
Nassau,Republican,Donald Trump,9192,2.62
Dane,Democrat,Bernie Sanders,102585,2.33
Baca,Democrat,Hillary Clinton,15,2.2
Livingston,Democrat,Bernie Sanders,610,2.62
Camden,Republican,Donald Trump,5467,2.45
Crittenden,Democrat,Bernie Sanders,344,2.41
Owen,Republican,Donald Trump,2679,2.47
Lee,Republican,Donald Trump,2153,2.45
Levy,Republican,Donald Trump,3745,2.54
Liberty,Democrat,Bernie Sanders,392,2.91
Mayes,Democrat,Bernie Sanders,2144,2.55
Lawrence,Democrat,Hillary Clinton,933,2.52
Oceana,Republican,Ted Cruz,1698,2.68
Montgomery,Democrat,Bernie Sanders,5090,2.44
Jefferson,Democrat,Hillary Clinton,1550,2.84
Dearborn,Republican,Donald Trump,6617,2.66
Carroll,Republican,Donald Trump,1133,2.72
Harlan,Republican,Donald Trump,436,2.15
Uvalde,Democrat,Hillary Clinton,1740,3.01
Brevard,Republican,Donald Trump,45483,2.44
Hamilton,Democrat,Hillary Clinton,353,2.39
El Dorado,Republican,Donald Trump,17651,2.64
Pontotoc,Democrat,Bernie Sanders,2392,2.47
Lake,Republican,Donald Trump,803,2.72
Chatham,Democrat,Hillary Clinton,7406,2.46
Summit,Democrat,Bernie Sanders,419,2.48
Holmes,Democrat,Hillary Clinton,3301,2.81
Iron,Republican,Donald Trump,868,2.13
Saline,Republican,Donald Trump,1417,2.48
Fannin,Republican,Donald Trump,3001,2.36
Little River,Democrat,Hillary Clinton,721,2.41
Lauderdale,Republican,Donald Trump,4740,2.56
Natrona,Democrat,Hillary Clinton,20,2.44
Treasure,Republican,Donald Trump,143,2.14
O'Brien,Republican,Ted Cruz,347,2.27
Coles,Republican,Donald Trump,3156,2.33
Stone,Republican,Donald Trump,3928,2.37
Pittsburg,Democrat,Bernie Sanders,3026,2.32
Alpine,Democrat,Bernie Sanders,129,2.9
Webster,Democrat,Bernie Sanders,1169,2.58
Izard,Republican,Donald Trump,873,2.26
Banner,Republican,Donald Trump,108,2.47
Clare,Republican,Donald Trump,1996,2.29
Newberry,Democrat,Hillary Clinton,2118,2.55
Wibaux,Republican,Donald Trump,231,2.22
Ford,Republican,Ted Cruz,1281,2.4
Gulf,Republican,Donald Trump,1038,2.49
LaSalle,Republican,Donald Trump,577,2.45
Allen,Republican,Ted Cruz,29963,2.55
Gloucester,Democrat,Hillary Clinton,17954,2.73
McCurtain,Democrat,Bernie Sanders,1314,2.49
Jackson,Democrat,Bernie Sanders,3021,2.36
Somerset,Republican,Donald Trump,1686,2.29
Otsego,Democrat,Bernie Sanders,2623,2.36
Weston,Democrat,Bernie Sanders,1,2.29
Union,Republican,Donald Trump,2169,2.62
Bourbon,Democrat,Hillary Clinton,1109,2.51
Woodford,Republican,Ted Cruz,5091,2.63
Brooks,Democrat,Hillary Clinton,1603,2.89
Hopewell,Democrat,Hillary Clinton,1177,2.53
Fresno,Republican,Donald Trump,37672,3.18
Napa,Democrat,Hillary Clinton,7370,2.69
Bossier,Republican,Ted Cruz,4988,2.57
Daviess,Republican,Donald Trump,3894,2.81
Brookings,Democrat,Hillary Clinton,955,2.38
McIntosh,Democrat,Bernie Sanders,1261,2.48
Fairfax City,Democrat,Hillary Clinton,1840,2.65
Barry,Republican,Donald Trump,3478,2.59
Wexford,Republican,Donald Trump,2578,2.59
Kent,Democrat,Hillary Clinton,1460,2.46
McCreary,Republican,Donald Trump,725,2.57
Woodford,Democrat,Bernie Sanders,1918,2.55
Union,Republican,Donald Trump,719,2.79
Kemper,Democrat,Hillary Clinton,1008,2.64
Otero,Democrat,Bernie Sanders,94,2.45
Dawson,Republican,Donald Trump,1950,2.73
Metcalfe,Democrat,Bernie Sanders,582,2.53
Lewis,Republican,Donald Trump,522,2.74
Morgan,Democrat,Bernie Sanders,87,2.65
La Crosse,Democrat,Bernie Sanders,15139,2.4
McCone,Republican,Donald Trump,410,2.34
Boulder,Democrat,Bernie Sanders,11142,2.42
Yolo,Democrat,Hillary Clinton,12567,2.76
Brewster,Democrat,Bernie Sanders,771,2.18
Grand Traverse,Democrat,Bernie Sanders,8091,2.45
Otoe,Republican,Donald Trump,1255,2.4
Dallas,Democrat,Hillary Clinton,113574,2.77
Cherokee,Republican,Donald Trump,18460,2.85
Butte,Republican,Donald Trump,15695,2.53
Dubois,Republican,Donald Trump,4692,2.59
Durham,Democrat,Hillary Clinton,35845,2.36
Winnebago,Democrat,Bernie Sanders,17818,2.33
Sabine,Republican,Ted Cruz,728,2.6
Boone,Republican,Donald Trump,2577,2.43
Montgomery,Republican,Donald Trump,4412,2.53
Kosciusko,Republican,Donald Trump,8748,2.56
Lyon,Republican,Ted Cruz,432,2.6
Abbeville,Democrat,Hillary Clinton,1501,2.49
Park,Democrat,Bernie Sanders,231,2.27
Essex,Democrat,Bernie Sanders,1932,2.28
Branch,Republican,Donald Trump,2455,2.64
Pocahontas,Democrat,Hillary Clinton,198,2.19
Kleberg,Democrat,Hillary Clinton,1738,2.68
Pulaski,Republican,Donald Trump,2821,2.39
Murray,Republican,Donald Trump,3084,2.79
Petroleum,Republican,Donald Trump,167,2.31
Delaware,Republican,Donald Trump,8793,2.36
Saline,Republican,Donald Trump,2102,2.38
Mingo,Democrat,Bernie Sanders,2425,2.43
Robertson,Democrat,Bernie Sanders,177,2.5
Trumbull,Democrat,Hillary Clinton,17903,2.37
Pierce,Republican,Donald Trump,1345,2.67
Santa Clara,Democrat,Hillary Clinton,109963,2.92
Osceola,Democrat,Hillary Clinton,16512,3.07
Wheatland,Republican,Donald Trump,380,2.5
Polk,Republican,Ted Cruz,3430,2.5
Fredericksburg,Democrat,Hillary Clinton,1396,2.38
Dodge,Republican,Donald Trump,1360,2.36
Cumberland,Republican,Ted Cruz,1081,2.59
Lee,Republican,Donald Trump,3057,2.79
Logan,Republican,Ted Cruz,2361,2.13
Adair,Democrat,Bernie Sanders,971,2.76
Gentry,Republican,Donald Trump,435,2.33
Burlington,Democrat,Hillary Clinton,32712,2.65
Walton,Republican,Donald Trump,6650,2.41
Maverick,Democrat,Hillary Clinton,4342,3.45
Hancock,Republican,Donald Trump,9520,2.68
Lewis,Republican,Donald Trump,286,2.28
Lamar,Republican,Donald Trump,1810,2.32
Blackford,Republican,Donald Trump,1019,2.41
Linn,Republican,Donald Trump,955,2.56
Madison,Republican,Ted Cruz,452,2.52
Bienville,Democrat,Hillary Clinton,1056,2.45
Barren,Democrat,Bernie Sanders,2653,2.51
Robeson,Democrat,Hillary Clinton,8457,2.9
Harris,Democrat,Hillary Clinton,156729,2.89
Franklin,Democrat,Bernie Sanders,2338,2.35
Jefferson,Republican,Donald Trump,3281,2.4
Greenup,Democrat,Bernie Sanders,1655,2.51
West Carroll,Republican,Ted Cruz,342,2.61
Rio Arriba,Democrat,Hillary Clinton,4915,2.68
Carbon,Republican,Donald Trump,1507,2.32
Franklin,Republican,Ted Cruz,1187,3.07
Arkansas,Republican,Donald Trump,1073,2.36
Montgomery,Democrat,Bernie Sanders,192,2.28
Nemaha,Republican,Donald Trump,472,2.23
Berrien,Republican,Donald Trump,7817,2.51
Wabash,Republican,Donald Trump,3932,2.41
Glascock,Republican,Donald Trump,405,2.53
Stewart,Democrat,Hillary Clinton,460,2.74
Flathead,Republican,Donald Trump,10642,2.45
Tyrrell,Democrat,Hillary Clinton,266,2.48
Halifax,Democrat,Hillary Clinton,6224,2.45
Monroe,Republican,Donald Trump,8802,2.55
Nelson,Democrat,Hillary Clinton,991,2.31
Rio Grande,Democrat,Bernie Sanders,59,2.46
Brooke,Democrat,Bernie Sanders,1966,2.3
Phillips,Republican,Donald Trump,1097,2.28
Gilmer,Democrat,Bernie Sanders,643,2.49
Dewey,Democrat,Bernie Sanders,342,3.17
Hinsdale,Democrat,Bernie Sanders,10,2.06
Kane,Democrat,Bernie Sanders,31085,3.01
Kearney,Republican,Donald Trump,614,2.44
Kenosha,Democrat,Bernie Sanders,14612,2.6
Gadsden,Democrat,Hillary Clinton,7446,2.62
Webb,Democrat,Hillary Clinton,18559,3.74
Georgetown,Democrat,Hillary Clinton,4931,2.58
Pike,Republican,Donald Trump,2493,2.4
Wright,Democrat,Hillary Clinton,273,2.4
Marion,Democrat,Hillary Clinton,3359,2.69
Dundy,Republican,Donald Trump,219,2.18
Carroll,Republican,Donald Trump,1004,2.52
Bertie,Democrat,Hillary Clinton,2065,2.58
Carroll,Democrat,Hillary Clinton,0,2.47
Andrew,Republican,Donald Trump,1457,2.55
Ottawa,Democrat,Bernie Sanders,1238,2.55
Washington,Democrat,Hillary Clinton,601,2.54
Barton,Republican,Ted Cruz,1560,2.42
Tunica,Democrat,Hillary Clinton,904,2.53
Richland,Democrat,Hillary Clinton,696,2.59
Logan,Republican,Donald Trump,1208,2.63
Teton,Democrat,Bernie Sanders,9,2.76
Carroll,Democrat,Bernie Sanders,573,2.46
Lee,Democrat,Hillary Clinton,3224,2.72
Cass,Democrat,Hillary Clinton,300,2.21
Cassia,Republican,Ted Cruz,2095,2.96
Santa Fe,Democrat,Hillary Clinton,16087,2.33
Jefferson,Democrat,Bernie Sanders,8281,2.42
Jackson,Republican,Donald Trump,8113,2.52
Faulkner,Republican,Ted Cruz,6228,2.62
Gooding,Republican,Ted Cruz,863,2.73
Union,Democrat,Hillary Clinton,2548,2.45
Lamar,Republican,Donald Trump,5197,2.6
Claiborne,Democrat,Hillary Clinton,768,2.67
Broome,Democrat,Bernie Sanders,9176,2.37
San Miguel,Democrat,Hillary Clinton,3418,2.38
Calhoun,Democrat,Bernie Sanders,803,2.41
Love,Democrat,Bernie Sanders,502,2.78
Furnas,Republican,Donald Trump,546,2.18
Mississippi,Republican,Donald Trump,970,2.5
Sevier,Republican,Donald Trump,593,2.95
Randolph,Republican,Donald Trump,2939,2.46
Montgomery,Democrat,Bernie Sanders,1322,2.59
Guilford,Democrat,Hillary Clinton,37880,2.44
Coconino,Democrat,Bernie Sanders,6941,2.74
Loup,Republican,Donald Trump,101,2.42
Clarke,Democrat,Hillary Clinton,7089,2.61
Elbert,Democrat,Bernie Sanders,144,2.81
Barry,Republican,Ted Cruz,3189,2.62
Livingston,Republican,Donald Trump,1191,2.42
Crittenden,Democrat,Hillary Clinton,3379,2.72
Gem,Republican,Ted Cruz,1391,2.62
Jones,Republican,Donald Trump,2318,2.73
Pulaski,Republican,Donald Trump,436,2.45
Alpena,Republican,Donald Trump,1885,2.24
Hudspeth,Democrat,Hillary Clinton,147,2.92
Martin,Republican,Donald Trump,1398,2.45
McCracken,Democrat,Bernie Sanders,3541,2.38
Johnson,Democrat,Bernie Sanders,1,2.31
Columbia,Republican,Donald Trump,9177,2.9
Orange,Democrat,Hillary Clinton,66654,2.76
Dorchester,Republican,Donald Trump,2744,2.39
Taylor,Republican,Donald Trump,550,2.24
Sumter,Democrat,Hillary Clinton,9816,2.66
Emanuel,Republican,Donald Trump,1489,2.71
White,Republican,Ted Cruz,4395,2.5
Early,Republican,Donald Trump,760,2.61
St. Lucie,Republican,Donald Trump,18350,2.62
Owyhee,Republican,Ted Cruz,717,2.9
Seminole,Republican,Donald Trump,25763,2.87
Albany,Democrat,Bernie Sanders,20422,2.35
Menard,Republican,Ted Cruz,1064,2.47
Boone,Democrat,Bernie Sanders,715,2.41
Wells,Republican,Ted Cruz,3826,2.49
Acadia,Democrat,Hillary Clinton,1862,2.7
Fulton,Democrat,Bernie Sanders,2537,2.37
Effingham,Republican,Donald Trump,3648,2.96
Franklin,Republican,Donald Trump,761,2.39
Luce,Republican,Donald Trump,407,2.25
Montcalm,Republican,Donald Trump,3051,2.59
Coweta,Republican,Donald Trump,9593,2.74
Dade,Republican,Donald Trump,1151,2.44
Blount,Republican,Donald Trump,7390,2.7
Schuyler,Republican,Donald Trump,697,2.31
DeKalb,Republican,Donald Trump,6247,2.82
Hart,Democrat,Bernie Sanders,1062,2.54
Queen Anne's,Republican,Donald Trump,5195,2.75
Onondaga,Democrat,Hillary Clinton,20397,2.43
Poinsett,Republican,Donald Trump,1036,2.56
Sarasota,Republican,Donald Trump,34593,2.21
Washtenaw,Democrat,Bernie Sanders,38063,2.42
Chicot,Democrat,Hillary Clinton,1370,2.41
Arthur,Republican,Donald Trump,68,2.86
Ripley,Republican,Donald Trump,1096,2.52
Marion,Republican,Donald Trump,473,2.87
Baker,Republican,Donald Trump,2163,3.01
Beaufort,Democrat,Hillary Clinton,9945,2.46
Jefferson,Republican,Donald Trump,17781,2.69
Charlton,Republican,Donald Trump,602,3.12
Echols,Republican,Donald Trump,268,2.93
Lincoln,Democrat,Hillary Clinton,599,2.53
Hamilton,Republican,Donald Trump,1030,2.56
Spencer,Republican,Donald Trump,2350,2.58
Marion,Democrat,Hillary Clinton,59649,2.49
Isabella,Democrat,Bernie Sanders,4024,2.58
Madison,Democrat,Bernie Sanders,2044,2.41
Lee,Democrat,Hillary Clinton,929,2.44
Washington,Republican,Ted Cruz,542,2.4
Scott,Democrat,Bernie Sanders,4144,2.44
Mahoning,Democrat,Hillary Clinton,21000,2.34
Merced,Democrat,Hillary Clinton,7169,3.36
Cole,Republican,Ted Cruz,6159,2.46
Glenn,Republican,Donald Trump,1699,2.87
Webster,Republican,Donald Trump,1191,2.45
Charlotte,Republican,Donald Trump,16525,2.24
Fountain,Republican,Donald Trump,2742,2.44
Chowan,Democrat,Hillary Clinton,974,2.42
Bullitt,Democrat,Bernie Sanders,3210,2.69
Warren,Republican,Donald Trump,1018,2.37
St. Joseph,Republican,Donald Trump,19059,2.49
King and Queen,Democrat,Hillary Clinton,477,2.45
Jefferson,Democrat,Hillary Clinton,1519,2.58
West Baton Rouge,Democrat,Hillary Clinton,2178,2.65
McDonough,Republican,Donald Trump,1599,2.18
Kit Carson,Democrat,Bernie Sanders,16,2.43
Clark,Republican,Ted Cruz,62,2.41
Estill,Democrat,Hillary Clinton,446,2.48
Talbot,Republican,Donald Trump,3104,2.33
Pushmataha,Democrat,Bernie Sanders,667,2.3
Cecil,Republican,Donald Trump,7348,2.74
Manhattan,Democrat,Hillary Clinton,177496,2.1
Scott,Democrat,Hillary Clinton,2505,2.6
Franklin,Republican,Donald Trump,9080,2.56
Chester,Democrat,Hillary Clinton,1962,2.63
Adams,Republican,Donald Trump,5233,2.43
Grant,Democrat,Bernie Sanders,715,2.92
Humphreys,Democrat,Hillary Clinton,2894,2.95
Washington,Democrat,Bernie Sanders,41841,2.64
DeKalb,Democrat,Bernie Sanders,8315,2.59
Fulton,Democrat,Hillary Clinton,315,2.3
Shelby,Republican,Donald Trump,5044,2.55
Jasper,Democrat,Hillary Clinton,2194,2.86
Lake,Republican,Donald Trump,26393,2.53
Reeves,Democrat,Hillary Clinton,1128,3.31
Essex,Democrat,Hillary Clinton,75071,2.76
Middlesex,Democrat,Hillary Clinton,47978,2.82
Lassen,Republican,Donald Trump,2508,2.36
Dixie,Republican,Donald Trump,1103,2.49
Perry,Republican,Donald Trump,1642,2.4
Sumter,Republican,Donald Trump,17769,2.04
Jeff Davis,Republican,Donald Trump,1071,2.71
Ada,Republican,Ted Cruz,20156,2.6
Sioux,Republican,Ted Cruz,1524,2.72
Mercer,Republican,Donald Trump,455,2.34
Bond,Republican,Donald Trump,1102,2.65
Greene,Republican,Ted Cruz,26784,2.3
Clinton,Republican,Donald Trump,2522,2.55
Fergus,Republican,Donald Trump,1975,2.24
Chilton,Republican,Donald Trump,5273,2.67
Webster,Republican,Donald Trump,191,2.45
Harmon,Democrat,Bernie Sanders,167,2.5
McDonald,Republican,Donald Trump,1580,2.76
Monroe,Democrat,Hillary Clinton,2438,2.71
Suwannee,Republican,Donald Trump,2844,2.64
Custer,Republican,Donald Trump,1306,2.26
Ray,Republican,Donald Trump,1565,2.63
Franklin,Republican,Donald Trump,1229,2.61
Hardin,Democrat,Hillary Clinton,4359,2.6
Shelby,Republican,Donald Trump,18260,2.64
Lake,Republican,Donald Trump,2927,2.38
Evans,Republican,Donald Trump,481,2.55
Hillsborough,Democrat,Hillary Clinton,68936,2.63
Champaign,Democrat,Bernie Sanders,20581,2.35
Guthrie,Democrat,Hillary Clinton,220,2.29
Shelby,Democrat,Hillary Clinton,2195,2.66
Hidalgo,Democrat,Hillary Clinton,40276,3.6
Meagher,Republican,Donald Trump,394,2.62
Monroe,Democrat,Hillary Clinton,843,2.33
Johnson,Republican,Donald Trump,326,2.17
Broomfield,Democrat,Bernie Sanders,1010,2.59
Hillsdale,Republican,Donald Trump,3060,2.55
Lincoln,Democrat,Hillary Clinton,1692,2.56
Maricopa,Republican,Donald Trump,144522,2.72
Lincoln,Republican,Donald Trump,3235,2.34
Lee,Democrat,Hillary Clinton,956,2.54
Bay,Democrat,Bernie Sanders,6363,2.4
Hopkins,Democrat,Bernie Sanders,2696,2.48
Adair,Republican,Donald Trump,1404,2.31
White,Republican,Donald Trump,3044,2.54
Alexandria,Democrat,Hillary Clinton,16281,2.17
Kiowa,Democrat,Bernie Sanders,514,2.35
Haywood,Democrat,Hillary Clinton,1197,2.58
Henry,Democrat,Hillary Clinton,15639,2.97
Trinity,Republican,Donald Trump,1026,2.35
Powell,Republican,Donald Trump,818,2.31
Laramie,Democrat,Hillary Clinton,26,2.48
Flagler,Republican,Donald Trump,9684,2.71
Long,Republican,Donald Trump,633,3.11
Bath,Democrat,Bernie Sanders,641,2.61
Macon,Republican,Donald Trump,1489,2.38
Teller,Democrat,Bernie Sanders,219,2.44
Louisa,Republican,Donald Trump,261,2.56
Wakulla,Republican,Donald Trump,1664,2.61
Summit,Democrat,Bernie Sanders,1645,2.72
Tift,Republican,Donald Trump,2697,2.84
Perkins,Republican,Donald Trump,331,2.3
Crawford,Republican,Donald Trump,930,2.7
Teton,Republican,Ted Cruz,465,2.82
Henrico,Democrat,Hillary Clinton,28121,2.49
Collier,Republican,Donald Trump,30071,2.64
Clay,Republican,Donald Trump,3615,2.59
Wasco,Democrat,Bernie Sanders,1795,2.39
Winn,Democrat,Hillary Clinton,488,2.43
Val Verde,Democrat,Hillary Clinton,1777,3.14
Jefferson,Democrat,Hillary Clinton,17581,2.57
Clay,Republican,Donald Trump,19374,2.82
Meade,Democrat,Bernie Sanders,1541,2.79
Jackson,Republican,Donald Trump,5362,2.52
Beaver,Democrat,Hillary Clinton,12963,2.35
Dunklin,Republican,Donald Trump,1781,2.42
Towns,Republican,Donald Trump,1356,2.29
Marion,Republican,Ted Cruz,1011,2.48
Dunn,Democrat,Bernie Sanders,4272,2.5
Washington,Republican,Donald Trump,3156,2.61
Arlington,Democrat,Hillary Clinton,25561,2.24
Jefferson,Democrat,Bernie Sanders,347,2.56
Sampson,Democrat,Hillary Clinton,3790,2.69
Wake,Democrat,Hillary Clinton,77927,2.6
Hendricks,Republican,Donald Trump,18555,2.75
Ascension,Democrat,Hillary Clinton,4221,2.85
Tuscaloosa,Democrat,Hillary Clinton,12136,2.76
Clatsop,Democrat,Bernie Sanders,3334,2.3
Stoddard,Republican,Donald Trump,3024,2.39
Winston,Republican,Donald Trump,3352,2.52
Kent,Democrat,Bernie Sanders,43375,2.61
Fayette,Republican,Donald Trump,2479,2.41
Gates,Democrat,Hillary Clinton,749,2.67
Randolph,Republican,Donald Trump,735,2.42
Carroll,Republican,Ben Carson,0,2.47
Riverside,Republican,Donald Trump,82814,3.21
Contra Costa,Democrat,Hillary Clinton,69809,2.81
Schley,Republican,Donald Trump,331,2.73
Bent,Democrat,Hillary Clinton,26,2.17
Staunton,Democrat,Bernie Sanders,1364,2.15
Monongalia,Democrat,Bernie Sanders,8096,2.5
Taylor,Democrat,Hillary Clinton,140,2.22
Posey,Republican,Donald Trump,3159,2.53
Yancey,Democrat,Bernie Sanders,1386,2.41
Van Buren,Democrat,Bernie Sanders,3656,2.6
Fayette,Republican,Donald Trump,1933,2.57
Cedar,Republican,Ted Cruz,1404,2.29
Desha,Democrat,Hillary Clinton,1342,2.39
McLean,Democrat,Bernie Sanders,628,2.5
Grant,Republican,Donald Trump,722,2.6
Midland,Republican,Ted Cruz,4720,2.45
Haralson,Republican,Donald Trump,2818,2.6
Dallas,Republican,Marco Rubio,2469,2.63
Musselshell,Republican,Donald Trump,1032,2.36
Jones,Democrat,Hillary Clinton,910,2.42
Kalkaska,Republican,Donald Trump,1724,2.4
Sacramento,Democrat,Hillary Clinton,68248,2.72
Holt,Republican,Donald Trump,1302,2.29
Oglethorpe,Republican,Donald Trump,1230,2.8
Mason,Democrat,Bernie Sanders,775,2.6
Cheboygan,Republican,Donald Trump,2089,2.24
Decatur,Republican,Ted Cruz,173,2.43
Tate,Republican,Ted Cruz,2034,2.73
Philadelphia,Democrat,Hillary Clinton,212785,2.56
Montgomery,Republican,Donald Trump,712,2.6
Bernalillo,Democrat,Bernie Sanders,38247,2.5
Leon,Democrat,Hillary Clinton,27333,2.4
New Madrid,Republican,Donald Trump,1376,2.47
Moffat,Democrat,Bernie Sanders,28,2.61
Atoka,Democrat,Bernie Sanders,723,2.4
Cherry,Republican,Donald Trump,1220,2.15
Todd,Democrat,Bernie Sanders,507,2.7
San Juan,Democrat,Bernie Sanders,27,2.05
Danville,Democrat,Hillary Clinton,2676,2.22
Jackson,Democrat,Bernie Sanders,4656,2.33
Cherokee,Republican,Donald Trump,2777,2.2
Caroline,Republican,Donald Trump,2521,2.73
Lincoln,Democrat,Hillary Clinton,779,2.52
Karnes,Democrat,Hillary Clinton,719,2.54
Minnehaha,Democrat,Hillary Clinton,6018,2.48
Bartow,Republican,Donald Trump,8281,2.88
Johnson,Republican,Donald Trump,1075,2.5
DuPage,Democrat,Bernie Sanders,65159,2.71
Ouachita,Democrat,Hillary Clinton,2095,2.36
Lafayette,Democrat,Hillary Clinton,443,2.7
Sublette,Democrat,Bernie Sanders,3,2.84
St. Bernard,Democrat,Hillary Clinton,1057,2.81
San Mateo,Democrat,Hillary Clinton,47358,2.79
Berkeley,Democrat,Hillary Clinton,9471,2.77
Deer Lodge,Democrat,Hillary Clinton,986,2.17
Boone,Republican,Donald Trump,740,2.38
Williamsburg,Democrat,Hillary Clinton,4609,2.76
Tippecanoe,Republican,Donald Trump,10296,2.43
Daviess,Republican,Donald Trump,634,2.61
Trempealeau,Democrat,Bernie Sanders,2429,2.43
Putnam,Democrat,Bernie Sanders,504,2.39
Bell,Republican,Donald Trump,692,2.46
Harlan,Democrat,Bernie Sanders,1092,2.51
Harrison,Republican,Donald Trump,4326,2.67
Lowndes,Democrat,Hillary Clinton,3782,2.61
Martin,Republican,Donald Trump,16065,2.41
Phelps,Republican,Donald Trump,3425,2.5
Surry,Democrat,Hillary Clinton,812,2.66
Madison,Democrat,Hillary Clinton,4351,2.64
Fayette,Republican,Donald Trump,8055,2.81
Coal,Democrat,Bernie Sanders,456,2.51
Carter,Republican,Donald Trump,349,2.46
Laurel,Republican,Donald Trump,2313,2.55
Box Butte,Republican,Donald Trump,1188,2.28
Hyde,Democrat,Hillary Clinton,459,2.34
St. Louis City,Democrat,Hillary Clinton,34458,2.19
Miller,Republican,Ted Cruz,2741,2.49
Sonoma,Democrat,Hillary Clinton,44923,2.57
Jackson,Republican,Donald Trump,5463,2.53
Centre,Democrat,Bernie Sanders,10269,2.4
Cuyahoga,Democrat,Hillary Clinton,125914,2.33
Radford,Democrat,Bernie Sanders,655,2.49
Sebastian,Republican,Donald Trump,6030,2.53
Caldwell,Republican,Donald Trump,780,2.42
Dona Ana,Democrat,Hillary Clinton,9097,2.79
Twiggs,Democrat,Hillary Clinton,818,2.85
Hale,Democrat,Hillary Clinton,2426,2.56
Berrien,Republican,Donald Trump,1563,2.69
Boise,Republican,Donald Trump,691,2.29
Ste. Genevieve,Republican,Donald Trump,1080,2.45
Marquette,Democrat,Bernie Sanders,5530,2.38
Big Horn,Democrat,Hillary Clinton,2,2.59
Hampton,Democrat,Hillary Clinton,13529,2.52
Delta,Democrat,Bernie Sanders,417,2.33
Parke,Republican,Donald Trump,1996,2.66
Antrim,Republican,Donald Trump,1969,2.39
Payne,Democrat,Bernie Sanders,3829,2.33
Lewis,Republican,Donald Trump,801,2.39
Page,Republican,Ted Cruz,249,2.27
Iberia,Democrat,Hillary Clinton,2171,2.71
Broward,Democrat,Hillary Clinton,132527,2.67
Jasper,Republican,Ted Cruz,11113,2.55
Kinney,Democrat,Hillary Clinton,211,2.81
Ogemaw,Republican,Donald Trump,1612,2.36
Sequoyah,Democrat,Bernie Sanders,1872,2.65
Granite,Republican,Donald Trump,487,2.07
Rankin,Republican,Donald Trump,13729,2.6
Mason,Republican,Donald Trump,1785,2.26
Simpson,Democrat,Hillary Clinton,708,2.54
Ashley,Democrat,Hillary Clinton,1375,2.47
Pondera,Republican,Donald Trump,930,2.52
Terrell,Democrat,Hillary Clinton,67,2.08
Hidalgo,Democrat,Hillary Clinton,515,2.57
Hancock,Republican,Donald Trump,1494,2.3
Merrick,Republican,Donald Trump,775,2.29
Kankakee,Republican,Donald Trump,6403,2.62
Macoupin,Democrat,Bernie Sanders,3552,2.41
Madison,Democrat,Bernie Sanders,4385,2.49
Knox,Democrat,Bernie Sanders,3168,2.25
Crockett,Democrat,Hillary Clinton,266,2.73
Lake,Democrat,Bernie Sanders,2704,2.38
Dolores,Democrat,Bernie Sanders,22,2.19
Greene,Democrat,Hillary Clinton,1643,2.71
Alamosa,Democrat,Bernie Sanders,167,2.51
Casey,Republican,Donald Trump,1029,2.59
St. Tammany,Republican,Donald Trump,12933,2.68
Tuscola,Republican,Donald Trump,3750,2.55
Union,Republican,Donald Trump,1332,2.47
Adams,Republican,Donald Trump,354,2.27
Henderson,Republican,Donald Trump,516,2.22
Kershaw,Democrat,Hillary Clinton,3743,2.55
Camden,Democrat,Hillary Clinton,43720,2.69
Park,Republican,Donald Trump,1901,2.39
Randolph,Republican,Donald Trump,1887,2.59
Montezuma,Democrat,Bernie Sanders,412,2.36
Lee,Republican,Ted Cruz,5921,2.59
Mariposa,Republican,Donald Trump,1940,2.36
Greene,Republican,Donald Trump,1014,2.33
Paulding,Republican,Donald Trump,10002,2.99
Washita,Democrat,Bernie Sanders,700,2.48
Delaware,Democrat,Hillary Clinton,440,2.44
Nevada,Democrat,Bernie Sanders,8472,2.38
Blaine,Republican,Donald Trump,543,2.28
Ohio,Democrat,Bernie Sanders,943,2.71
Grenada,Republican,Donald Trump,1727,2.69
Pointe Coupee,Democrat,Hillary Clinton,1680,2.55
Butler,Democrat,Bernie Sanders,350,2.37
Kern,Republican,Donald Trump,33838,3.19
Cass,Republican,Donald Trump,2859,2.63
Mercer,Democrat,Bernie Sanders,1331,2.42
Nash,Democrat,Hillary Clinton,8554,2.47
Morgan,Republican,Donald Trump,2378,2.32
Warren,Republican,Donald Trump,1321,2.55
Lapeer,Republican,Donald Trump,7446,2.65
Placer,Republican,Donald Trump,25700,2.66
Hancock,Democrat,Hillary Clinton,1112,2.78
Attala,Democrat,Hillary Clinton,1519,2.65
Pope,Republican,Donald Trump,507,2.33
Rush,Republican,Donald Trump,2362,2.47
Franklin,Republican,Donald Trump,333,2.21
Montgomery,Democrat,Hillary Clinton,28650,2.49
Garvin,Democrat,Bernie Sanders,1505,2.62
Christian,Republican,Ted Cruz,10586,2.63
McIntosh,Republican,Donald Trump,1078,2.81
Thomas,Republican,Donald Trump,2649,2.51
San Benito,Democrat,Hillary Clinton,2022,3.28
Cross,Republican,Donald Trump,972,2.57
Bingham,Republican,Ted Cruz,3471,3.08
Mora,Democrat,Hillary Clinton,986,3.1
Mineral,Democrat,Bernie Sanders,25,1.85
Silver Bow,Democrat,Hillary Clinton,4089,2.21
Mason,Republican,Donald Trump,896,2.27
Pinellas,Democrat,Hillary Clinton,63699,2.24
Jones,Democrat,Bernie Sanders,480,2.38
Chesterfield,Democrat,Hillary Clinton,22674,2.78
Oklahoma,Democrat,Hillary Clinton,34255,2.52
Muscatine,Democrat,Bernie Sanders,972,2.58
Spencer,Democrat,Bernie Sanders,806,2.76
Dickinson,Republican,Donald Trump,1708,2.25
Garden,Republican,Donald Trump,372,2.29
Garfield,Democrat,Bernie Sanders,734,2.76
Keya Paha,Republican,Donald Trump,203,1.97
Fairfield,Democrat,Hillary Clinton,3260,2.46
Lafayette,Republican,Donald Trump,7171,2.54
Chase,Republican,Donald Trump,476,2.3
Neshoba,Republican,Donald Trump,2249,2.69
Essex,Democrat,Hillary Clinton,642,2.57
Laurens,Republican,Donald Trump,3088,2.67
Marshall,Democrat,Hillary Clinton,3361,2.67
White,Republican,Donald Trump,2715,2.29
Tipton,Republican,Donald Trump,2269,2.36
Converse,Democrat,Bernie Sanders,3,2.41
Grant,Republican,Ted Cruz,1329,2.59
Livingston,Republican,Ted Cruz,3235,2.37
Van Buren,Republican,Donald Trump,1198,2.4
Calaveras,Republican,Donald Trump,4902,2.38
Atchison,Republican,Donald Trump,487,2.21
Hitchcock,Republican,Donald Trump,305,2.07
Mecklenburg,Democrat,Hillary Clinton,71265,2.54
Montrose,Democrat,Bernie Sanders,258,2.44
Gunnison,Democrat,Bernie Sanders,481,2.27
Turner,Republican,Donald Trump,652,2.61
Sumter,Democrat,Hillary Clinton,1960,2.63
Jackson,Democrat,Hillary Clinton,450,2.3
St. James,Democrat,Hillary Clinton,2114,2.78
Moultrie,Republican,Ted Cruz,1321,2.54
Fayette,Democrat,Hillary Clinton,525,2.4
Rapides,Democrat,Hillary Clinton,4722,2.68
Dinwiddie,Democrat,Hillary Clinton,1935,2.73
Eaton,Democrat,Bernie Sanders,7007,2.45
Clay,Republican,Ted Cruz,13559,2.56
Montgomery,Republican,Donald Trump,672,2.39
Iowa,Democrat,Hillary Clinton,357,2.37
Carroll,Democrat,Hillary Clinton,504,2.35
Liberty,Democrat,Hillary Clinton,2783,2.73
Screven,Republican,Donald Trump,801,2.72
Jackson,Republican,Donald Trump,9934,2.77
Pima,Democrat,Hillary Clinton,56317,2.5
LaClede,Republican,Donald Trump,3493,2.53
Genesee,Democrat,Hillary Clinton,31284,2.51
Tazewell,Republican,Ted Cruz,12085,2.45
Warren,Democrat,Hillary Clinton,1217,2.58
Chouteau,Republican,Donald Trump,865,2.53
Martinsville,Democrat,Hillary Clinton,834,2.22
Jeff Davis,Democrat,Hillary Clinton,1806,2.48
Franklin City,Democrat,Hillary Clinton,831,2.37
Carroll,Democrat,Bernie Sanders,0,2.47
Clarke,Democrat,Hillary Clinton,3148,2.63
Hooker,Republican,Donald Trump,119,2.21
Lee,Republican,Donald Trump,273,2.28
Kent,Republican,Donald Trump,8294,2.74
Niobrara,Democrat,Bernie Sanders,2,2.18
Clackamas,Democrat,Bernie Sanders,27969,2.58
Jefferson,Republican,Donald Trump,1648,2.46
Crawford,Republican,Donald Trump,1508,2.41
Covington,Republican,Donald Trump,1724,2.73
Jay,Republican,Donald Trump,2194,2.57
Gibson,Republican,Donald Trump,4237,2.5
Dawson,Republican,Donald Trump,1685,2.21
Pulaski,Republican,Donald Trump,2802,2.74
Custer,Republican,Donald Trump,430,2.26
Monroe,Republican,Donald Trump,698,2.46
Yuba,Republican,Donald Trump,3210,2.93
Winnebago,Democrat,Bernie Sanders,230,2.23
Wapello,Democrat,Hillary Clinton,817,2.38
JoDaviess,Republican,Donald Trump,1666,2.33
Huntington,Republican,Donald Trump,4100,2.52
Ringgold,Democrat,Hillary Clinton,132,2.39
Teton,Republican,Donald Trump,882,2.52
Socorro,Democrat,Hillary Clinton,1050,3.23
Union,Democrat,Hillary Clinton,822,2.6
Clarke,Democrat,Hillary Clinton,232,2.49
Fulton,Democrat,Hillary Clinton,82576,2.49
Lewis and Clark,Republican,Donald Trump,6194,2.35
Orange,Democrat,Bernie Sanders,18096,2.45
Wilcox,Republican,Donald Trump,602,2.6
Park,Democrat,Bernie Sanders,8,2.35
Monroe,Democrat,Hillary Clinton,37309,2.42
Anderson,Democrat,Bernie Sanders,1649,2.58
Jeff Davis,Democrat,Hillary Clinton,738,2.67
Lincoln,Republican,Donald Trump,742,2.3
Prince George,Democrat,Hillary Clinton,1992,2.92
Bleckley,Republican,Donald Trump,935,2.9
Bibb,Republican,Donald Trump,1959,3.03
DeKalb,Democrat,Hillary Clinton,82348,2.59
Autauga,Republican,Donald Trump,5387,2.71
Allen,Democrat,Hillary Clinton,536,2.66
Richmond,Democrat,Hillary Clinton,2941,2.48
Bureau,Republican,Donald Trump,2185,2.44
Ben Hill,Republican,Donald Trump,1020,2.83
Daviess,Democrat,Bernie Sanders,5188,2.51
Hamilton,Democrat,Hillary Clinton,758,2.45
Colfax,Republican,Donald Trump,494,2.81
Hudson,Democrat,Hillary Clinton,49798,2.61
Cochise,Republican,Donald Trump,6339,2.47
Amite,Democrat,Hillary Clinton,1212,2.49
Warren,Democrat,Bernie Sanders,5365,2.47
Costilla,Democrat,Hillary Clinton,64,2.61
Hamilton,Republican,Donald Trump,766,2.36
Wayne,Republican,Donald Trump,1735,2.52
Lauderdale,Republican,Donald Trump,7502,2.36
Greenlee,Democrat,Hillary Clinton,497,2.54
Madison,Republican,Donald Trump,1412,2.1
Solano,Democrat,Hillary Clinton,31753,2.85
Colfax,Democrat,Hillary Clinton,949,2.33
Carroll,Republican,Donald Trump,0,2.47
Toole,Republican,Donald Trump,863,2.3
Washington,Republican,Ted Cruz,783,2.52
Lee,Democrat,Hillary Clinton,7137,2.49
Roscommon,Republican,Donald Trump,2257,2.07
Iosco,Republican,Donald Trump,1973,2.26
Columbia,Democrat,Bernie Sanders,3302,2.38
Escambia,Republican,Donald Trump,20856,2.51
Greene,Democrat,Hillary Clinton,2714,2.72
Warrick,Republican,Donald Trump,7450,2.65
Marion,Republican,Donald Trump,1581,2.34
Noble,Republican,Donald Trump,4422,2.64
Cullman,Republican,Donald Trump,10618,2.53
Macon,Republican,Donald Trump,6655,2.36
Mono,Democrat,Bernie Sanders,917,2.65
Routt,Democrat,Bernie Sanders,406,2.38
Leelanau,Democrat,Bernie Sanders,2359,2.34
Nowata,Democrat,Bernie Sanders,530,2.56
Franklin,Democrat,Hillary Clinton,665,2.23
San Joaquin,Democrat,Hillary Clinton,25118,3.14
Taliaferro,Democrat,Hillary Clinton,236,2.49
Pitt,Democrat,Hillary Clinton,11856,2.49
Carroll,Republican,Donald Trump,2421,2.5
St. Clair,Republican,Donald Trump,8596,2.63
Newton,Republican,Donald Trump,1794,2.64
Cleburne,Republican,Donald Trump,2120,2.64
Lane,Democrat,Bernie Sanders,41883,2.38
Clay,Democrat,Hillary Clinton,623,2.25
Hamilton,Republican,Donald Trump,35031,2.73
Harris,Republican,Donald Trump,2542,2.79
Dallas,Republican,Donald Trump,1672,2.56
Jim Hogg,Democrat,Hillary Clinton,1421,2.9
Clayton,Democrat,Hillary Clinton,25130,2.99
Greeley,Republican,Donald Trump,125,2.44
Miami-Dade,Democrat,Hillary Clinton,129467,3.02
Saint Francis,Democrat,Hillary Clinton,1912,2.57
Orange,Republican,Donald Trump,146888,3.02
Deuel,Republican,Donald Trump,274,2.26
Newton,Democrat,Hillary Clinton,7269,2.93
Camas,Republican,Donald Trump,130,2.73
Marion,Republican,Donald Trump,3503,2.34
Mississippi,Democrat,Hillary Clinton,2017,2.64
Norfolk,Democrat,Hillary Clinton,15747,2.59
Allegheny,Democrat,Hillary Clinton,122399,2.26
Beaverhead,Republican,Donald Trump,1626,2.11
Bollinger,Republican,Donald Trump,1272,2.57
Adams,Republican,Ted Cruz,3851,2.8
Morrill,Republican,Donald Trump,695,2.37
Martin,Republican,Donald Trump,586,2.55
Beauregard,Republican,Ted Cruz,1363,2.67
Greene,Republican,Donald Trump,2103,2.53
Harrisonburg,Democrat,Bernie Sanders,2911,2.7
Duval,Democrat,Hillary Clinton,2272,2.84
Hoke,Democrat,Hillary Clinton,3528,2.96
Sussex,Republican,Donald Trump,17794,2.58
Marshall,Republican,Ted Cruz,1095,2.42
Ida,Republican,Donald Trump,136,2.19
Seminole,Republican,Donald Trump,754,2.63
Lackawanna,Democrat,Hillary Clinton,22971,2.4
Hempstead,Republican,Ted Cruz,917,2.67
Stephens,Republican,Donald Trump,1726,2.7
Harrison,Republican,Donald Trump,315,2.41
Shelby,Democrat,Hillary Clinton,66465,2.66
Cumberland,Republican,Donald Trump,1081,2.59
Colusa,Republican,Donald Trump,1342,3.07
Moniteau,Republican,Ted Cruz,1374,2.61
Tuolumne,Republican,Donald Trump,4949,2.31
Grant,Democrat,Bernie Sanders,4484,2.43
Coffee,Republican,Donald Trump,2469,2.73
Carroll,Republican,Donald Trump,7495,2.72
Menominee,Republican,Donald Trump,1304,2.18
Martin,Democrat,Hillary Clinton,2469,2.54
Putnam,Republican,Donald Trump,5119,2.57
Sutter,Republican,Donald Trump,4697,2.95
St. Charles,Republican,Donald Trump,30489,2.64
Dale,Republican,Donald Trump,4151,2.52
Edgefield,Democrat,Hillary Clinton,1474,2.62
Wilkinson,Democrat,Hillary Clinton,832,2.81
McPherson,Republican,Donald Trump,114,2.24
Cumberland,Democrat,Hillary Clinton,22744,2.55
Nicholas,Democrat,Bernie Sanders,420,2.42
Carter,Democrat,Bernie Sanders,1051,2.59
Lafayette,Republican,Donald Trump,2518,2.47
Jefferson,Democrat,Hillary Clinton,16580,2.55
Baldwin,Democrat,Hillary Clinton,3034,2.55
Marshall,Democrat,Hillary Clinton,287,2.62
Huerfano,Democrat,Bernie Sanders,150,2.0
Union,Democrat,Bernie Sanders,268,2.29
Wayne,Republican,Donald Trump,805,2.54
Lenawee,Republican,Donald Trump,5167,2.5
Spalding,Republican,Donald Trump,4257,2.74
Lamar,Republican,Donald Trump,1398,2.65
Lemhi,Republican,Donald Trump,757,2.0
Lanier,Republican,Donald Trump,512,2.66
Howard,Democrat,Hillary Clinton,30873,2.74
Westchester,Democrat,Hillary Clinton,69628,2.71
Webster,Democrat,Hillary Clinton,1878,2.5
Perry,Democrat,Hillary Clinton,2575,2.84
Daniels,Republican,Donald Trump,340,1.96
Oakland,Democrat,Hillary Clinton,92296,2.47
Douglas,Republican,Donald Trump,23754,2.51
Worcester,Republican,Donald Trump,5808,2.47
Elkhart,Republican,Ted Cruz,16204,2.78
Portsmouth,Democrat,Hillary Clinton,9464,2.52
Hood River,Democrat,Bernie Sanders,2527,2.62
Howard,Republican,Donald Trump,559,2.6
Hardin,Republican,Ted Cruz,417,2.35
Pitkin,Democrat,Bernie Sanders,421,2.27
Sweet Grass,Republican,Donald Trump,707,2.73
Ontonagon,Republican,Donald Trump,519,1.98
Gila,Republican,Donald Trump,3065,2.54
Warren,Democrat,Hillary Clinton,2827,2.59
Tama,Democrat,Hillary Clinton,476,2.53
Clinton,Republican,Donald Trump,1635,2.5
Tensas,Democrat,Hillary Clinton,492,2.33
Gladwin,Republican,Donald Trump,1774,2.33
Walker,Republican,Donald Trump,8394,2.55
Chippewa,Republican,Donald Trump,1959,2.33
Sangamon,Republican,Ted Cruz,12261,2.35
Bergen,Democrat,Hillary Clinton,55264,2.69
Mitchell,Democrat,Hillary Clinton,260,2.39
Sullivan,Republican,Donald Trump,510,2.46
Washington,Democrat,Hillary Clinton,2982,2.75
Polk,Republican,Donald Trump,3360,2.78
Harford,Republican,Donald Trump,21771,2.7
Montgomery,Republican,Donald Trump,2269,2.19
Monterey,Democrat,Hillary Clinton,17126,3.2
Gallatin,Democrat,Bernie Sanders,340,2.81
Burt,Republican,Donald Trump,603,2.29
Buffalo,Republican,Donald Trump,3748,2.51
Owsley,Republican,Donald Trump,168,2.7
Bacon,Republican,Donald Trump,904,2.66
Brunswick,Democrat,Hillary Clinton,1354,2.55
Deuel,Democrat,Hillary Clinton,162,2.41
Alameda,Democrat,Hillary Clinton,107102,2.76
Iroquois,Republican,Donald Trump,2836,2.42
McDuffie,Republican,Donald Trump,1288,2.62
Madison,Democrat,Bernie Sanders,18723,2.45
Knox,Republican,Donald Trump,343,2.33
Pope,Republican,Donald Trump,3073,2.63
Calhoun,Democrat,Hillary Clinton,1536,2.43
Keokuk,Democrat,Hillary Clinton,250,2.36
Calhoun,Democrat,Bernie Sanders,200,2.15
Canyon,Republican,Ted Cruz,11164,2.98
Cortland,Democrat,Bernie Sanders,1878,2.53
Calhoun,Republican,Donald Trump,8960,2.54
Henry,Republican,Donald Trump,1778,2.44
Ouray,Democrat,Bernie Sanders,156,2.3
Henry,Republican,Donald Trump,3021,2.43
Cass,Republican,Donald Trump,1811,2.57
Minidoka,Republican,Ted Cruz,1163,2.86
Chaffee,Democrat,Bernie Sanders,404,2.15
Carter,Democrat,Bernie Sanders,2113,2.7
Floyd,Democrat,Bernie Sanders,4010,2.49
Scott,Republican,Donald Trump,510,2.48
Benton,Republican,Marco Rubio,12863,2.74
Cherokee,Republican,Donald Trump,248,2.17
Larimer,Democrat,Bernie Sanders,6664,2.45
Elliott,Democrat,Bernie Sanders,443,2.59
Polk,Democrat,Hillary Clinton,12122,2.48
Pasquotank,Democrat,Hillary Clinton,2471,2.65
Peach,Democrat,Hillary Clinton,1675,2.62
West Feliciana,Democrat,Hillary Clinton,902,2.84
Madison,Democrat,Hillary Clinton,722,2.58
Athens,Democrat,Bernie Sanders,5663,2.49
Ozark,Republican,Donald Trump,1099,2.35
Madison,Republican,Donald Trump,23791,2.5
Bartholomew,Republican,Donald Trump,7918,2.56
Jefferson,Democrat,Hillary Clinton,67357,2.48
Lee,Republican,Donald Trump,51659,2.59
Albany,Democrat,Bernie Sanders,25,2.25
Caribou,Republican,Ted Cruz,602,2.56
Pike,Republican,Donald Trump,1930,2.86
Covington,Republican,Donald Trump,4608,2.48
Hot Springs,Democrat,Hillary Clinton,1,2.1
Culberson,Democrat,Hillary Clinton,355,2.75
Morgan,Democrat,Bernie Sanders,988,2.54
Claiborne,Democrat,Hillary Clinton,1411,2.84
Lee,Democrat,Hillary Clinton,2207,2.54
Braxton,Democrat,Bernie Sanders,1321,2.42
Dawes,Republican,Donald Trump,831,2.15
Johnston,Democrat,Bernie Sanders,606,2.51
Walton,Republican,Donald Trump,7910,2.84
Hardee,Republican,Donald Trump,1113,3.38
Cedar,Democrat,Bernie Sanders,445,2.37
Honolulu,Democrat,Bernie Sanders,11458,3.0
Piatt,Republican,Ted Cruz,1855,2.52
Lyon,Democrat,Bernie Sanders,561,2.12
Hill,Republican,Donald Trump,1342,2.58
Ashland,Democrat,Bernie Sanders,2304,2.27
Duplin,Democrat,Hillary Clinton,3036,2.64
Pawnee,Republican,Donald Trump,225,2.07
Butler,Republican,Donald Trump,3652,2.46
Chariton,Republican,Donald Trump,597,2.53
Marshall,Democrat,Bernie Sanders,738,2.62
Scotland,Republican,Donald Trump,395,2.48
Kauai,Democrat,Bernie Sanders,2049,2.99
Hawaii,Democrat,Bernie Sanders,5605,2.83
Washington,Democrat,Hillary Clinton,1511,2.59
Nottoway,Democrat,Hillary Clinton,829,2.61
Cobb,Democrat,Hillary Clinton,39277,2.64
Hall,Republican,Donald Trump,12536,2.93
Catahoula,Democrat,Hillary Clinton,431,2.52
Indian River,Republican,Donald Trump,13678,2.37
Butler,Republican,Donald Trump,564,2.45
Clarke,Republican,Donald Trump,1399,2.62
Loudoun,Democrat,Hillary Clinton,21171,3.04
Los Angeles,Democrat,Hillary Clinton,590502,3.01
Lafayette,Democrat,Bernie Sanders,1330,2.53
San Miguel,Democrat,Bernie Sanders,329,2.31
Choctaw,Republican,Donald Trump,765,2.43
Terrebonne,Republican,Donald Trump,3454,2.81
Platte,Republican,Ted Cruz,5798,2.45
Newaygo,Republican,Ted Cruz,3557,2.61
Yalobusha,Democrat,Hillary Clinton,1214,2.58
Latah,Republican,Ted Cruz,2134,2.31
Calhoun,Democrat,Hillary Clinton,413,2.55
Dimmit,Democrat,Hillary Clinton,1804,2.86
Big Horn,Democrat,Bernie Sanders,2,2.59
St. Clair,Democrat,Hillary Clinton,20987,2.57
Beadle,Democrat,Hillary Clinton,501,2.32
Iowa,Democrat,Bernie Sanders,3198,2.44
Glynn,Republican,Donald Trump,5516,2.51
Williamsburg,Democrat,Bernie Sanders,1197,2.29
Tillman,Democrat,Bernie Sanders,346,2.5
Washington,Democrat,Hillary Clinton,1663,2.57
Mills,Republican,Donald Trump,300,2.67
Benton,Republican,Donald Trump,2278,2.28
Franklin,Republican,Donald Trump,1997,2.47
Winnebago,Democrat,Bernie Sanders,16715,2.55
Palm Beach,Democrat,Hillary Clinton,103369,2.51
Emmet,Democrat,Bernie Sanders,2589,2.39
Franklin,Democrat,Hillary Clinton,4951,2.55
Petersburg,Democrat,Hillary Clinton,4099,2.53
Sedgwick,Democrat,Hillary Clinton,13,2.47
Grady,Republican,Donald Trump,1422,2.69
Bradford,Republican,Donald Trump,1802,2.72
Apache,Democrat,Hillary Clinton,4450,3.7
Crook,Democrat,Hillary Clinton,1,2.34
Perry,Republican,Donald Trump,1461,2.51
Ionia,Democrat,Bernie Sanders,2812,2.67
Issaquena,Democrat,Hillary Clinton,175,2.38
Polk,Republican,Donald Trump,33187,2.71
Alachua,Democrat,Hillary Clinton,17733,2.43
Orleans,Democrat,Hillary Clinton,40601,2.32
Monroe,Republican,Donald Trump,2602,2.6
Prince William,Democrat,Hillary Clinton,26439,3.11
Crawford,Republican,Donald Trump,2189,2.57
Gratiot,Democrat,Bernie Sanders,1812,2.45
Lowndes,Republican,Donald Trump,5194,2.7
Richland,Republican,Donald Trump,1435,2.4
Knott,Democrat,Bernie Sanders,1114,2.63
Sanders,Republican,Donald Trump,1992,2.17
Richland,Democrat,Bernie Sanders,1784,2.39
Miller,Republican,Donald Trump,2482,2.45
Simpson,Republican,Donald Trump,2420,2.72
Limestone,Republican,Donald Trump,8198,2.56
Graves,Democrat,Bernie Sanders,2631,2.54
Denver,Democrat,Bernie Sanders,14624,2.27
Winston,Democrat,Hillary Clinton,1442,2.44
Sunflower,Democrat,Hillary Clinton,2332,2.92
Grant,Democrat,Hillary Clinton,2272,2.36
Hancock,Democrat,Bernie Sanders,573,2.53
Osage,Republican,Donald Trump,1316,2.63
Carroll,Republican,Ted Cruz,0,2.47
Jackson,Republican,Donald Trump,711,2.28
Sussex,Democrat,Hillary Clinton,958,2.19
Northampton,Democrat,Hillary Clinton,868,2.32
Owen,Democrat,Bernie Sanders,720,2.34
Lake,Democrat,Bernie Sanders,165,2.33
Newton,Republican,Donald Trump,1814,2.6
Pulaski,Republican,Donald Trump,1668,2.58
Nevada,Democrat,Hillary Clinton,647,2.41
Whitley,Republican,Ted Cruz,4064,2.51
Marshall,Republican,Donald Trump,4755,2.63
Sumter,Democrat,Hillary Clinton,2987,2.57
Orange,Republican,Donald Trump,2574,2.54
Lincoln,Democrat,Hillary Clinton,3,2.88
Glacier,Democrat,Bernie Sanders,1074,3.1
Chickasaw,Democrat,Hillary Clinton,360,2.27
Smith,Republican,Donald Trump,1820,2.6
Mesa,Democrat,Bernie Sanders,1095,2.45
Kootenai,Republican,Ted Cruz,11924,2.5
Maui,Democrat,Bernie Sanders,4419,2.93
Wicomico,Republican,Donald Trump,6998,2.63
Big Horn,Republican,Donald Trump,1087,3.7
Guadalupe,Democrat,Hillary Clinton,399,3.14
Lincoln,Republican,Donald Trump,2950,2.62
Imperial,Democrat,Hillary Clinton,5743,3.42
Fulton,Republican,Donald Trump,2556,2.49
Archuleta,Democrat,Bernie Sanders,156,2.45
Vernon,Republican,Donald Trump,1530,2.51
Del Norte,Republican,Donald Trump,1536,2.58
Lucas,Democrat,Hillary Clinton,32137,2.41
Roosevelt,Republican,Donald Trump,712,3.21
Talbot,Democrat,Hillary Clinton,852,2.49
Crawford,Republican,Ted Cruz,226,2.65
Benzie,Democrat,Bernie Sanders,1650,2.23
Johnson,Republican,Donald Trump,1383,2.45
Boone,Republican,Donald Trump,3816,3.0
Miller,Republican,Donald Trump,555,2.39
Boone,Democrat,Bernie Sanders,15076,2.38
Wayne,Republican,Donald Trump,1376,2.37
Okfuskee,Democrat,Bernie Sanders,596,2.59
Henry,Republican,Donald Trump,5714,2.5
Pulaski,Democrat,Hillary Clinton,34862,2.47
Arenac,Republican,Donald Trump,1141,2.39
St. Mary,Democrat,Hillary Clinton,1995,2.65
Caswell,Democrat,Hillary Clinton,1701,2.51
George,Republican,Donald Trump,2245,2.83
Baxter,Republican,Donald Trump,3798,2.24
Plaquemines,Republican,Donald Trump,705,2.68
Okeechobee,Republican,Donald Trump,2202,2.86
Clearwater,Republican,Donald Trump,629,2.19
Bayfield,Democrat,Bernie Sanders,2604,2.14
Clay,Democrat,Hillary Clinton,297,2.49
Allegan,Republican,Ted Cruz,7530,2.64
Dakota,Republican,Donald Trump,819,2.82
Cleveland,Republican,Ted Cruz,550,2.56
Douglas,Democrat,Hillary Clinton,9375,2.86
Clear Creek,Democrat,Bernie Sanders,199,2.21
Oregon,Republican,Donald Trump,941,2.37
Yell,Republican,Donald Trump,911,2.74
Tillamook,Democrat,Bernie Sanders,2207,2.4
Webster,Democrat,Bernie Sanders,837,2.3
Baker,Democrat,Hillary Clinton,303,2.47
Fayette,Democrat,Hillary Clinton,20014,2.34
Kings,Republican,Donald Trump,7046,3.28
Concordia,Democrat,Hillary Clinton,1830,2.51
Lumpkin,Republican,Donald Trump,2453,2.62
Russell,Democrat,Hillary Clinton,4381,2.6
Gogebic,Democrat,Bernie Sanders,790,2.07
Greene,Republican,Donald Trump,4491,2.53
Sharp,Republican,Donald Trump,1241,2.42
Platte,Democrat,Bernie Sanders,2,2.36
Henry,Democrat,Bernie Sanders,958,2.55
Lonoke,Republican,Ted Cruz,4028,2.74
Carter,Republican,Donald Trump,623,2.56
Yavapai,Republican,Donald Trump,17005,2.28
Benton,Democrat,Hillary Clinton,672,2.55
Floyd,Republican,Donald Trump,5945,2.66
Scott,Republican,Donald Trump,3373,2.55
Choctaw,Democrat,Hillary Clinton,1772,2.45
Allen,Republican,Donald Trump,640,2.46
Richmond City,Democrat,Hillary Clinton,21822,2.33
Missoula,Democrat,Bernie Sanders,13271,2.36
Franklin,Democrat,Hillary Clinton,226,2.4
Randolph,Democrat,Hillary Clinton,690,2.38
Hardin,Republican,Donald Trump,496,2.33
Lowndes,Democrat,Hillary Clinton,4030,2.51
La Plata,Democrat,Bernie Sanders,1466,2.39
Morgan,Republican,Donald Trump,1976,2.46
Dubuque,Democrat,Hillary Clinton,2504,2.41
Marion,Republican,Donald Trump,2454,2.58
Jackson,Republican,Donald Trump,5484,2.81
Caldwell,Democrat,Bernie Sanders,866,2.44
Prentiss,Republican,Donald Trump,1597,2.53
St. Clair,Republican,Donald Trump,11995,2.49
Winchester,Democrat,Hillary Clinton,949,2.46
Baltimore,Democrat,Hillary Clinton,73099,2.52
St. Joseph,Republican,Ted Cruz,2655,2.7
Golden Valley,Republican,Donald Trump,203,2.12
Henderson,Democrat,Hillary Clinton,2887,2.4
Dixon,Republican,Donald Trump,513,2.5
Grundy,Republican,Donald Trump,3625,2.75
Blaine,Republican,Donald Trump,99,2.35
Howard,Republican,Donald Trump,8475,2.36
Yankton,Democrat,Hillary Clinton,706,2.34
Haywood,Democrat,Bernie Sanders,3873,2.19
Hinds,Democrat,Hillary Clinton,31386,2.71
Madison,Republican,Donald Trump,916,2.64
Clinton,Democrat,Bernie Sanders,4301,2.32
Lake,Democrat,Hillary Clinton,49750,2.84
Chattooga,Republican,Donald Trump,1674,2.52
Goshen,Democrat,Hillary Clinton,3,2.4
Newport News,Democrat,Hillary Clinton,12495,2.5
Grand,Democrat,Bernie Sanders,187,2.72
Columbia,Republican,Donald Trump,4019,2.69
Graham,Republican,Ted Cruz,1606,3.01
Wayne,Democrat,Hillary Clinton,7546,2.54
Campbell,Democrat,Hillary Clinton,3169,2.49
St. Clair,Republican,Donald Trump,962,2.28
Grant,Republican,Donald Trump,5992,2.39
Fillmore,Republican,Donald Trump,574,2.28
Davis,Republican,Donald Trump,205,2.76
Craighead,Republican,Ted Cruz,4108,2.51
Starr,Democrat,Hillary Clinton,6918,3.81
Pickens,Democrat,Hillary Clinton,2326,2.42
Oktibbeha,Democrat,Hillary Clinton,2389,2.42
Twin Falls,Republican,Ted Cruz,4717,2.72
Boyle,Democrat,Hillary Clinton,1648,2.38
Citrus,Republican,Donald Trump,15232,2.29
Murray,Democrat,Bernie Sanders,909,2.58
Mohave,Republican,Donald Trump,14154,2.43
Morgan,Republican,Donald Trump,10909,2.55
Las Animas,Democrat,Bernie Sanders,106,2.43
Haskell,Democrat,Bernie Sanders,752,2.7
Marion,Republican,Donald Trump,31370,2.43
Multnomah,Democrat,Bernie Sanders,87247,2.39
LeFlore,Democrat,Bernie Sanders,2283,2.63
Dallas,Democrat,Hillary Clinton,693,2.32
Hall,Republican,Donald Trump,3818,2.64
Walker,Republican,Donald Trump,4208,2.57
Pierce,Democrat,Bernie Sanders,3199,2.53
Manassas,Democrat,Hillary Clinton,1812,3.24
Coffee,Republican,Donald Trump,4304,2.65
Travis,Democrat,Bernie Sanders,73889,2.53
Crowley,Democrat,Bernie Sanders,16,3.4
Montgomery,Republican,Donald Trump,1192,2.31
Caddo,Democrat,Hillary Clinton,16666,2.53
Marlboro,Democrat,Hillary Clinton,2132,2.58
Anson,Democrat,Hillary Clinton,2307,2.52
Custer,Republican,Donald Trump,1363,2.28
Franklin,Republican,Donald Trump,3487,2.67
Troup,Republican,Donald Trump,4140,2.7
Washington,Republican,Donald Trump,1739,2.63
Clark,Democrat,Hillary Clinton,1650,2.41
Lake,Democrat,Hillary Clinton,43091,2.68
Wolfe,Democrat,Bernie Sanders,499,2.58
LaRue,Democrat,Bernie Sanders,910,2.66
Worth,Republican,Donald Trump,224,2.2
Garfield,Republican,Donald Trump,227,2.21
Madison,Republican,Donald Trump,7540,2.63
Franklin,Democrat,Bernie Sanders,5398,2.25
Calcasieu,Democrat,Hillary Clinton,6594,2.57
Clark,Republican,Donald Trump,545,2.53
Warren,Democrat,Hillary Clinton,3463,2.6
Gosper,Republican,Donald Trump,259,2.57
Audrain,Republican,Ted Cruz,1642,2.54
Clark,Republican,Donald Trump,1484,2.44
Alcorn,Republican,Donald Trump,2901,2.5
Bremer,Democrat,Hillary Clinton,640,2.46
Johnson,Republican,Donald Trump,1338,2.49
Gwinnett,Democrat,Hillary Clinton,37465,3.07
Madison,Republican,Donald Trump,2280,2.44
Falls Church,Democrat,Hillary Clinton,1587,2.53
Decatur,Republican,Donald Trump,1525,2.51
Washakie,Democrat,Hillary Clinton,2,2.4
Prince Edward,Democrat,Hillary Clinton,1366,2.48
Warren,Democrat,Hillary Clinton,468,2.55
Meriwether,Democrat,Hillary Clinton,1463,2.62
Benton,Democrat,Bernie Sanders,11567,2.42
Eagle,Democrat,Bernie Sanders,623,2.9
Mackinac,Republican,Donald Trump,856,2.17
Jasper,Democrat,Hillary Clinton,1976,2.38
Carroll,Republican,Donald Trump,16534,2.73
Switzerland,Republican,Donald Trump,858,2.54
Gilpin,Democrat,Bernie Sanders,173,2.16
Adams,Democrat,Bernie Sanders,3279,2.93
Montgomery,Democrat,Hillary Clinton,75333,2.55
Florence,Democrat,Hillary Clinton,9411,2.61
Hardeman,Democrat,Hillary Clinton,1721,2.69
Charles,Democrat,Hillary Clinton,15132,2.88
Richland,Democrat,Hillary Clinton,39243,2.5
Story,Democrat,Bernie Sanders,2737,2.34
Sanilac,Republican,Donald Trump,3279,2.58
Mecosta,Republican,Donald Trump,2113,2.55
Lincoln,Democrat,Bernie Sanders,4674,2.17
Prairie,Republican,Donald Trump,269,2.31
Starke,Republican,Donald Trump,2456,2.58
Judith Basin,Republican,Donald Trump,421,2.32
Mercer,Republican,Ted Cruz,1073,2.4
Telfair,Republican,Donald Trump,626,2.27
Weld,Democrat,Bernie Sanders,1647,2.79
Decatur,Republican,Donald Trump,3319,2.61
Pike,Democrat,Bernie Sanders,4848,2.41
Jenkins,Republican,Donald Trump,513,2.54
DeWitt,Republican,Donald Trump,1577,2.38
Hampton,Democrat,Hillary Clinton,1930,2.6
St. Mary's,Republican,Donald Trump,6576,2.77
Menominee,Democrat,Bernie Sanders,355,3.47
Ulster,Democrat,Bernie Sanders,11572,2.44
Tallahatchie,Democrat,Hillary Clinton,1341,2.58
Franklin,Democrat,Hillary Clinton,650,2.49
Delaware,Democrat,Hillary Clinton,44775,2.62
Burke,Democrat,Hillary Clinton,1659,2.91
Delta,Republican,Donald Trump,1954,2.29
Carlisle,Democrat,Bernie Sanders,462,2.46
Mitchell,Democrat,Hillary Clinton,1338,2.61
Comanche,Democrat,Bernie Sanders,3804,2.59
Sandoval,Democrat,Hillary Clinton,7448,2.82
Clinch,Republican,Donald Trump,412,2.53
Cedar,Republican,Donald Trump,775,2.45
Assumption,Democrat,Hillary Clinton,1139,2.68
Cass,Republican,Donald Trump,680,2.59
Milwaukee,Democrat,Hillary Clinton,100932,2.45
Nueces,Democrat,Hillary Clinton,15662,2.72
Livingston,Republican,Donald Trump,4918,2.8
Osage,Democrat,Hillary Clinton,2390,2.5
Jefferson,Democrat,Hillary Clinton,64090,2.39
Monroe,Democrat,Hillary Clinton,1191,2.37
Manatee,Republican,Donald Trump,26320,2.48
Terrell,Democrat,Hillary Clinton,804,2.66
Barrow,Republican,Donald Trump,4653,2.97
