"county","party","candidate","votes","poverty_level"
Brookings,Democrat,Hillary Clinton,955,17.8
Miami,Republican,Donald Trump,3286,17.2
Clay,Republican,Donald Trump,1920,19.0
St. Landry,Democrat,Hillary Clinton,4606,26.8
Pemiscot,Republican,Donald Trump,1155,29.3
Montmorency,Republican,Donald Trump,1046,18.1
Madison,Republican,Ted Cruz,452,8.9
Virginia Beach,Democrat,Hillary Clinton,22352,7.9
Northampton,Democrat,Hillary Clinton,868,24.3
Worth,Republican,Donald Trump,1890,20.2
Beaverhead,Republican,Donald Trump,1626,15.1
Lanier,Republican,Donald Trump,512,26.7
Franklin,Democrat,Hillary Clinton,650,29.9
Union,Democrat,Bernie Sanders,1106,25.7
Pendleton,Democrat,Bernie Sanders,546,15.6
Seminole,Democrat,Bernie Sanders,1194,22.9
Sweet Grass,Republican,Donald Trump,707,13.5
Humboldt,Republican,Donald Trump,204,10.2
Crowley,Democrat,Bernie Sanders,16,29.1
Apache,Democrat,Hillary Clinton,4450,36.2
Calaveras,Republican,Donald Trump,4902,10.9
Platte,Republican,Ted Cruz,5798,7.4
Louisa,Republican,Donald Trump,261,12.2
Jefferson,Republican,Donald Trump,3281,16.5
Martinsville,Democrat,Hillary Clinton,834,27.2
Clay,Republican,Donald Trump,887,37.7
Boyd,Democrat,Bernie Sanders,2262,19.9
Leelanau,Democrat,Bernie Sanders,2359,11.2
Mobile,Democrat,Hillary Clinton,28927,19.8
Cameron,Republican,Donald Trump,216,8.7
Assumption,Democrat,Hillary Clinton,1139,18.7
Owen,Democrat,Bernie Sanders,720,16.2
Judith Basin,Republican,Donald Trump,421,12.4
Columbus,Democrat,Hillary Clinton,3628,25.0
Clinton,Republican,Donald Trump,1635,10.2
Harrison,Republican,Donald Trump,4326,13.2
Musselshell,Republican,Donald Trump,1032,13.0
Knox,Republican,Donald Trump,4918,14.0
Goshen,Democrat,Hillary Clinton,3,18.3
Cedar,Democrat,Bernie Sanders,445,8.0
Hancock,Republican,Donald Trump,1494,13.6
Randolph,Republican,Donald Trump,1917,12.4
Routt,Democrat,Bernie Sanders,406,9.1
Hardeman,Democrat,Hillary Clinton,1721,24.6
Cheboygan,Republican,Donald Trump,2089,17.8
Sussex,Democrat,Hillary Clinton,958,15.3
Carroll,Republican,Donald Trump,0,18.8
Butler,Democrat,Hillary Clinton,2196,28.4
Randolph,Republican,Donald Trump,1887,19.4
Clay,Democrat,Hillary Clinton,960,20.2
Midland,Republican,Ted Cruz,4720,13.4
Dinwiddie,Democrat,Hillary Clinton,1935,13.2
Rock Island,Democrat,Hillary Clinton,10216,13.3
Gilmer,Republican,Donald Trump,3314,21.7
Pearl River,Republican,Donald Trump,4562,22.2
Colleton,Democrat,Hillary Clinton,2932,20.6
Greensville,Democrat,Hillary Clinton,832,21.6
Oregon,Republican,Donald Trump,941,27.7
Lauderdale,Republican,Donald Trump,4740,24.1
Chippewa,Republican,Donald Trump,1959,17.7
Linn,Democrat,Bernie Sanders,6331,9.7
Jackson,Democrat,Hillary Clinton,450,10.5
Burt,Republican,Donald Trump,603,9.7
Washington,Republican,Ted Cruz,542,9.8
Butler,Republican,Donald Trump,3652,21.2
Petersburg,Democrat,Hillary Clinton,4099,26.7
Marion,Republican,Donald Trump,473,20.5
Broadwater,Republican,Donald Trump,1001,10.5
Chester,Democrat,Hillary Clinton,1962,24.5
Jasper,Democrat,Hillary Clinton,1976,22.1
Westchester,Democrat,Hillary Clinton,69628,9.5
Pitkin,Democrat,Bernie Sanders,421,10.1
Phillips,Democrat,Bernie Sanders,18,19.9
Athens,Democrat,Bernie Sanders,5663,31.7
Catoosa,Republican,Donald Trump,4449,13.9
Parke,Republican,Donald Trump,1996,13.3
Bertie,Democrat,Hillary Clinton,2065,23.4
Vermilion,Republican,Donald Trump,5021,19.6
Dodge,Republican,Donald Trump,1360,19.8
Zavala,Democrat,Hillary Clinton,1557,35.0
Clark,Republican,Ted Cruz,62,14.9
Schley,Republican,Donald Trump,331,22.3
Miller,Republican,Ted Cruz,2741,19.5
Pulaski,Republican,Donald Trump,1668,14.0
Montgomery,Republican,Donald Trump,4412,16.8
Logan,Democrat,Bernie Sanders,3201,19.8
Otero,Democrat,Bernie Sanders,94,25.2
Conway,Democrat,Hillary Clinton,1755,24.0
Hamilton,Democrat,Hillary Clinton,353,12.3
Saline,Republican,Ted Cruz,7507,8.6
Carroll,Democrat,Hillary Clinton,0,18.8
Conejos,Democrat,Hillary Clinton,73,19.4
Santa Cruz,Democrat,Hillary Clinton,2496,26.3
Lafayette,Republican,Donald Trump,7171,16.7
Van Buren,Democrat,Bernie Sanders,3656,19.4
Hot Springs,Democrat,Hillary Clinton,1,11.9
Fairfield,Democrat,Hillary Clinton,3260,22.7
Prince George's,Democrat,Hillary Clinton,113912,9.4
McHenry,Republican,Donald Trump,16514,7.7
Howard,Republican,Donald Trump,559,23.2
Monroe,Republican,Donald Trump,8802,12.3
Palm Beach,Democrat,Hillary Clinton,103369,14.5
Hill,Republican,Donald Trump,1342,18.9
Livingston,Republican,Donald Trump,4918,13.3
Yalobusha,Democrat,Hillary Clinton,1214,22.2
Monroe,Republican,Donald Trump,6030,13.5
Perry,Republican,Donald Trump,676,21.0
Falls Church,Democrat,Hillary Clinton,1587,4.0
Randolph,Democrat,Bernie Sanders,2492,15.9
Hamilton,Democrat,Hillary Clinton,758,23.6
Prince Edward,Democrat,Hillary Clinton,1366,19.8
Allendale,Democrat,Hillary Clinton,1022,36.0
Toole,Republican,Donald Trump,863,16.3
Union,Democrat,Hillary Clinton,2548,21.5
Scott,Republican,Donald Trump,715,20.0
Madison,Democrat,Hillary Clinton,1542,22.5
Baker,Republican,Donald Trump,2163,17.3
Marion,Republican,Ted Cruz,2263,16.2
Okfuskee,Democrat,Bernie Sanders,596,28.4
Mackinac,Republican,Donald Trump,856,15.3
Casey,Republican,Donald Trump,1029,26.8
Liberty,Democrat,Hillary Clinton,2783,18.7
Tishomingo,Republican,Donald Trump,1854,17.6
Grant,Republican,Donald Trump,162,18.8
Braxton,Democrat,Bernie Sanders,1321,22.0
Wilkinson,Democrat,Hillary Clinton,832,21.3
Menifee,Democrat,Bernie Sanders,323,27.5
Hillsborough,Democrat,Hillary Clinton,68936,16.8
DeWitt,Republican,Donald Trump,1577,14.0
Simpson,Republican,Donald Trump,2420,22.6
Brown,Republican,Donald Trump,555,15.6
Daviess,Republican,Donald Trump,3894,12.9
Sauk,Democrat,Bernie Sanders,7195,10.8
Early,Republican,Donald Trump,760,31.6
Sacramento,Democrat,Hillary Clinton,68248,17.6
Manassas Park,Democrat,Hillary Clinton,581,7.0
Douglas,Democrat,Hillary Clinton,9375,16.1
Franklin,Democrat,Bernie Sanders,2338,19.2
Day,Democrat,Hillary Clinton,343,20.8
Fountain,Republican,Donald Trump,2742,11.9
Harlan,Democrat,Bernie Sanders,1092,31.3
Dolores,Democrat,Bernie Sanders,22,14.9
Washington,Democrat,Bernie Sanders,41841,11.4
Pawnee,Democrat,Bernie Sanders,762,14.1
Allen,Republican,Ted Cruz,29963,15.3
Wake,Democrat,Hillary Clinton,77927,11.0
Attala,Democrat,Hillary Clinton,1519,27.7
Branch,Republican,Donald Trump,2455,18.7
Clay,Republican,Donald Trump,3615,15.8
Mercer,Republican,Donald Trump,455,20.3
Crook,Democrat,Bernie Sanders,1,6.7
Scott,Democrat,Bernie Sanders,4144,13.1
Fayette,Democrat,Hillary Clinton,525,11.5
Hardin,Republican,Ted Cruz,417,8.6
Dallas,Republican,Marco Rubio,2469,6.4
Benzie,Democrat,Bernie Sanders,1650,13.3
Sullivan,Republican,Donald Trump,2379,17.9
East Baton Rouge,Democrat,Hillary Clinton,32960,19.2
Fayette,Democrat,Hillary Clinton,9184,18.4
Madison,Republican,Donald Trump,1412,8.7
Fayette,Republican,Donald Trump,2479,19.9
Boone,Republican,Donald Trump,740,9.7
Drew,Democrat,Hillary Clinton,1250,28.5
Grady,Republican,Donald Trump,1422,30.1
Hampton,Democrat,Hillary Clinton,1930,25.2
Wayne,Republican,Ted Cruz,171,12.4
Ouachita,Democrat,Hillary Clinton,2095,23.1
Martin,Democrat,Hillary Clinton,2469,23.2
Clarke,Democrat,Hillary Clinton,232,13.7
Scott,Republican,Donald Trump,1929,19.0
Henderson,Republican,Donald Trump,516,11.3
Stark,Republican,Ted Cruz,448,11.1
Madison,Democrat,Bernie Sanders,2044,17.3
Deer Lodge,Democrat,Hillary Clinton,986,20.5
Riverside,Republican,Donald Trump,82814,16.2
Forsyth,Republican,Donald Trump,15698,7.6
Lake,Democrat,Bernie Sanders,165,14.3
Barren,Democrat,Bernie Sanders,2653,20.8
Pike,Republican,Donald Trump,1241,15.1
Flagler,Republican,Donald Trump,9684,16.6
Jackson,Democrat,Bernie Sanders,3021,21.8
Mingo,Democrat,Bernie Sanders,2425,22.9
Fairfax City,Democrat,Hillary Clinton,1840,7.2
Lucas,Democrat,Hillary Clinton,32137,20.8
Caddo,Democrat,Bernie Sanders,1543,20.6
Sumter,Democrat,Hillary Clinton,9816,17.9
El Dorado,Republican,Donald Trump,17651,9.0
Darlington,Democrat,Hillary Clinton,4988,24.0
Hamilton,Republican,Donald Trump,1030,10.1
Calcasieu,Democrat,Hillary Clinton,6594,17.4
Manhattan,Democrat,Hillary Clinton,177496,17.7
Lenawee,Republican,Donald Trump,5167,14.1
Chambers,Democrat,Hillary Clinton,2899,24.1
Baltimore,Democrat,Hillary Clinton,73099,8.9
Benton,Republican,Marco Rubio,12863,12.2
Lamar,Republican,Donald Trump,1398,18.9
Franklin City,Democrat,Hillary Clinton,831,23.0
Lee,Democrat,Hillary Clinton,2207,28.0
Chesterfield,Democrat,Hillary Clinton,22674,6.7
Jenkins,Republican,Donald Trump,513,29.4
Buncombe,Democrat,Bernie Sanders,30913,17.1
Madison,Republican,Ted Cruz,4079,35.8
Jackson,Democrat,Hillary Clinton,48860,17.4
Tensas,Democrat,Hillary Clinton,492,34.3
Putnam,Republican,Donald Trump,565,18.8
McCreary,Republican,Donald Trump,725,30.3
Carter,Republican,Donald Trump,623,21.9
Bibb,Republican,Donald Trump,1959,18.1
Boone,Democrat,Bernie Sanders,15076,20.0
Russell,Republican,Donald Trump,1106,27.3
Bremer,Democrat,Hillary Clinton,640,7.3
Gem,Republican,Ted Cruz,1391,18.2
Crenshaw,Republican,Donald Trump,1496,19.1
Sweetwater,Democrat,Bernie Sanders,12,11.3
Van Buren,Republican,Ted Cruz,196,16.5
Jackson,Republican,Donald Trump,711,28.4
Avoyelles,Democrat,Hillary Clinton,1181,22.6
St. Bernard,Democrat,Hillary Clinton,1057,18.7
Huntington,Republican,Donald Trump,4100,12.0
Adams,Democrat,Hillary Clinton,3013,28.4
DeKalb,Republican,Donald Trump,4203,12.4
Warren,Republican,Donald Trump,2722,13.4
McLean,Democrat,Bernie Sanders,628,18.8
Henry,Republican,Donald Trump,1636,18.1
Perry,Republican,Donald Trump,1642,10.9
Antrim,Republican,Donald Trump,1969,15.4
Monroe,Republican,Donald Trump,805,25.2
Putnam,Republican,Donald Trump,1983,14.0
Fremont,Democrat,Hillary Clinton,10,15.0
St. Lucie,Republican,Donald Trump,18350,18.4
Cass,Republican,Donald Trump,1811,6.4
Jackson,Republican,Donald Trump,5484,15.9
Escambia,Republican,Donald Trump,20856,18.1
Hinds,Democrat,Hillary Clinton,31386,25.3
Moody,Democrat,Hillary Clinton,262,11.9
Candler,Republican,Donald Trump,897,25.9
Nueces,Democrat,Hillary Clinton,15662,18.4
Trigg,Democrat,Bernie Sanders,715,16.1
Chattahoochee,Democrat,Hillary Clinton,182,11.9
Barry,Republican,Ted Cruz,3189,19.1
Crawford,Democrat,Bernie Sanders,1582,12.6
Whitfield,Republican,Donald Trump,5945,20.5
Jerauld,Democrat,Hillary Clinton,96,12.2
Buchanan,Democrat,Hillary Clinton,525,9.9
Fayette,Democrat,Hillary Clinton,20014,18.9
Vernon,Republican,Donald Trump,1530,21.0
Effingham,Republican,Donald Trump,3648,11.2
Madison,Republican,Donald Trump,23791,12.8
Henrico,Democrat,Hillary Clinton,28121,10.7
Beauregard,Republican,Ted Cruz,1363,16.8
Steuben,Republican,Donald Trump,3973,11.5
Wexford,Republican,Donald Trump,2578,18.6
Tuscola,Republican,Donald Trump,3750,15.7
Iron,Republican,Donald Trump,868,14.2
Dawson,Republican,Donald Trump,1685,16.0
Box Butte,Republican,Donald Trump,1188,23.9
Wayne,Republican,Donald Trump,2033,22.7
Greene,Democrat,Hillary Clinton,1643,23.3
Clarke,Republican,Donald Trump,1399,23.4
Manistee,Democrat,Bernie Sanders,1646,16.9
Colquitt,Republican,Donald Trump,2967,26.7
Humboldt,Democrat,Bernie Sanders,13245,20.4
Benton,Democrat,Hillary Clinton,557,24.1
Frederick,Republican,Donald Trump,15076,6.1
Nassau,Democrat,Hillary Clinton,70947,6.0
Dickinson,Democrat,Bernie Sanders,358,7.8
Pike,Democrat,Hillary Clinton,2870,27.5
Ouachita,Democrat,Hillary Clinton,8995,23.2
Monroe,Democrat,Bernie Sanders,15166,25.1
Bell,Republican,Donald Trump,692,33.5
Chatham,Democrat,Hillary Clinton,19898,19.1
Holt,Republican,Donald Trump,1302,10.2
Caroline,Democrat,Hillary Clinton,1902,12.7
Lee,Republican,Donald Trump,3057,11.2
Knox,Republican,Donald Trump,642,14.0
Ravalli,Republican,Donald Trump,6281,16.8
Allegheny,Democrat,Hillary Clinton,122399,12.9
Fleming,Democrat,Bernie Sanders,806,22.2
Inyo,Republican,Donald Trump,1414,12.8
Cuyahoga,Democrat,Hillary Clinton,125914,18.3
Iron,Republican,Donald Trump,800,23.7
Person,Democrat,Hillary Clinton,2954,18.0
Little River,Democrat,Hillary Clinton,721,14.0
Sequoyah,Democrat,Bernie Sanders,1872,21.4
Lake,Democrat,Hillary Clinton,49750,9.0
Haralson,Republican,Donald Trump,2818,22.8
Kershaw,Democrat,Hillary Clinton,3743,16.7
Refugio,Democrat,Hillary Clinton,549,16.2
Lafayette,Republican,Donald Trump,556,20.2
Grant,Democrat,Bernie Sanders,4484,16.6
LeFlore,Democrat,Bernie Sanders,2283,22.2
Cheyenne,Democrat,Hillary Clinton,5,7.2
Flathead,Republican,Donald Trump,10642,14.2
Lincoln,Democrat,Hillary Clinton,599,27.0
Rockland,Democrat,Hillary Clinton,16966,13.6
Butler,Democrat,Bernie Sanders,350,9.8
Estill,Democrat,Hillary Clinton,446,27.2
Culberson,Democrat,Hillary Clinton,355,25.2
Hidalgo,Democrat,Hillary Clinton,515,24.3
Worth,Republican,Donald Trump,224,13.2
Shelby,Republican,Ted Cruz,2069,11.8
Franklin,Republican,Donald Trump,1997,18.9
Cape Girardeau,Republican,Ted Cruz,7332,15.8
Barbour,Democrat,Hillary Clinton,2567,26.7
Sutter,Republican,Donald Trump,4697,16.7
Dougherty,Democrat,Hillary Clinton,8891,31.2
Lee,Republican,Ted Cruz,5921,18.3
Graves,Democrat,Bernie Sanders,2631,18.6
Newton,Republican,Donald Trump,1073,23.5
Iroquois,Republican,Donald Trump,2836,13.7
St. Mary's,Republican,Donald Trump,6576,7.2
Somerset,Democrat,Hillary Clinton,19667,5.0
Keith,Republican,Donald Trump,1253,11.2
Grant,Republican,Donald Trump,5992,18.6
Jackson,Democrat,Hillary Clinton,827,20.6
Jessamine,Democrat,Bernie Sanders,2113,16.9
Harrison,Republican,Donald Trump,315,9.6
St. Clair,Republican,Donald Trump,11995,14.9
Choctaw,Democrat,Bernie Sanders,745,27.1
Crisp,Republican,Donald Trump,1204,31.2
Phillips,Republican,Donald Trump,1097,14.0
Pike,Republican,Donald Trump,1649,12.7
Logan,Republican,Donald Trump,1208,17.6
Harrisonburg,Democrat,Bernie Sanders,2911,33.5
Alamance,Democrat,Hillary Clinton,7374,18.3
Clay,Republican,Donald Trump,19374,9.8
Story,Democrat,Bernie Sanders,2737,20.9
Banks,Republican,Donald Trump,1806,16.7
Mayes,Democrat,Bernie Sanders,2144,19.7
Jerome,Republican,Ted Cruz,1164,18.3
White,Republican,Donald Trump,3044,10.8
Hall,Republican,Donald Trump,12536,18.7
LaClede,Republican,Donald Trump,3493,19.7
Martin,Republican,Donald Trump,586,35.1
Monroe,Republican,Donald Trump,698,14.7
Claiborne,Democrat,Hillary Clinton,768,29.7
Archuleta,Democrat,Bernie Sanders,156,9.7
Carbon,Democrat,Hillary Clinton,4,13.5
Prince William,Democrat,Hillary Clinton,26439,6.3
Bossier,Republican,Ted Cruz,4988,14.3
Cleveland,Republican,Ted Cruz,550,17.7
Jasper,Republican,Ted Cruz,11113,18.4
Gasconade,Republican,Donald Trump,1429,14.8
Calhoun,Democrat,Bernie Sanders,803,22.0
Platte,Democrat,Bernie Sanders,2,16.1
Union,Democrat,Bernie Sanders,268,16.1
Sonoma,Democrat,Hillary Clinton,44923,11.9
Peach,Democrat,Hillary Clinton,1675,24.6
Lafayette,Democrat,Hillary Clinton,443,24.1
Latah,Republican,Ted Cruz,2134,20.4
Niobrara,Democrat,Bernie Sanders,2,16.3
Maverick,Democrat,Hillary Clinton,4342,30.5
Beaver,Democrat,Hillary Clinton,12963,12.2
Clark,Democrat,Hillary Clinton,1650,24.3
Cibola,Democrat,Hillary Clinton,1586,27.6
Richmond,Democrat,Hillary Clinton,2941,25.9
Camden,Republican,Donald Trump,5467,16.1
San Luis Obispo,Republican,Donald Trump,19313,14.3
Iberville,Democrat,Hillary Clinton,3699,19.2
Tulare,Republican,Donald Trump,15334,26.2
Door,Democrat,Bernie Sanders,3417,10.1
Mitchell,Democrat,Hillary Clinton,260,7.1
Pope,Republican,Donald Trump,507,17.0
Gloucester,Democrat,Hillary Clinton,17954,8.1
Greene,Democrat,Hillary Clinton,2714,32.9
Calhoun,Democrat,Hillary Clinton,1536,18.2
Big Horn,Democrat,Bernie Sanders,2,10.2
Placer,Republican,Donald Trump,25700,8.7
Iowa,Democrat,Bernie Sanders,3198,9.8
Todd,Democrat,Bernie Sanders,524,44.6
Maui,Democrat,Bernie Sanders,4419,10.6
Mississippi,Republican,Donald Trump,970,26.9
Cook,Republican,Donald Trump,1229,23.1
Jefferson,Democrat,Hillary Clinton,67357,18.0
McDonald,Republican,Donald Trump,1580,21.8
DeSoto,Republican,Ted Cruz,12300,9.8
Lowndes,Democrat,Hillary Clinton,4030,25.4
Northampton,Democrat,Hillary Clinton,3195,26.3
Cherokee,Republican,Donald Trump,18460,9.8
Union,Republican,Donald Trump,875,12.7
Cass,Republican,Donald Trump,680,14.8
Rapides,Democrat,Hillary Clinton,4722,19.9
New Madrid,Republican,Donald Trump,1376,21.7
Carter,Democrat,Bernie Sanders,1051,20.3
Dickinson,Republican,Donald Trump,1708,12.7
Bernalillo,Democrat,Bernie Sanders,38247,18.0
Madison,Democrat,Hillary Clinton,4351,20.0
Roberts,Democrat,Bernie Sanders,397,19.6
Mills,Republican,Donald Trump,300,7.0
Newton,Democrat,Hillary Clinton,7269,15.2
Adair,Democrat,Bernie Sanders,971,26.4
Schenectady,Democrat,Bernie Sanders,6862,12.7
Barrow,Republican,Donald Trump,4653,13.7
Mohave,Republican,Donald Trump,14154,19.4
Jefferson,Democrat,Hillary Clinton,16580,21.0
Clay,Democrat,Hillary Clinton,623,24.5
Montgomery,Republican,Donald Trump,672,22.0
Dunn,Democrat,Bernie Sanders,4272,15.7
Jackson,Republican,Donald Trump,8113,17.0
Socorro,Democrat,Hillary Clinton,1050,25.1
Lawrence,Republican,Ted Cruz,4235,18.6
Hall,Republican,Donald Trump,3818,13.7
Jefferson,Democrat,Bernie Sanders,347,20.7
Henry,Republican,Donald Trump,3021,10.5
Albemarle,Democrat,Hillary Clinton,8284,10.2
Reeves,Democrat,Hillary Clinton,1128,21.9
Gates,Democrat,Hillary Clinton,749,19.6
Calhoun,Republican,Donald Trump,8960,21.9
Adams,Republican,Ted Cruz,3851,18.1
Richmond,Democrat,Hillary Clinton,16269,25.1
Nottoway,Democrat,Hillary Clinton,829,16.8
Hidalgo,Democrat,Hillary Clinton,40276,34.8
Cochise,Republican,Donald Trump,6339,17.1
Napa,Democrat,Hillary Clinton,7370,10.1
Decatur,Republican,Donald Trump,3319,14.1
Granville,Democrat,Hillary Clinton,4693,15.4
Kenton,Democrat,Hillary Clinton,5146,13.7
Logan,Democrat,Hillary Clinton,77,17.6
Cumberland,Republican,Donald Trump,460,23.6
Staunton,Democrat,Bernie Sanders,1364,18.0
Montgomery,Democrat,Bernie Sanders,192,16.1
Independence,Republican,Donald Trump,2077,23.7
Dearborn,Republican,Donald Trump,6617,9.1
St. Clair,Republican,Donald Trump,962,21.8
Richland,Democrat,Bernie Sanders,1784,12.8
Taylor,Republican,Donald Trump,550,28.2
Kiowa,Democrat,Bernie Sanders,514,22.6
Clarendon,Democrat,Hillary Clinton,3564,24.9
Mesa,Democrat,Bernie Sanders,1095,14.7
Carroll,Republican,Ben Carson,0,18.8
Milwaukee,Democrat,Hillary Clinton,100932,21.6
Franklin,Democrat,Hillary Clinton,665,20.6
Jackson,Republican,Donald Trump,9934,15.9
St. Clair,Republican,Donald Trump,8596,15.2
Johnson,Republican,Donald Trump,17218,10.6
Hampton,Democrat,Hillary Clinton,13529,14.9
LaSalle,Republican,Donald Trump,577,14.2
Marshall,Republican,Ted Cruz,1095,11.0
Ashland,Democrat,Bernie Sanders,2304,18.8
Greenlee,Democrat,Hillary Clinton,497,16.0
Fayette,Republican,Donald Trump,1933,17.0
Charles,Democrat,Hillary Clinton,15132,7.0
Cascade,Republican,Donald Trump,8129,14.9
Golden Valley,Republican,Donald Trump,203,20.7
Marshall,Republican,Donald Trump,9115,19.5
Mahoning,Democrat,Hillary Clinton,21000,17.6
Daviess,Republican,Donald Trump,634,14.7
Cameron,Democrat,Hillary Clinton,20326,34.8
Johnson,Republican,Donald Trump,326,13.7
Lincoln,Democrat,Bernie Sanders,1510,27.3
Terrell,Democrat,Hillary Clinton,804,31.6
Greeley,Republican,Donald Trump,125,12.1
Noble,Republican,Donald Trump,4422,14.2
Lee,Republican,Donald Trump,51659,15.4
Chesapeake,Democrat,Hillary Clinton,16126,8.5
Wayne,Republican,Donald Trump,1735,28.4
Gulf,Republican,Donald Trump,1038,16.4
Baca,Democrat,Hillary Clinton,15,15.2
Lancaster,Republican,Donald Trump,13251,15.2
Idaho County,Republican,Donald Trump,1668,17.5
Natchitoches,Democrat,Hillary Clinton,2545,26.0
Meagher,Republican,Donald Trump,394,13.6
Crawford,Republican,Donald Trump,2189,21.1
Duplin,Democrat,Hillary Clinton,3036,26.3
Quitman,Democrat,Hillary Clinton,193,26.4
Colusa,Republican,Donald Trump,1342,12.5
Coffee,Republican,Donald Trump,2469,24.3
Grundy,Republican,Ted Cruz,272,7.0
Sedgwick,Democrat,Hillary Clinton,13,18.9
Grenada,Republican,Donald Trump,1727,21.9
Nemaha,Republican,Donald Trump,472,10.4
Lee,Republican,Donald Trump,273,37.2
Chickasaw,Democrat,Hillary Clinton,1398,25.3
Pierce,Democrat,Bernie Sanders,3199,12.4
Page,Republican,Ted Cruz,249,13.9
Richland,Democrat,Hillary Clinton,39243,17.2
Albany,Democrat,Bernie Sanders,25,26.0
Los Alamos,Democrat,Hillary Clinton,1424,4.4
Bingham,Republican,Ted Cruz,3471,15.2
Newberry,Democrat,Hillary Clinton,2118,17.2
Mecklenburg,Democrat,Hillary Clinton,1588,19.6
Hoke,Democrat,Hillary Clinton,3528,22.9
Coconino,Democrat,Bernie Sanders,6941,23.0
Dallas,Republican,Donald Trump,1672,22.8
Washington,Democrat,Hillary Clinton,601,14.2
Henry,Democrat,Hillary Clinton,15639,11.2
Jackson,Republican,Donald Trump,5463,16.0
Lawrence,Democrat,Hillary Clinton,933,25.4
Alcorn,Republican,Donald Trump,2901,20.8
Fergus,Republican,Donald Trump,1975,13.8
Henry,Democrat,Bernie Sanders,958,17.1
Petroleum,Republican,Donald Trump,167,11.1
Muhlenberg,Democrat,Bernie Sanders,1632,20.4
Weld,Democrat,Bernie Sanders,1647,14.7
Glynn,Republican,Donald Trump,5516,19.2
Trumbull,Democrat,Hillary Clinton,17903,17.4
Onondaga,Democrat,Hillary Clinton,20397,14.8
Silver Bow,Democrat,Hillary Clinton,4089,19.1
Morgan,Republican,Donald Trump,2378,14.4
Middlesex,Democrat,Hillary Clinton,47978,8.5
Perry,Democrat,Hillary Clinton,2575,25.6
Cherry,Republican,Donald Trump,1220,13.0
Baker,Democrat,Hillary Clinton,303,31.8
Las Animas,Democrat,Bernie Sanders,106,17.8
Henderson,Democrat,Hillary Clinton,2887,17.7
Shelby,Democrat,Bernie Sanders,232,10.8
Huerfano,Democrat,Bernie Sanders,150,20.6
Fillmore,Republican,Donald Trump,574,8.8
Marshall,Democrat,Hillary Clinton,287,18.6
Jefferson,Democrat,Hillary Clinton,64090,16.7
Massac,Republican,Donald Trump,1341,16.3
Douglas,Republican,Donald Trump,1657,22.6
Russell,Democrat,Hillary Clinton,4381,22.0
Madison,Republican,Donald Trump,2460,17.9
Clayton,Democrat,Hillary Clinton,25130,24.0
Kalkaska,Republican,Donald Trump,1724,16.3
Monroe,Democrat,Hillary Clinton,37309,15.0
Sierra,Republican,Donald Trump,497,19.4
Comanche,Democrat,Bernie Sanders,3804,17.3
Monona,Republican,Ted Cruz,185,9.0
Johnson,Republican,Donald Trump,684,22.8
Lackawanna,Democrat,Hillary Clinton,22971,13.6
Arthur,Republican,Donald Trump,68,6.9
Ozark,Republican,Donald Trump,1099,20.0
Telfair,Republican,Donald Trump,626,30.5
Dubuque,Democrat,Hillary Clinton,2504,10.9
Tift,Republican,Donald Trump,2697,27.9
Houghton,Democrat,Bernie Sanders,2039,23.0
Vermilion,Republican,Donald Trump,1460,17.1
Essex,Democrat,Hillary Clinton,75071,16.6
Lamar,Republican,Donald Trump,1810,22.3
Pike,Republican,Donald Trump,511,24.8
Lexington,Democrat,Hillary Clinton,402,25.2
St. Louis City,Democrat,Hillary Clinton,34458,27.4
Nance,Republican,Donald Trump,310,12.6
Clare,Republican,Donald Trump,1996,26.5
Pierce,Republican,Donald Trump,617,5.6
Adams,Republican,Donald Trump,354,16.6
King and Queen,Democrat,Hillary Clinton,477,9.2
Willacy,Democrat,Hillary Clinton,2072,40.0
Duval,Democrat,Hillary Clinton,58632,16.9
Alpena,Republican,Donald Trump,1885,17.3
Talladega,Republican,Donald Trump,6304,22.9
Oglala Lakota,Democrat,Bernie Sanders,574,53.2
Winston,Democrat,Hillary Clinton,1442,29.8
Meriwether,Democrat,Hillary Clinton,1463,21.1
Brown,Republican,Donald Trump,2202,14.6
Winnebago,Democrat,Bernie Sanders,17818,12.3
Payette,Republican,Ted Cruz,1364,20.0
Ware,Republican,Donald Trump,1998,24.3
Tallapoosa,Republican,Donald Trump,4658,19.8
Marion,Democrat,Hillary Clinton,1162,17.0
Harrison,Democrat,Bernie Sanders,1059,23.1
Marengo,Democrat,Hillary Clinton,3590,24.0
Nevada,Democrat,Hillary Clinton,647,26.5
Collier,Republican,Donald Trump,30071,14.1
Cross,Republican,Donald Trump,972,17.4
Caddo,Democrat,Hillary Clinton,16666,19.5
Wilkinson,Democrat,Hillary Clinton,1269,27.8
Johnson,Republican,Donald Trump,1075,24.3
Lauderdale,Republican,Donald Trump,7502,17.2
McIntosh,Democrat,Bernie Sanders,1261,20.7
Nelson,Democrat,Hillary Clinton,2395,18.2
Yolo,Democrat,Hillary Clinton,12567,19.1
Carter,Democrat,Bernie Sanders,2113,16.3
San Mateo,Democrat,Hillary Clinton,47358,7.6
Mariposa,Republican,Donald Trump,1940,16.1
Buffalo,Democrat,Hillary Clinton,110,35.6
Texas,Republican,Donald Trump,2659,21.4
Pointe Coupee,Democrat,Hillary Clinton,1680,17.7
Isabella,Democrat,Bernie Sanders,4024,31.5
Greer,Democrat,Bernie Sanders,332,9.9
Terrell,Democrat,Hillary Clinton,67,10.0
Ripley,Republican,Donald Trump,1096,24.6
Cuming,Republican,Donald Trump,783,11.6
Webb,Democrat,Hillary Clinton,18559,31.4
Buffalo,Republican,Donald Trump,3748,13.6
Cullman,Republican,Donald Trump,10618,18.8
Pickens,Republican,Donald Trump,3360,11.9
Ascension,Democrat,Hillary Clinton,4221,12.3
Amador,Republican,Donald Trump,3605,12.6
Charlevoix,Republican,Donald Trump,1886,13.3
Whiteside,Democrat,Bernie Sanders,3102,12.0
Adair,Republican,Donald Trump,1512,19.1
Wilcox,Republican,Donald Trump,602,27.8
Ohio,Republican,Donald Trump,786,8.3
Wabash,Republican,Donald Trump,977,12.7
West Carroll,Republican,Ted Cruz,342,25.0
Alger,Democrat,Bernie Sanders,622,14.8
Allamakee,Democrat,Hillary Clinton,304,12.6
Gogebic,Democrat,Bernie Sanders,790,20.3
Oneida,Republican,Ted Cruz,473,16.1
Yazoo,Democrat,Hillary Clinton,2203,35.5
Wayne,Republican,Donald Trump,805,24.3
Douglas,Republican,Ted Cruz,1764,10.3
Taliaferro,Democrat,Hillary Clinton,236,30.0
Stoddard,Republican,Donald Trump,3024,15.0
Taos,Democrat,Bernie Sanders,4325,25.3
Lake,Republican,Donald Trump,2927,22.4
Park,Democrat,Bernie Sanders,231,9.1
Queens,Democrat,Hillary Clinton,122386,15.0
White,Republican,Donald Trump,1424,15.6
Appanoose,Republican,Donald Trump,292,15.2
Muskogee,Democrat,Bernie Sanders,3515,22.9
Orangeburg,Democrat,Hillary Clinton,11819,23.7
Jackson,Democrat,Hillary Clinton,2798,19.9
Clinton,Republican,Donald Trump,2522,8.9
Norfolk,Democrat,Hillary Clinton,15747,19.2
Grundy,Republican,Donald Trump,3625,9.0
Yankton,Democrat,Hillary Clinton,706,13.4
Edgefield,Democrat,Hillary Clinton,1474,19.9
Moultrie,Republican,Ted Cruz,1321,12.8
Marion,Republican,Donald Trump,31370,18.1
Alpine,Democrat,Bernie Sanders,129,16.6
La Salle,Democrat,Hillary Clinton,557,21.7
Etowah,Republican,Donald Trump,8657,19.0
McCracken,Democrat,Bernie Sanders,3541,16.2
Brooklyn,Democrat,Hillary Clinton,174236,23.2
Conecuh,Democrat,Hillary Clinton,2031,32.7
Piatt,Republican,Ted Cruz,1855,6.2
Boone,Democrat,Hillary Clinton,2932,9.0
Gage,Republican,Donald Trump,1407,11.7
Lee,Democrat,Hillary Clinton,956,31.5
Martin,Republican,Donald Trump,1398,14.6
Hancock,Democrat,Bernie Sanders,573,14.2
Sanilac,Republican,Donald Trump,3279,16.8
McDowell,Democrat,Bernie Sanders,1453,36.3
Breathitt,Democrat,Bernie Sanders,1716,32.5
Monroe,Democrat,Hillary Clinton,2438,28.6
Marion,Republican,Donald Trump,1581,18.9
Audrain,Republican,Ted Cruz,1642,17.0
Bryan,Republican,Donald Trump,2214,11.7
Wayne,Democrat,Bernie Sanders,2898,20.0
Kings,Republican,Donald Trump,7046,21.0
Pinal,Republican,Donald Trump,12182,15.6
Magoffin,Democrat,Bernie Sanders,626,28.6
Carter,Republican,Donald Trump,349,13.7
Barry,Republican,Donald Trump,3478,11.7
Rensselaer,Democrat,Bernie Sanders,6649,13.2
Wilson,Democrat,Hillary Clinton,6408,23.2
Elbert,Democrat,Bernie Sanders,144,6.5
Crittenden,Democrat,Hillary Clinton,3379,26.3
White,Republican,Donald Trump,2715,20.1
Montgomery,Republican,Donald Trump,712,24.5
Clark,Democrat,Bernie Sanders,1888,15.4
Edgar,Republican,Donald Trump,1562,18.4
Barton,Republican,Ted Cruz,1560,18.7
Paulding,Republican,Donald Trump,10002,11.4
Gwinnett,Democrat,Hillary Clinton,37465,13.9
Rockdale,Democrat,Hillary Clinton,7930,14.7
Marin,Democrat,Hillary Clinton,27238,7.7
Custer,Republican,Donald Trump,1363,13.3
Marshall,Democrat,Bernie Sanders,960,12.1
Pike,Democrat,Bernie Sanders,4848,23.4
Antelope,Republican,Donald Trump,772,11.0
Logan,Republican,Donald Trump,166,12.1
Ogle,Republican,Ted Cruz,4307,11.3
Keweenaw,Democrat,Bernie Sanders,188,15.8
Scotland,Democrat,Hillary Clinton,2671,32.3
Simpson,Democrat,Hillary Clinton,708,20.3
Lafayette,Republican,Donald Trump,2518,9.5
St. Johns,Republican,Donald Trump,24205,9.6
Randolph,Republican,Donald Trump,735,21.8
Yuma,Republican,Donald Trump,4390,20.2
Furnas,Republican,Donald Trump,546,16.2
Los Angeles,Democrat,Hillary Clinton,590502,17.8
La Plata,Democrat,Bernie Sanders,1466,11.4
Lumpkin,Republican,Donald Trump,2453,18.1
Dixon,Republican,Donald Trump,513,11.2
Tate,Republican,Ted Cruz,2034,18.5
Eagle,Democrat,Bernie Sanders,623,10.9
Dallas,Democrat,Hillary Clinton,693,19.7
Metcalfe,Democrat,Bernie Sanders,582,20.0
Christian,Democrat,Hillary Clinton,2437,20.5
Summit,Democrat,Bernie Sanders,1645,8.5
LaSalle,Republican,Donald Trump,6950,12.2
Fannin,Republican,Donald Trump,3001,23.0
Essex,Democrat,Hillary Clinton,642,11.1
Broomfield,Democrat,Bernie Sanders,1010,7.1
Williamsburg,Democrat,Bernie Sanders,1197,19.5
Carroll,Republican,John Kasich,0,18.8
Emmet,Democrat,Bernie Sanders,2589,10.9
Val Verde,Democrat,Hillary Clinton,1777,22.1
Edwards,Republican,Donald Trump,867,11.4
Brooke,Democrat,Bernie Sanders,1966,13.1
Roscommon,Republican,Donald Trump,2257,22.2
Ottawa,Republican,Ted Cruz,23862,11.2
Ripley,Republican,Donald Trump,3694,9.4
Macon,Republican,Donald Trump,6655,17.6
Mason,Democrat,Bernie Sanders,775,19.3
Miner,Democrat,Hillary Clinton,109,9.5
Wasco,Democrat,Bernie Sanders,1795,18.2
Tuscaloosa,Democrat,Hillary Clinton,12136,18.9
Clarke,Democrat,Hillary Clinton,7089,36.7
Cortland,Democrat,Bernie Sanders,1878,14.7
Marion,Democrat,Hillary Clinton,3359,27.4
Franklin,Republican,Donald Trump,3130,19.1
Charlottesville,Democrat,Bernie Sanders,4474,27.5
Audubon,Democrat,Hillary Clinton,187,9.5
Clear Creek,Democrat,Bernie Sanders,199,10.2
Franklin,Republican,Donald Trump,1229,20.5
Cass,Democrat,Hillary Clinton,300,11.4
Morrill,Republican,Donald Trump,695,13.8
Forsyth,Democrat,Hillary Clinton,24446,18.6
Suffolk,Democrat,Hillary Clinton,7533,11.4
Boyd,Republican,Donald Trump,327,10.5
Amite,Democrat,Hillary Clinton,1212,25.7
Madison,Republican,Donald Trump,12487,17.3
Pottawatomie,Democrat,Bernie Sanders,3400,18.6
Greenup,Democrat,Bernie Sanders,1655,17.9
Hendricks,Republican,Donald Trump,18555,5.0
Honolulu,Democrat,Bernie Sanders,11458,9.8
Morgan,Democrat,Bernie Sanders,87,13.3
Henry,Republican,Ted Cruz,379,17.9
Leflore,Democrat,Hillary Clinton,2094,40.4
Lincoln,Democrat,Hillary Clinton,1692,30.4
Jefferson,Republican,Ted Cruz,3080,13.1
Summers,Democrat,Bernie Sanders,1060,19.0
Chouteau,Republican,Donald Trump,865,21.7
Bonneville,Republican,Ted Cruz,7794,11.4
Carroll,Republican,Ted Cruz,0,18.8
St. Clair,Democrat,Hillary Clinton,20987,17.6
Monterey,Democrat,Hillary Clinton,17126,17.0
Centre,Democrat,Bernie Sanders,10269,20.5
Chickasaw,Democrat,Hillary Clinton,360,10.3
Franklin,Democrat,Bernie Sanders,5398,16.6
Atchison,Republican,Donald Trump,487,11.6
Bay,Democrat,Bernie Sanders,6363,14.7
Tipton,Republican,Donald Trump,2269,9.4
Sanders,Republican,Donald Trump,1992,22.0
Clinton,Republican,Donald Trump,3252,13.9
Tazewell,Republican,Ted Cruz,12085,9.1
Prairie,Republican,Donald Trump,269,21.5
Screven,Republican,Donald Trump,801,27.0
Lucas,Republican,Ted Cruz,213,17.0
Indian River,Republican,Donald Trump,13678,15.1
Platte,Republican,Donald Trump,2902,10.7
Miller,Republican,Donald Trump,2482,20.9
Claiborne,Democrat,Hillary Clinton,1411,33.1
Rowan,Democrat,Bernie Sanders,1363,28.6
La Paz,Republican,Donald Trump,940,19.4
Queen Anne's,Republican,Donald Trump,5195,8.1
Grant,Republican,Donald Trump,722,17.3
Portsmouth,Democrat,Hillary Clinton,9464,18.4
Vance,Democrat,Hillary Clinton,4561,28.0
Issaquena,Democrat,Hillary Clinton,175,32.5
Floyd,Democrat,Bernie Sanders,4010,28.9
Kankakee,Republican,Donald Trump,6403,16.4
Jones,Democrat,Hillary Clinton,910,16.7
West Baton Rouge,Democrat,Hillary Clinton,2178,14.6
Osceola,Democrat,Hillary Clinton,16512,17.9
Marshall,Democrat,Bernie Sanders,2308,11.6
Guadalupe,Democrat,Hillary Clinton,399,17.5
Granite,Republican,Donald Trump,487,15.1
Crockett,Democrat,Hillary Clinton,266,16.7
Johnson,Democrat,Hillary Clinton,1,7.5
Chaffee,Democrat,Bernie Sanders,404,8.0
Columbia,Republican,Donald Trump,4019,19.8
Lafourche,Republican,Donald Trump,2725,14.1
Carroll,Republican,Donald Trump,1133,24.4
Pima,Democrat,Hillary Clinton,56317,19.2
Imperial,Democrat,Hillary Clinton,5743,23.3
Alcona,Republican,Donald Trump,1111,15.1
McIntosh,Republican,Donald Trump,1078,14.9
Bourbon,Democrat,Hillary Clinton,1109,17.2
Blaine,Republican,Donald Trump,465,28.8
Red River,Democrat,Hillary Clinton,530,21.8
Rio Arriba,Democrat,Hillary Clinton,4915,21.2
Wakulla,Republican,Donald Trump,1664,14.4
St. Mary,Democrat,Hillary Clinton,1995,21.0
Knox,Democrat,Bernie Sanders,3168,16.7
Harrison,Republican,Donald Trump,12555,19.9
Polk,Republican,Donald Trump,3360,23.4
Owyhee,Republican,Ted Cruz,717,24.2
Grant,Democrat,Hillary Clinton,2272,20.2
DuPage,Democrat,Bernie Sanders,65159,6.9
Hart,Republican,Donald Trump,1858,25.4
George,Republican,Donald Trump,2245,18.6
Warren,Republican,Donald Trump,1018,15.8
Howard,Republican,Ted Cruz,798,18.2
Bexar,Democrat,Hillary Clinton,76502,17.6
Big Horn,Democrat,Hillary Clinton,2,10.2
Teller,Democrat,Bernie Sanders,219,7.0
Stephenson,Republican,Ted Cruz,3038,15.9
McCormick,Democrat,Hillary Clinton,973,17.2
Macon,Democrat,Hillary Clinton,977,29.4
Greene,Republican,Donald Trump,1088,18.2
Stillwater,Republican,Donald Trump,1658,7.8
Pope,Republican,Donald Trump,3073,19.3
Lamar,Republican,Donald Trump,5197,17.4
Sunflower,Democrat,Hillary Clinton,2332,36.1
Lawrence,Republican,Donald Trump,1201,18.8
Brewster,Democrat,Bernie Sanders,771,12.4
Monroe,Republican,Donald Trump,2602,21.6
Butler,Republican,Donald Trump,910,9.4
Bay,Republican,Donald Trump,14426,14.7
Hyde,Democrat,Hillary Clinton,459,25.6
Delaware,Democrat,Hillary Clinton,440,8.4
Cumberland,Democrat,Hillary Clinton,22744,17.0
Webster,Democrat,Hillary Clinton,866,15.8
Dixie,Republican,Donald Trump,1103,17.4
Henry,Republican,Donald Trump,1778,14.4
Tippecanoe,Republican,Donald Trump,10296,21.6
Shelby,Democrat,Hillary Clinton,2195,12.4
Jackson,Democrat,Bernie Sanders,4656,30.4
Butte,Republican,Donald Trump,15695,20.4
Delta,Republican,Donald Trump,1954,16.4
Charlotte,Republican,Donald Trump,16525,12.6
Missoula,Democrat,Bernie Sanders,13271,16.5
Seminole,Republican,Donald Trump,25763,11.3
Cumberland,Republican,Ted Cruz,1081,13.9
Anderson,Democrat,Bernie Sanders,1649,11.3
Warren,Democrat,Hillary Clinton,2827,26.2
Pierce,Republican,Donald Trump,1345,20.5
Christian,Republican,Ted Cruz,10586,10.6
Elmore,Republican,Donald Trump,1252,16.3
Santa Rosa,Republican,Donald Trump,16044,12.3
Clarke,Democrat,Hillary Clinton,3148,29.3
Allegan,Republican,Ted Cruz,7530,13.5
Wheatland,Republican,Donald Trump,380,11.2
Adams,Republican,Donald Trump,5233,14.4
Hamilton,Republican,Donald Trump,35031,5.1
Boone,Republican,Donald Trump,2577,16.6
Lenoir,Democrat,Hillary Clinton,4731,23.7
Carbon,Republican,Donald Trump,1507,11.1
Jefferson,Democrat,Hillary Clinton,1519,31.5
Randolph,Democrat,Hillary Clinton,690,25.4
Marion,Republican,Ted Cruz,1011,9.2
Elbert,Republican,Donald Trump,1394,20.4
Pickens,Democrat,Hillary Clinton,2326,27.2
Polk,Republican,Donald Trump,1895,23.1
East Feliciana,Democrat,Hillary Clinton,1847,17.3
Sublette,Democrat,Bernie Sanders,3,6.1
Liberty,Republican,Donald Trump,387,21.0
Maricopa,Republican,Donald Trump,144522,16.7
DeKalb,Democrat,Hillary Clinton,82348,19.0
Lincoln,Democrat,Hillary Clinton,779,25.4
Chilton,Republican,Donald Trump,5273,19.5
San Bernardino,Democrat,Hillary Clinton,71246,18.7
Orange,Republican,Donald Trump,2574,17.9
Douglas,Democrat,Bernie Sanders,4510,15.1
Durham,Democrat,Hillary Clinton,35845,18.5
Spencer,Democrat,Bernie Sanders,806,7.7
Hardin,Republican,Donald Trump,496,23.6
Montgomery,Democrat,Hillary Clinton,109304,6.7
St. Tammany,Republican,Donald Trump,12933,10.6
Ralls,Republican,Donald Trump,961,9.9
Tangipahoa,Democrat,Hillary Clinton,4267,21.2
San Francisco,Democrat,Hillary Clinton,85070,13.5
Dallas,Democrat,Hillary Clinton,113574,19.1
Weston,Democrat,Hillary Clinton,1,11.2
Dane,Democrat,Bernie Sanders,102585,12.9
Cass,Republican,Donald Trump,2859,14.5
Walton,Republican,Donald Trump,6650,17.9
Howard,Republican,Donald Trump,8475,16.7
Rabun,Republican,Donald Trump,1732,21.5
Sabine,Republican,Ted Cruz,728,21.7
Wilcox,Democrat,Hillary Clinton,3337,39.2
DeSoto,Republican,Donald Trump,1445,29.6
San Diego,Democrat,Hillary Clinton,139813,14.4
Greene,Republican,Donald Trump,1555,22.3
Dimmit,Democrat,Hillary Clinton,1804,26.5
Osceola,Republican,Ted Cruz,113,8.6
Cleburne,Republican,Donald Trump,2120,18.4
Caroline,Republican,Donald Trump,2521,14.4
Aurora,Democrat,Hillary Clinton,150,6.5
Washington,Republican,Donald Trump,11970,12.4
Gallatin,Republican,Donald Trump,8313,14.1
Union,Democrat,Hillary Clinton,1690,20.1
Reynolds,Republican,Donald Trump,647,24.4
Bronx,Democrat,Hillary Clinton,95772,29.8
Caldwell,Republican,Donald Trump,780,14.3
Dade,Republican,Ted Cruz,997,20.6
Big Horn,Republican,Donald Trump,1087,25.5
Lincoln,Republican,Donald Trump,2950,23.5
Lane,Democrat,Bernie Sanders,41883,20.0
Jefferson,Democrat,Hillary Clinton,1550,40.0
Hitchcock,Republican,Donald Trump,305,15.5
Calloway,Democrat,Bernie Sanders,2239,20.1
Owen,Republican,Donald Trump,2679,14.0
Cumberland,Republican,Donald Trump,1081,13.9
Ashley,Democrat,Hillary Clinton,1375,18.9
Boone,Democrat,Bernie Sanders,715,10.1
Lee,Democrat,Hillary Clinton,7137,22.0
Leslie,Republican,Donald Trump,503,22.6
Kendall,Democrat,Bernie Sanders,7482,4.8
Lewis,Republican,Donald Trump,522,29.1
Greenwood,Democrat,Hillary Clinton,3588,23.1
Holmes,Democrat,Hillary Clinton,3301,43.5
Livingston,Democrat,Bernie Sanders,610,16.9
Sussex,Republican,Donald Trump,17794,13.4
Bamberg,Democrat,Hillary Clinton,1715,27.6
Garfield,Republican,Donald Trump,227,13.0
Presidio,Democrat,Hillary Clinton,776,24.8
Gilchrist,Republican,Donald Trump,1860,24.1
Delta,Democrat,Bernie Sanders,417,15.5
Clearwater,Republican,Donald Trump,629,12.5
Manatee,Republican,Donald Trump,26320,15.1
Moniteau,Republican,Ted Cruz,1374,11.4
St. Francois,Republican,Donald Trump,4061,19.4
Kane,Democrat,Bernie Sanders,31085,11.1
Montgomery,Democrat,Bernie Sanders,1322,25.0
Linn,Republican,Donald Trump,955,15.1
Valencia,Democrat,Hillary Clinton,3123,23.6
Stone,Republican,Ted Cruz,1428,18.0
Mason,Republican,Donald Trump,896,16.3
Lincoln,Republican,Donald Trump,3073,17.9
Lowndes,Republican,Donald Trump,5194,24.3
Radford,Democrat,Bernie Sanders,655,37.7
Bradley,Republican,Donald Trump,770,31.3
Lawrence,Republican,Donald Trump,3604,17.5
Roosevelt,Republican,Donald Trump,712,26.6
Dakota,Republican,Donald Trump,819,16.9
Jefferson,Republican,Donald Trump,17781,11.3
Tillamook,Democrat,Bernie Sanders,2207,16.1
Bacon,Republican,Donald Trump,904,19.0
Ballard,Democrat,Bernie Sanders,659,14.4
Floyd,Republican,Donald Trump,5945,21.0
Campbell,Democrat,Hillary Clinton,3169,13.0
Buena Vista,Republican,Ted Cruz,309,12.8
Kenedy,Democrat,Hillary Clinton,63,32.8
Johnson,Democrat,Bernie Sanders,1,7.5
Tama,Democrat,Hillary Clinton,476,11.5
Rankin,Republican,Donald Trump,13729,11.5
Tompkins,Democrat,Bernie Sanders,9298,20.5
Perry,Republican,Donald Trump,1561,12.0
Shannon,Republican,Donald Trump,808,25.2
Power,Republican,Ted Cruz,421,13.9
Jasper,Republican,Ted Cruz,928,6.6
Johnson,Republican,Donald Trump,1338,20.1
Wolfe,Democrat,Bernie Sanders,499,40.5
Jefferson,Democrat,Hillary Clinton,9936,23.9
Lapeer,Republican,Donald Trump,7446,11.0
Logan,Democrat,Bernie Sanders,1131,21.2
Lunenburg,Democrat,Hillary Clinton,738,22.6
Schuyler,Republican,Donald Trump,428,24.0
Gilpin,Democrat,Bernie Sanders,173,10.8
Jefferson,Republican,Donald Trump,533,13.6
Hardin,Democrat,Hillary Clinton,4359,15.8
Prentiss,Republican,Donald Trump,1597,24.2
Webster,Democrat,Bernie Sanders,1169,14.8
Orleans,Democrat,Hillary Clinton,40601,27.3
Highlands,Republican,Donald Trump,7480,20.1
Sumter,Democrat,Hillary Clinton,2987,38.0
Ontonagon,Republican,Donald Trump,519,13.8
Winnebago,Democrat,Bernie Sanders,16715,17.5
Washita,Democrat,Bernie Sanders,700,16.3
Nodaway,Republican,Donald Trump,1268,28.4
Posey,Republican,Donald Trump,3159,9.9
Johnson,Democrat,Bernie Sanders,5473,17.7
Smith,Republican,Donald Trump,1820,23.6
Putnam,Democrat,Bernie Sanders,504,14.2
Nassau,Republican,Donald Trump,9192,12.6
Lake,Republican,Donald Trump,803,27.9
Chicot,Democrat,Hillary Clinton,1370,33.0
Fayette,Republican,Donald Trump,2744,23.0
Chase,Republican,Donald Trump,476,12.8
Berrien,Republican,Donald Trump,7817,17.5
Oakland,Democrat,Hillary Clinton,92296,10.3
Concordia,Democrat,Hillary Clinton,1830,31.8
Bibb,Democrat,Hillary Clinton,12944,24.9
Scott,Republican,Donald Trump,3373,19.1
Martin,Republican,Donald Trump,16065,13.0
Craighead,Republican,Ted Cruz,4108,20.6
Lawrence,Republican,Donald Trump,1326,13.3
Tippah,Republican,Donald Trump,1951,25.5
Fredericksburg,Democrat,Hillary Clinton,1396,18.6
Denver,Democrat,Bernie Sanders,14624,19.1
Oconee,Republican,Donald Trump,2871,9.3
Richmond,Democrat,Hillary Clinton,333,12.8
Columbia,Democrat,Bernie Sanders,3302,9.8
Banner,Republican,Donald Trump,108,15.4
Cherokee,Republican,Donald Trump,248,9.7
Coweta,Republican,Donald Trump,9593,12.7
Blaine,Republican,Donald Trump,543,8.3
Haywood,Democrat,Hillary Clinton,1197,21.1
Ringgold,Democrat,Hillary Clinton,132,13.1
Plymouth,Republican,Donald Trump,618,6.4
Hood River,Democrat,Bernie Sanders,2527,11.6
Wabash,Republican,Donald Trump,3932,15.1
Brooks,Democrat,Hillary Clinton,1603,38.3
Daviess,Democrat,Bernie Sanders,5188,15.2
Murray,Republican,Donald Trump,3084,22.4
Taylor,Democrat,Hillary Clinton,140,14.5
Gentry,Republican,Donald Trump,435,17.2
Vigo,Republican,Donald Trump,8539,20.0
Bent,Democrat,Hillary Clinton,26,19.1
Harlan,Republican,Donald Trump,436,12.1
Woodford,Republican,Ted Cruz,5091,8.8
Long,Republican,Donald Trump,633,19.2
Gibson,Republican,Donald Trump,4237,11.5
Crawford,Republican,Ted Cruz,3926,20.2
Wright,Democrat,Hillary Clinton,273,11.0
Greene,Republican,Donald Trump,1014,13.2
Livingston,Republican,Donald Trump,1191,17.8
Brantley,Republican,Donald Trump,1161,21.9
Hudson,Democrat,Hillary Clinton,49798,16.8
Randolph,Republican,Donald Trump,2939,17.4
Schoolcraft,Republican,Donald Trump,529,20.7
Bryan,Democrat,Bernie Sanders,1913,18.4
Uvalde,Democrat,Hillary Clinton,1740,26.5
Nicholas,Democrat,Bernie Sanders,420,16.0
Fremont,Democrat,Bernie Sanders,268,17.6
Frontier,Republican,Donald Trump,315,12.0
Hancock,Republican,Donald Trump,4147,18.7
Effingham,Republican,Ted Cruz,3448,9.1
Bath,Democrat,Bernie Sanders,641,28.0
Sioux,Republican,Ted Cruz,1524,8.2
Franklin,Republican,Donald Trump,761,23.0
Wapello,Democrat,Hillary Clinton,817,19.1
Jackson,Republican,Donald Trump,582,34.2
Marlboro,Democrat,Hillary Clinton,2132,30.7
Karnes,Democrat,Hillary Clinton,719,23.3
Elkhart,Republican,Ted Cruz,16204,16.7
Graham,Republican,Ted Cruz,1606,22.3
Cass,Republican,Ted Cruz,7671,8.9
Mahaska,Republican,Ted Cruz,669,15.9
Morgan,Republican,Donald Trump,1656,15.4
Lincoln,Democrat,Hillary Clinton,3,6.9
Calhoun,Democrat,Bernie Sanders,200,13.4
Perry,Republican,Donald Trump,1461,18.4
Warren,Republican,Donald Trump,1321,7.1
Dewey,Democrat,Bernie Sanders,342,33.3
Washington,Republican,Ted Cruz,783,15.0
Muscogee,Democrat,Hillary Clinton,12801,19.6
Powder River,Republican,Donald Trump,516,9.2
Cleveland,Democrat,Bernie Sanders,16428,12.9
Nez Perce,Republican,Ted Cruz,1583,11.1
Santa Barbara,Democrat,Hillary Clinton,23543,16.0
Howard,Republican,Donald Trump,534,10.3
Thomas,Republican,Donald Trump,2649,26.5
Fayette,Republican,Donald Trump,8055,7.7
Orange,Democrat,Bernie Sanders,18096,17.8
Hawaii,Democrat,Bernie Sanders,5605,18.3
Merced,Democrat,Hillary Clinton,7169,25.4
Ben Hill,Republican,Donald Trump,1020,38.1
Floyd,Republican,Donald Trump,7456,13.3
Marion,Democrat,Bernie Sanders,5324,15.9
Sheridan,Democrat,Bernie Sanders,7,8.8
Twiggs,Democrat,Hillary Clinton,818,28.7
Scott,Republican,Donald Trump,510,12.3
West Feliciana,Democrat,Hillary Clinton,902,16.6
Madera,Republican,Donald Trump,8247,22.8
Fulton,Democrat,Bernie Sanders,2537,13.3
Brown,Republican,Donald Trump,502,12.3
Baxter,Republican,Donald Trump,3798,15.5
Cole,Republican,Ted Cruz,6159,13.3
Liberty,Democrat,Bernie Sanders,392,24.1
Anne Arundel,Democrat,Hillary Clinton,35659,6.3
Hart,Democrat,Bernie Sanders,1062,26.6
Loup,Republican,Donald Trump,101,25.8
Fallon,Republican,Donald Trump,734,5.9
Holt,Republican,Donald Trump,504,12.3
Clay,Democrat,Bernie Sanders,303,8.9
Crook,Democrat,Hillary Clinton,1,6.7
Sullivan,Republican,Donald Trump,510,17.0
Bienville,Democrat,Hillary Clinton,1056,26.9
Bayfield,Democrat,Bernie Sanders,2604,13.5
Fulton,Democrat,Hillary Clinton,82576,17.6
Keya Paha,Republican,Donald Trump,203,15.5
Arkansas,Republican,Donald Trump,1073,15.8
Contra Costa,Democrat,Hillary Clinton,69809,10.5
Franklin,Republican,Donald Trump,9080,12.5
Clatsop,Democrat,Bernie Sanders,3334,16.5
Todd,Democrat,Bernie Sanders,507,20.5
Perkins,Republican,Donald Trump,331,5.8
Washington,Democrat,Bernie Sanders,12,13.1
Montezuma,Democrat,Bernie Sanders,412,19.3
Hot Springs,Democrat,Bernie Sanders,1,11.9
Salt Lake,Democrat,Bernie Sanders,35610,12.7
Blount,Republican,Donald Trump,7390,15.8
Wayne,Republican,Donald Trump,2075,14.7
Kearney,Republican,Donald Trump,614,4.9
Citrus,Republican,Donald Trump,15232,16.8
Hillsdale,Republican,Donald Trump,3060,19.7
St. Joseph,Republican,Donald Trump,19059,17.7
Pushmataha,Democrat,Bernie Sanders,667,26.5
Benton,Democrat,Hillary Clinton,672,8.4
Adams,Democrat,Hillary Clinton,113,11.3
Trempealeau,Democrat,Bernie Sanders,2429,11.9
Shasta,Republican,Donald Trump,14822,17.5
Arenac,Republican,Donald Trump,1141,18.1
Weston,Democrat,Bernie Sanders,1,11.2
Washington,Republican,Donald Trump,1666,23.4
Wibaux,Republican,Donald Trump,231,13.3
Greene,Republican,Ted Cruz,26784,18.7
Washington,Republican,Donald Trump,1370,10.2
Garvin,Democrat,Bernie Sanders,1505,19.1
Iosco,Republican,Donald Trump,1973,19.0
Pulaski,Republican,Donald Trump,2802,12.8
Teton,Democrat,Bernie Sanders,9,8.2
Pittsburg,Democrat,Bernie Sanders,3026,18.5
Dawes,Republican,Donald Trump,831,19.3
Carroll,Republican,Donald Trump,2421,10.7
Appling,Republican,Donald Trump,1290,22.9
Winston,Republican,Donald Trump,3352,24.0
Clark,Republican,Donald Trump,545,17.6
Bradford,Republican,Donald Trump,1802,18.2
Ste. Genevieve,Republican,Donald Trump,1080,11.9
Rio Grande,Democrat,Bernie Sanders,59,19.2
Hancock,Republican,Donald Trump,9520,7.6
Lafayette,Republican,Donald Trump,2521,25.6
Lee,Republican,Donald Trump,2153,10.7
Autauga,Republican,Donald Trump,5387,12.1
Howell,Republican,Donald Trump,4230,23.8
Carlisle,Democrat,Bernie Sanders,462,16.2
Washington,Republican,Donald Trump,3156,15.1
McDonough,Republican,Donald Trump,1599,23.1
Talbot,Republican,Donald Trump,3104,8.6
Mendocino,Democrat,Bernie Sanders,4654,20.0
Tillman,Democrat,Bernie Sanders,346,20.2
Watauga,Democrat,Bernie Sanders,5811,31.3
Washington,Republican,Donald Trump,1739,20.1
Sac,Republican,Donald Trump,212,8.7
Lincoln,Democrat,Hillary Clinton,20,13.7
Andrew,Republican,Donald Trump,1457,8.2
Clay,Republican,Ted Cruz,13559,9.0
Pueblo,Democrat,Hillary Clinton,1260,19.1
Lewis and Clark,Republican,Donald Trump,6194,10.4
Woodbury,Democrat,Bernie Sanders,1920,15.7
Morgan,Democrat,Bernie Sanders,988,28.9
Somerset,Republican,Donald Trump,1686,23.4
Butte,Republican,Ted Cruz,275,15.7
Yancey,Democrat,Bernie Sanders,1386,20.1
Macon,Democrat,Hillary Clinton,4293,27.3
Richland,Democrat,Hillary Clinton,696,21.3
Fayette,Democrat,Bernie Sanders,3585,21.2
Benton,Republican,Donald Trump,1175,11.1
Clay,Republican,Donald Trump,702,9.0
Ida,Republican,Donald Trump,136,14.4
Bleckley,Republican,Donald Trump,935,23.3
Prowers,Democrat,Hillary Clinton,40,23.3
Pondera,Republican,Donald Trump,930,17.5
Garden,Republican,Donald Trump,372,9.4
Franklin,Republican,Ted Cruz,1187,12.2
Black Hawk,Democrat,Bernie Sanders,3647,17.0
Crawford,Republican,Ted Cruz,226,15.8
Ouray,Democrat,Bernie Sanders,156,5.6
Crawford,Republican,Donald Trump,930,20.6
Charles City,Democrat,Hillary Clinton,863,11.8
Lowndes,Democrat,Hillary Clinton,3782,26.7
Lee,Democrat,Hillary Clinton,929,15.1
LaRue,Democrat,Bernie Sanders,910,16.9
McDuffie,Republican,Donald Trump,1288,22.2
Howard,Democrat,Bernie Sanders,215,11.6
Kauai,Democrat,Bernie Sanders,2049,11.2
Warren,Democrat,Hillary Clinton,1217,7.3
McCone,Republican,Donald Trump,410,7.4
Santa Fe,Democrat,Hillary Clinton,16087,17.0
Harris,Republican,Donald Trump,2542,8.0
Cleburne,Republican,Donald Trump,2530,15.8
Washington,Democrat,Hillary Clinton,9110,20.7
Okeechobee,Republican,Donald Trump,2202,26.9
Caldwell,Republican,Donald Trump,284,20.2
Hancock,Republican,Ted Cruz,385,10.4
Buchanan,Republican,Donald Trump,4691,17.0
Cherokee,Democrat,Bernie Sanders,2897,22.8
Tallahatchie,Democrat,Hillary Clinton,1341,30.2
Marquette,Democrat,Bernie Sanders,5530,15.7
Starke,Republican,Donald Trump,2456,16.9
Eau Claire,Democrat,Bernie Sanders,13058,15.7
Covington,Democrat,Hillary Clinton,244,21.3
Echols,Republican,Donald Trump,268,31.3
Nelson,Democrat,Hillary Clinton,991,14.2
Orange,Republican,Donald Trump,146888,12.4
Poweshiek,Democrat,Bernie Sanders,475,12.8
Shelby,Republican,Donald Trump,579,18.4
Tunica,Democrat,Hillary Clinton,904,30.3
Jefferson,Democrat,Hillary Clinton,17581,16.5
Marion,Republican,Donald Trump,3503,20.9
Winn,Democrat,Hillary Clinton,488,22.6
Chariton,Republican,Donald Trump,597,16.5
Foard,Democrat,Bernie Sanders,112,15.4
Newton,Republican,Donald Trump,1794,18.6
Kent,Republican,Donald Trump,8294,12.9
Gladwin,Republican,Donald Trump,1774,21.4
Fremont,Republican,Donald Trump,182,10.2
Broome,Democrat,Bernie Sanders,9176,17.4
Del Norte,Republican,Donald Trump,1536,21.8
Jefferson,Republican,Donald Trump,3077,13.6
Dodge,Republican,Donald Trump,2760,10.7
Brunswick,Democrat,Hillary Clinton,1354,24.0
Nowata,Democrat,Bernie Sanders,530,16.6
Wicomico,Republican,Donald Trump,6998,17.0
O'Brien,Republican,Ted Cruz,347,11.3
Terrebonne,Republican,Donald Trump,3454,17.1
Towns,Republican,Donald Trump,1356,16.3
Clinton,Democrat,Bernie Sanders,1234,14.0
Clay,Republican,Donald Trump,1294,15.6
Cherokee,Republican,Donald Trump,2777,21.2
Washington,Democrat,Hillary Clinton,1374,23.7
Warren,Democrat,Bernie Sanders,5365,19.1
Jones,Democrat,Bernie Sanders,480,8.3
Cecil,Republican,Donald Trump,7348,10.4
Rock,Democrat,Bernie Sanders,17337,14.3
Minnehaha,Democrat,Hillary Clinton,6018,10.9
Humphreys,Democrat,Hillary Clinton,2894,44.9
Arapahoe,Democrat,Bernie Sanders,6086,12.1
Green,Republican,Donald Trump,655,21.9
Franklin,Democrat,Hillary Clinton,4951,16.1
Cumberland,Democrat,Hillary Clinton,6875,17.5
Lyon,Republican,Ted Cruz,432,8.0
Ionia,Democrat,Bernie Sanders,2812,15.8
St. Louis County,Democrat,Hillary Clinton,89373,10.9
Dillon,Democrat,Hillary Clinton,1615,31.5
Mason,Republican,Donald Trump,1785,16.2
Rosebud,Republican,Donald Trump,959,17.3
Vanderburgh,Republican,Donald Trump,14544,15.9
Hughes,Democrat,Bernie Sanders,873,21.1
Calhoun,Republican,Donald Trump,1323,23.7
Coal,Democrat,Bernie Sanders,456,21.6
Gilmer,Democrat,Bernie Sanders,643,28.5
Dale,Republican,Donald Trump,4151,17.4
Jim Wells,Democrat,Hillary Clinton,4688,21.7
Montrose,Democrat,Bernie Sanders,258,16.0
Baldwin,Republican,Donald Trump,23618,13.9
Teton,Republican,Donald Trump,882,15.1
Monroe,Republican,Donald Trump,2262,12.9
Gratiot,Democrat,Bernie Sanders,1812,19.1
Jefferson,Democrat,Bernie Sanders,8281,8.6
Clay,Democrat,Bernie Sanders,754,24.8
Polk,Republican,Ted Cruz,3430,23.6
Powell,Republican,Donald Trump,818,15.3
Saline,Republican,Donald Trump,1417,18.6
Phelps,Republican,Donald Trump,963,9.1
Phelps,Republican,Donald Trump,3425,18.1
Payne,Democrat,Bernie Sanders,3829,25.7
Dorchester,Republican,Donald Trump,2744,16.5
Richland,Republican,Donald Trump,1469,14.2
Gallatin,Democrat,Bernie Sanders,340,20.7
Clackamas,Democrat,Bernie Sanders,27969,9.8
Lewis,Republican,Donald Trump,286,17.9
Jeff Davis,Republican,Donald Trump,1071,24.5
Minidoka,Republican,Ted Cruz,1163,13.6
Hooker,Republican,Donald Trump,119,12.8
Volusia,Republican,Donald Trump,34167,16.8
Pinellas,Democrat,Hillary Clinton,63699,14.1
Chowan,Democrat,Hillary Clinton,974,29.0
Hudspeth,Democrat,Hillary Clinton,147,44.1
Whitley,Republican,Donald Trump,1556,26.0
Crawford,Republican,Donald Trump,1162,19.6
Presque Isle,Republican,Donald Trump,916,12.9
Barnwell,Democrat,Hillary Clinton,1560,29.1
Alamosa,Democrat,Bernie Sanders,167,26.5
Oglethorpe,Republican,Donald Trump,1230,16.4
Phillips,Democrat,Hillary Clinton,2696,33.5
Iowa,Democrat,Hillary Clinton,357,10.9
Cooper,Republican,Ted Cruz,1369,17.8
Wetzel,Democrat,Bernie Sanders,1744,19.7
Broward,Democrat,Hillary Clinton,132527,14.3
Switzerland,Republican,Donald Trump,858,22.2
Sheridan,Democrat,Hillary Clinton,7,8.8
Washington,Democrat,Hillary Clinton,1663,25.7
East Carroll,Democrat,Hillary Clinton,508,48.0
Crittenden,Democrat,Bernie Sanders,344,20.8
Glenn,Republican,Donald Trump,1699,18.8
Greene,Republican,Donald Trump,2103,17.1
Meade,Democrat,Bernie Sanders,1541,16.9
Cheyenne,Republican,Donald Trump,1130,14.0
Washington,Democrat,Hillary Clinton,1741,25.0
Shelby,Democrat,Hillary Clinton,66465,20.8
Noxubee,Democrat,Hillary Clinton,1397,34.6
Erie,Democrat,Hillary Clinton,50199,14.6
Johnson,Republican,Donald Trump,3035,17.6
Butts,Republican,Donald Trump,1884,14.5
Livingston,Republican,Ted Cruz,3235,10.3
Adair,Republican,Donald Trump,1404,23.7
Glades,Republican,Donald Trump,632,24.5
Williamsburg,Democrat,Hillary Clinton,4609,30.8
Burke,Democrat,Hillary Clinton,1659,33.5
Pontotoc,Republican,Ted Cruz,2498,14.0
Ford,Republican,Ted Cruz,1281,10.5
Ottawa,Democrat,Bernie Sanders,1238,22.0
Marshall,Republican,Donald Trump,4755,15.2
Union,Republican,Donald Trump,1332,19.5
Sharkey,Democrat,Hillary Clinton,645,31.2
Richmond City,Democrat,Hillary Clinton,21822,25.6
Faulkner,Republican,Ted Cruz,6228,14.6
Larimer,Democrat,Bernie Sanders,6664,14.1
Cleveland,Democrat,Hillary Clinton,4880,19.3
Oklahoma,Democrat,Hillary Clinton,34255,18.5
Emmet,Democrat,Hillary Clinton,168,12.5
Valley,Republican,Donald Trump,1250,13.5
Otsego,Democrat,Bernie Sanders,2623,15.5
Camas,Republican,Donald Trump,130,15.5
Escambia,Republican,Donald Trump,2817,25.4
Colfax,Democrat,Hillary Clinton,949,17.7
Stephens,Republican,Donald Trump,1726,19.8
Jefferson,Democrat,Bernie Sanders,654,12.4
Shoshone,Republican,Donald Trump,632,17.4
Monongalia,Democrat,Bernie Sanders,8096,22.4
McKinley,Democrat,Hillary Clinton,4761,35.0
Grand,Democrat,Bernie Sanders,636,13.7
Jasper,Democrat,Hillary Clinton,2194,23.7
Dooly,Democrat,Hillary Clinton,737,29.0
Callaway,Republican,Ted Cruz,3261,13.0
Monroe,Republican,Donald Trump,3272,5.4
San Joaquin,Democrat,Hillary Clinton,25118,18.2
Love,Democrat,Bernie Sanders,502,16.6
Hickman,Democrat,Bernie Sanders,300,18.3
Shelby,Republican,Donald Trump,18260,7.9
Gila,Republican,Donald Trump,3065,21.6
Caribou,Republican,Ted Cruz,602,7.8
Hempstead,Republican,Ted Cruz,917,27.4
Copiah,Democrat,Hillary Clinton,3373,26.3
Huron,Republican,Donald Trump,2346,15.8
Harrison,Republican,Donald Trump,755,16.3
Franklin,Republican,Donald Trump,3487,13.5
Osage,Democrat,Hillary Clinton,2390,14.5
Tuolumne,Republican,Donald Trump,4949,14.5
Wilkes,Republican,Donald Trump,734,27.3
Delaware,Democrat,Hillary Clinton,44775,10.3
Fairfax,Democrat,Hillary Clinton,86898,5.9
Wheeler,Republican,Donald Trump,283,31.3
Poinsett,Republican,Donald Trump,1036,28.1
Atkinson,Republican,Donald Trump,619,32.2
White,Republican,Ted Cruz,4395,17.5
Mecosta,Republican,Donald Trump,2113,22.9
Kern,Republican,Donald Trump,33838,22.9
Pontotoc,Democrat,Bernie Sanders,2392,18.8
Calhoun,Democrat,Bernie Sanders,503,11.9
Pitt,Democrat,Hillary Clinton,11856,24.3
Uinta,Democrat,Bernie Sanders,5,13.3
Cass,Republican,Donald Trump,3941,16.5
Webster,Democrat,Hillary Clinton,1878,21.9
Santa Cruz,Democrat,Bernie Sanders,25171,14.6
Adams,Democrat,Bernie Sanders,3279,14.2
Carroll,Republican,Donald Trump,1268,13.7
Fremont,Republican,Ted Cruz,1434,12.4
Emporia,Democrat,Hillary Clinton,404,29.0
Burlington,Democrat,Hillary Clinton,32712,5.5
Walker,Republican,Donald Trump,4208,16.7
Jeff Davis,Democrat,Hillary Clinton,738,18.8
Sampson,Democrat,Hillary Clinton,3790,22.8
Loudoun,Democrat,Hillary Clinton,21171,3.6
Sevier,Republican,Donald Trump,593,24.4
Solano,Democrat,Hillary Clinton,31753,13.0
Montgomery,Republican,Donald Trump,1192,17.5
Heard,Republican,Donald Trump,1068,24.3
Charlton,Republican,Donald Trump,602,19.7
Bladen,Democrat,Hillary Clinton,3442,25.8
Kinney,Democrat,Hillary Clinton,211,25.7
Genesee,Democrat,Hillary Clinton,31284,21.0
Southampton,Democrat,Hillary Clinton,1199,16.0
Lewis,Republican,Donald Trump,801,15.0
Bear Lake,Republican,Ted Cruz,643,12.9
Menominee,Democrat,Bernie Sanders,355,31.4
Jeff Davis,Democrat,Hillary Clinton,1806,27.0
Danville,Democrat,Hillary Clinton,2676,27.4
Carroll,Democrat,Bernie Sanders,573,29.9
Marion,Republican,Donald Trump,2454,28.2
Robeson,Democrat,Hillary Clinton,8457,31.7
Newaygo,Republican,Ted Cruz,3557,18.6
Jackson,Democrat,Bernie Sanders,1845,16.9
Webster,Republican,Ted Cruz,4124,18.9
Stanislaus,Republican,Donald Trump,15390,20.3
Pottawattamie,Democrat,Bernie Sanders,1573,13.8
Halifax,Democrat,Hillary Clinton,6224,27.4
Pawnee,Republican,Donald Trump,225,21.5
Dent,Republican,Donald Trump,1688,20.9
Newton,Republican,Ted Cruz,6452,15.0
Ogemaw,Republican,Donald Trump,1612,21.5
Kent,Democrat,Hillary Clinton,1460,13.2
Monroe,Democrat,Hillary Clinton,1191,19.0
Scotland,Republican,Donald Trump,395,18.2
Valley,Republican,Donald Trump,575,9.5
St. Martin,Democrat,Hillary Clinton,1869,18.2
Jay,Republican,Donald Trump,2194,14.7
Rio Blanco,Democrat,Bernie Sanders,18,14.9
Franklin,Democrat,Hillary Clinton,226,11.1
Lincoln,Republican,Donald Trump,3235,11.4
Custer,Republican,Donald Trump,430,16.1
Calhoun,Democrat,Hillary Clinton,200,13.4
San Juan,Democrat,Bernie Sanders,27,17.1
Champaign,Democrat,Bernie Sanders,20581,22.3
Columbia,Republican,Donald Trump,9177,8.3
Stone,Republican,Donald Trump,993,25.5
Adams,Republican,Donald Trump,2798,12.8
Washakie,Democrat,Hillary Clinton,2,12.1
Montgomery,Democrat,Bernie Sanders,5090,24.5
Douglas,Republican,Donald Trump,23754,14.3
Haywood,Democrat,Bernie Sanders,3873,16.6
Mineral,Democrat,Bernie Sanders,25,6.4
Okaloosa,Republican,Donald Trump,17770,13.4
Florence,Democrat,Hillary Clinton,9411,19.8
Oscoda,Republican,Donald Trump,705,20.2
Newport News,Democrat,Hillary Clinton,12495,15.2
Putnam,Republican,Donald Trump,4087,9.7
Fulton,Democrat,Hillary Clinton,315,22.2
Des Moines,Democrat,Bernie Sanders,1066,13.8
Stone,Republican,Donald Trump,3928,17.1
Yuma,Democrat,Hillary Clinton,45,8.2
Yellowstone,Republican,Donald Trump,17925,12.3
Bartholomew,Republican,Donald Trump,7918,12.2
Powell,Democrat,Bernie Sanders,744,31.7
Nevada,Democrat,Bernie Sanders,8472,12.0
Itawamba,Republican,Donald Trump,1905,15.7
Perry,Democrat,Bernie Sanders,1666,25.3
Johnston,Democrat,Bernie Sanders,606,22.1
Dallas,Democrat,Hillary Clinton,8577,35.5
San Benito,Democrat,Hillary Clinton,2022,11.9
Dona Ana,Democrat,Hillary Clinton,9097,27.0
Turner,Republican,Donald Trump,652,22.0
Custer,Democrat,Bernie Sanders,45,14.6
Cassia,Republican,Ted Cruz,2095,15.9
Adair,Democrat,Hillary Clinton,168,9.5
Jefferson,Democrat,Hillary Clinton,1671,17.2
Kiowa,Democrat,Hillary Clinton,5,17.4
Swain,Democrat,Bernie Sanders,831,27.2
Trimble,Democrat,Bernie Sanders,542,17.2
Morgan,Republican,Donald Trump,10235,11.5
Oldham,Democrat,Hillary Clinton,2730,6.8
Zapata,Democrat,Hillary Clinton,1969,34.7
Ingham,Democrat,Bernie Sanders,22909,21.9
Blackford,Republican,Donald Trump,1019,16.0
Breckinridge,Democrat,Hillary Clinton,877,19.6
Montcalm,Republican,Donald Trump,3051,18.6
Acadia,Democrat,Hillary Clinton,1862,18.7
Morgan,Republican,Donald Trump,1976,23.4
Lincoln,Republican,Donald Trump,4144,13.6
Cedar,Republican,Ted Cruz,1404,23.3
Spalding,Republican,Donald Trump,4257,21.5
Muskegon,Democrat,Bernie Sanders,10062,19.9
Navajo,Democrat,Hillary Clinton,4415,30.3
Caswell,Democrat,Hillary Clinton,1701,22.6
Bond,Republican,Donald Trump,1102,14.6
Peoria,Democrat,Hillary Clinton,11341,17.2
Pettis,Republican,Donald Trump,3343,18.4
Columbia,Democrat,Bernie Sanders,6455,9.3
Montgomery,Democrat,Hillary Clinton,75333,6.1
Greene,Democrat,Hillary Clinton,215,13.0
Greene,Republican,Donald Trump,4491,14.0
Jasper,Republican,Donald Trump,1205,21.7
Kenosha,Democrat,Bernie Sanders,14612,14.0
Douglas,Democrat,Bernie Sanders,2347,3.9
Evans,Republican,Donald Trump,481,27.9
Maries,Republican,Donald Trump,958,16.7
Manassas,Democrat,Hillary Clinton,1812,11.7
St. James,Democrat,Hillary Clinton,2114,16.4
Lee,Democrat,Hillary Clinton,3224,18.9
Hendry,Republican,Donald Trump,1290,26.7
Prince George,Democrat,Hillary Clinton,1992,8.1
Ziebach,Democrat,Bernie Sanders,132,42.3
Roger Mills,Democrat,Bernie Sanders,268,13.2
Sharp,Republican,Donald Trump,1241,23.9
Pike,Republican,Donald Trump,1603,16.6
Desha,Democrat,Hillary Clinton,1342,30.1
Travis,Democrat,Bernie Sanders,73889,17.4
Evangeline,Democrat,Hillary Clinton,1319,24.5
Modoc,Republican,Donald Trump,1019,21.0
Union,Republican,Donald Trump,2169,23.5
Pike,Republican,Donald Trump,2493,27.6
DeKalb,Democrat,Bernie Sanders,8315,19.0
Troup,Republican,Donald Trump,4140,23.6
Irwin,Republican,Donald Trump,869,21.2
Winchester,Democrat,Hillary Clinton,949,20.1
Park,Republican,Donald Trump,1901,12.3
St. Helena,Democrat,Hillary Clinton,1407,27.4
Allen,Republican,Donald Trump,640,18.6
Kemper,Democrat,Hillary Clinton,1008,33.3
Catahoula,Democrat,Hillary Clinton,431,21.8
Knott,Democrat,Bernie Sanders,1114,23.1
Hopewell,Democrat,Hillary Clinton,1177,20.1
Cotton,Democrat,Bernie Sanders,388,14.7
Walthall,Republican,Donald Trump,1143,25.3
DeKalb,Republican,Donald Trump,6247,19.9
Columbia,Democrat,Bernie Sanders,4221,13.6
Johnson,Republican,Donald Trump,1383,14.1
Daniels,Republican,Donald Trump,340,10.1
Pasquotank,Democrat,Hillary Clinton,2471,18.4
Clinton,Democrat,Bernie Sanders,4524,11.1
Osceola,Republican,Donald Trump,1812,21.7
Davis,Republican,Donald Trump,205,21.2
Seminole,Republican,Donald Trump,754,26.0
Hertford,Democrat,Hillary Clinton,2926,26.0
Habersham,Republican,Donald Trump,3289,20.8
Whitley,Republican,Ted Cruz,4064,8.2
Chesterfield,Democrat,Hillary Clinton,2209,26.8
St. Charles,Republican,Donald Trump,30489,5.8
Neshoba,Republican,Donald Trump,2249,24.1
Bannock,Republican,Ted Cruz,4404,15.5
Montgomery,Republican,Donald Trump,2269,14.1
Jim Hogg,Democrat,Hillary Clinton,1421,14.0
Latimer,Democrat,Bernie Sanders,852,16.8
Coosa,Republican,Donald Trump,1233,20.9
Vernon,Republican,Donald Trump,1119,13.5
Grayson,Republican,Donald Trump,749,23.3
Yell,Republican,Donald Trump,911,22.7
Saline,Republican,Donald Trump,2102,19.1
Lemhi,Republican,Donald Trump,757,23.3
Pulaski,Republican,Donald Trump,673,15.7
Madison,Republican,Donald Trump,7540,12.7
Gadsden,Democrat,Hillary Clinton,7446,26.5
Camden,Republican,Donald Trump,3065,15.5
Palo Alto,Democrat,Hillary Clinton,213,9.2
Muscatine,Democrat,Bernie Sanders,972,14.4
Delaware,Democrat,Bernie Sanders,1773,21.2
Scott,Democrat,Hillary Clinton,2505,12.4
Rockcastle,Republican,Donald Trump,743,25.5
Wayne,Republican,Donald Trump,1376,21.9
Crawford,Republican,Donald Trump,1508,14.4
Madison,Republican,Donald Trump,2280,14.2
Garrard,Republican,Donald Trump,581,19.1
Calhoun,Democrat,Hillary Clinton,499,38.7
Marion,Democrat,Hillary Clinton,59649,20.4
Haskell,Democrat,Bernie Sanders,752,17.4
Garfield,Republican,Donald Trump,357,10.5
Yuba,Republican,Donald Trump,3210,21.6
Prairie,Democrat,Hillary Clinton,558,21.2
Vernon,Democrat,Bernie Sanders,3476,14.5
Oceana,Republican,Ted Cruz,1698,19.9
Woodruff,Democrat,Hillary Clinton,862,24.3
Kimball,Republican,Donald Trump,439,13.0
Floyd,Democrat,Hillary Clinton,453,12.6
Tattnall,Republican,Donald Trump,1089,27.4
Dunklin,Republican,Donald Trump,1781,25.6
Fulton,Democrat,Hillary Clinton,701,18.7
Garland,Republican,Donald Trump,5538,20.7
Worcester,Republican,Donald Trump,5808,10.9
Pulaski,Republican,Donald Trump,436,18.8
Elliott,Democrat,Bernie Sanders,443,31.8
Park,Democrat,Bernie Sanders,8,8.2
El Paso,Democrat,Hillary Clinton,36067,23.3
Ada,Republican,Ted Cruz,20156,13.1
Putnam,Republican,Donald Trump,5119,26.4
Bates,Republican,Donald Trump,1306,18.6
Twin Falls,Republican,Ted Cruz,4717,15.0
Cerro Gordo,Democrat,Bernie Sanders,1108,13.2
Mora,Democrat,Hillary Clinton,986,19.7
LaPorte,Republican,Donald Trump,9494,16.5
Mineral,Republican,Donald Trump,638,18.4
Clinton,Democrat,Bernie Sanders,4301,14.5
Fremont,Democrat,Bernie Sanders,10,15.0
Kit Carson,Democrat,Bernie Sanders,16,13.8
Summit,Democrat,Bernie Sanders,419,13.7
Christian,Republican,Donald Trump,2392,14.9
Garrett,Republican,Donald Trump,3564,13.9
Geneva,Republican,Donald Trump,3106,21.2
Boise,Republican,Donald Trump,691,17.0
Clinton,Republican,Donald Trump,771,24.4
Woodford,Democrat,Bernie Sanders,1918,11.6
Grand Traverse,Democrat,Bernie Sanders,8091,11.7
Madison,Democrat,Hillary Clinton,1085,22.6
Taylor,Republican,Donald Trump,140,14.5
Knox,Republican,Donald Trump,343,26.3
Missaukee,Republican,Donald Trump,1221,15.1
Wayne,Democrat,Hillary Clinton,163886,24.5
Mitchell,Democrat,Hillary Clinton,1338,26.2
Multnomah,Democrat,Bernie Sanders,87247,17.8
Washington,Democrat,Hillary Clinton,2982,37.3
Menominee,Republican,Donald Trump,1304,13.6
La Crosse,Democrat,Bernie Sanders,15139,14.0
Jones,Republican,Donald Trump,6388,23.0
Fulton,Republican,Donald Trump,2556,15.5
Calvert,Republican,Donald Trump,6360,4.9
Dade,Republican,Donald Trump,1151,15.9
Randolph,Republican,Donald Trump,2352,24.5
Crawford,Republican,Donald Trump,1108,16.8
Spencer,Republican,Donald Trump,2350,12.6
Hopkins,Democrat,Bernie Sanders,2696,18.8
Dundy,Republican,Donald Trump,219,8.1
Columbia,Republican,Donald Trump,1149,25.4
Surry,Democrat,Hillary Clinton,812,11.5
Decatur,Republican,Ted Cruz,173,19.5
Scott,Democrat,Hillary Clinton,2013,24.7
Washtenaw,Democrat,Bernie Sanders,38063,15.4
Jackson,Republican,Donald Trump,5362,13.0
Yavapai,Republican,Donald Trump,17005,15.8
Passaic,Democrat,Hillary Clinton,29538,16.3
Laurel,Republican,Donald Trump,2313,21.8
Miller,Republican,Donald Trump,555,23.0
Owsley,Republican,Donald Trump,168,37.7
Letcher,Democrat,Bernie Sanders,1788,25.3
Boone,Republican,Donald Trump,3816,11.3
Levy,Republican,Donald Trump,3745,23.7
Madison,Democrat,Bernie Sanders,4385,21.4
Union,Republican,Donald Trump,719,19.6
Leon,Democrat,Hillary Clinton,27333,23.2
Saint Lawrence,Democrat,Bernie Sanders,4102,19.6
Harford,Republican,Donald Trump,21771,7.4
Lincoln,Democrat,Bernie Sanders,3,6.9
Edgecombe,Democrat,Hillary Clinton,6411,25.2
Kosciusko,Republican,Donald Trump,8748,11.9
Macomb,Republican,Donald Trump,60492,12.5
Clayton,Democrat,Bernie Sanders,408,12.5
Franklin,Republican,Donald Trump,2155,21.9
Hinsdale,Democrat,Bernie Sanders,10,5.1
Carroll,Democrat,Bernie Sanders,0,18.8
Starr,Democrat,Hillary Clinton,6918,39.2
Bergen,Democrat,Hillary Clinton,55264,7.2
Siskiyou,Republican,Donald Trump,3573,21.0
Alexandria,Democrat,Hillary Clinton,16281,8.4
Chatham,Democrat,Hillary Clinton,7406,12.4
Choctaw,Democrat,Hillary Clinton,1772,21.5
Alexander,Democrat,Hillary Clinton,770,31.6
Sarasota,Republican,Donald Trump,34593,12.2
Delaware,Republican,Donald Trump,8793,22.3
Lassen,Republican,Donald Trump,2508,16.9
Plumas,Republican,Donald Trump,2588,15.2
Dubois,Republican,Donald Trump,4692,8.3
Gunnison,Democrat,Bernie Sanders,481,17.7
Winnebago,Democrat,Bernie Sanders,230,11.4
Lincoln,Republican,Donald Trump,742,26.5
Brooks,Republican,Donald Trump,1009,24.0
Gosper,Republican,Donald Trump,259,8.0
Monroe,Republican,Ted Cruz,195,11.8
Lawrence,Republican,Donald Trump,5971,15.2
Warren,Democrat,Hillary Clinton,468,31.6
Garfield,Democrat,Bernie Sanders,734,11.9
McPherson,Republican,Donald Trump,114,13.6
Hayes,Republican,Donald Trump,103,5.9
Boone,Republican,Donald Trump,7023,7.5
Macon,Republican,Donald Trump,1489,16.2
Jennings,Republican,Donald Trump,3361,16.7
Taylor,Democrat,Hillary Clinton,949,21.7
Benewah,Republican,Ted Cruz,671,14.7
Roanoke City,Democrat,Hillary Clinton,4783,22.4
Searcy,Republican,Donald Trump,939,26.1
Hickory,Republican,Donald Trump,297,21.6
Polk,Republican,Donald Trump,33187,18.2
McLean,Republican,Ted Cruz,13085,14.2
Luce,Republican,Donald Trump,407,18.6
Sumter,Republican,Donald Trump,17769,12.0
Ohio,Democrat,Bernie Sanders,943,19.7
Pasco,Republican,Donald Trump,33536,13.9
Livingston,Republican,Donald Trump,15359,6.2
Shiawassee,Democrat,Bernie Sanders,4452,15.3
Calhoun,Democrat,Hillary Clinton,413,14.9
Montgomery,Democrat,Hillary Clinton,28650,21.2
Jones,Republican,Donald Trump,2318,16.6
DeKalb,Republican,Donald Trump,800,9.9
Carroll,Republican,Donald Trump,7495,18.9
Lyon,Democrat,Bernie Sanders,561,16.8
Orange,Democrat,Hillary Clinton,66654,17.0
Shelby,Republican,Donald Trump,5044,12.9
Leake,Democrat,Hillary Clinton,1614,27.7
Carroll,Republican,Marco Rubio,0,18.8
Edmonson,Republican,Donald Trump,531,16.1
Green,Democrat,Bernie Sanders,4359,10.3
Mercer,Democrat,Bernie Sanders,1331,16.8
Clinch,Republican,Donald Trump,412,29.1
Calhoun,Democrat,Bernie Sanders,5810,17.8
Wells,Republican,Ted Cruz,3826,10.7
Clark,Republican,Donald Trump,1484,12.3
Madison,Republican,Donald Trump,916,21.4
Covington,Republican,Donald Trump,4608,20.0
Mecklenburg,Democrat,Hillary Clinton,71265,15.4
Duval,Democrat,Hillary Clinton,2272,19.7
El Paso,Democrat,Bernie Sanders,4954,12.4
Blaine,Republican,Donald Trump,99,17.7
Sebastian,Republican,Donald Trump,6030,21.2
Tehama,Republican,Donald Trump,3940,19.7
Coles,Republican,Donald Trump,3156,22.0
Perry,Democrat,Hillary Clinton,648,15.6
Nuckolls,Republican,Donald Trump,446,11.1
Berkeley,Democrat,Hillary Clinton,9471,14.4
Richland,Republican,Donald Trump,1435,14.2
Emanuel,Republican,Donald Trump,1489,29.4
Frio,Democrat,Hillary Clinton,1864,24.0
Upson,Republican,Donald Trump,1910,20.5
Custer,Republican,Donald Trump,1306,9.6
Iberia,Democrat,Hillary Clinton,2171,20.7
Washington,Democrat,Hillary Clinton,1511,18.4
Beaufort,Democrat,Hillary Clinton,9945,12.5
Madison,Democrat,Hillary Clinton,722,40.3
Bracken,Democrat,Bernie Sanders,424,16.8
Calhoun,Democrat,Bernie Sanders,545,23.5
Webster,Democrat,Bernie Sanders,837,25.2
Grundy,Republican,Donald Trump,978,15.8
Portage,Democrat,Bernie Sanders,9348,13.7
Hot Spring,Republican,Donald Trump,1597,14.2
Pecos,Democrat,Hillary Clinton,816,16.7
Atoka,Democrat,Bernie Sanders,723,21.8
St. Charles,Democrat,Hillary Clinton,2245,12.7
Lake,Democrat,Bernie Sanders,2704,25.0
Deuel,Republican,Donald Trump,274,13.5
Walker,Republican,Donald Trump,8394,20.9
Howard,Democrat,Hillary Clinton,30873,4.6
Toombs,Republican,Donald Trump,1513,26.9
Harris,Democrat,Hillary Clinton,156729,18.5
Carroll,Republican,Donald Trump,1004,13.6
Alachua,Democrat,Hillary Clinton,17733,24.9
Osage,Republican,Donald Trump,1316,8.7
Stewart,Democrat,Hillary Clinton,460,30.7
Lincoln,Republican,Ted Cruz,276,16.6
Kossuth,Democrat,Hillary Clinton,360,8.7
Kleberg,Democrat,Hillary Clinton,1738,24.5
Bullock,Democrat,Hillary Clinton,2451,21.6
Caldwell,Democrat,Bernie Sanders,866,21.4
Lake,Democrat,Hillary Clinton,43091,17.8
Colfax,Republican,Donald Trump,494,15.5
Carroll,Democrat,Hillary Clinton,504,9.6
Grant,Republican,Ted Cruz,1329,9.9
Santa Clara,Democrat,Hillary Clinton,109963,10.2
Dawson,Republican,Donald Trump,1950,14.8
Teton,Republican,Ted Cruz,465,11.7
Pike,Republican,Donald Trump,1930,11.2
Boone,Democrat,Bernie Sanders,2410,20.7
Warren,Democrat,Hillary Clinton,3463,24.4
Cobb,Democrat,Hillary Clinton,39277,12.8
Clay,Democrat,Hillary Clinton,297,44.5
Walton,Republican,Donald Trump,7910,13.8
Henry,Republican,Donald Trump,5714,17.0
Bullitt,Democrat,Bernie Sanders,3210,10.2
Hardee,Republican,Donald Trump,1113,29.6
Saginaw,Democrat,Hillary Clinton,12348,19.2
Baltimore City,Democrat,Hillary Clinton,81115,23.8
Gordon,Republican,Donald Trump,4339,21.0
Jefferson,Republican,Donald Trump,1648,7.8
Natrona,Democrat,Hillary Clinton,20,9.9
Lincoln,Democrat,Bernie Sanders,4674,16.0
St. Joseph,Republican,Ted Cruz,2655,17.6
Grand,Democrat,Bernie Sanders,187,11.1
JoDaviess,Republican,Donald Trump,1666,9.5
Jersey,Republican,Donald Trump,1902,7.6
Murray,Democrat,Bernie Sanders,909,14.5
Glacier,Democrat,Bernie Sanders,1074,33.7
Guthrie,Democrat,Hillary Clinton,220,10.3
Wayne,Democrat,Hillary Clinton,7546,22.1
Erie,Democrat,Hillary Clinton,19511,16.9
Ulster,Democrat,Bernie Sanders,11572,12.5
Berrien,Republican,Donald Trump,1563,22.5
Monroe,Democrat,Hillary Clinton,843,28.8
Boulder,Democrat,Bernie Sanders,11142,14.2
Saint Francis,Democrat,Hillary Clinton,1912,28.4
Marion,Republican,Donald Trump,2760,18.1
Gallatin,Democrat,Bernie Sanders,663,17.2
Essex,Democrat,Bernie Sanders,1932,11.9
Suwannee,Republican,Donald Trump,2844,23.6
Moffat,Democrat,Bernie Sanders,28,11.5
Panola,Democrat,Hillary Clinton,3061,25.3
Converse,Democrat,Bernie Sanders,3,8.6
Campbell,Democrat,Bernie Sanders,12,7.7
Treasure,Republican,Donald Trump,143,11.3
Canyon,Republican,Ted Cruz,11164,20.4
Elmore,Republican,Donald Trump,8525,13.4
Hamilton,Republican,Donald Trump,766,17.1
Winneshiek,Democrat,Bernie Sanders,616,8.4
Carroll,Republican,Donald Trump,16534,5.6
Hale,Democrat,Hillary Clinton,2426,26.6
Otoe,Republican,Donald Trump,1255,10.5
Jackson,Democrat,Hillary Clinton,15,8.9
Georgetown,Democrat,Hillary Clinton,4931,21.2
Union,Republican,Donald Trump,2691,17.7
Dawson,Republican,Donald Trump,2649,15.6
Hernando,Republican,Donald Trump,15479,15.4
Butler,Republican,Donald Trump,564,25.1
Polk,Democrat,Hillary Clinton,12122,11.8
Taylor,Republican,Donald Trump,1203,16.7
Baldwin,Democrat,Hillary Clinton,3034,30.0
Okmulgee,Democrat,Bernie Sanders,1882,19.5
Mono,Democrat,Bernie Sanders,917,8.5
Merrick,Republican,Donald Trump,775,12.6
Robertson,Democrat,Bernie Sanders,177,22.8
LaGrange,Republican,Donald Trump,2571,16.5
Menard,Republican,Ted Cruz,1064,9.8
Charleston,Democrat,Hillary Clinton,26535,18.2
Morgan,Republican,Donald Trump,10909,15.7
Boundary,Republican,Ted Cruz,901,16.5
Decatur,Republican,Donald Trump,1525,27.1
Arlington,Democrat,Hillary Clinton,25561,8.0
Beadle,Democrat,Hillary Clinton,501,20.4
Ventura,Democrat,Hillary Clinton,45848,11.1
Choctaw,Republican,Donald Trump,765,24.1
Pulaski,Republican,Donald Trump,2821,23.3
Sangamon,Republican,Ted Cruz,12261,14.2
Abbeville,Democrat,Hillary Clinton,1501,21.6
Marshall,Democrat,Bernie Sanders,738,17.3
Sandoval,Democrat,Hillary Clinton,7448,14.2
Miami-Dade,Democrat,Hillary Clinton,129467,19.9
Laramie,Democrat,Hillary Clinton,26,10.8
Chattooga,Republican,Donald Trump,1674,24.0
Bureau,Republican,Donald Trump,2185,11.6
Webster,Republican,Donald Trump,1191,24.9
Mississippi,Democrat,Hillary Clinton,2017,24.9
Plaquemines,Republican,Donald Trump,705,12.7
Baraga,Republican,Donald Trump,468,13.2
Benton,Democrat,Bernie Sanders,11567,22.5
Nash,Democrat,Hillary Clinton,8554,17.0
Bollinger,Republican,Donald Trump,1272,19.9
Union,Democrat,Hillary Clinton,822,27.9
Corson,Democrat,Bernie Sanders,148,44.2
Alameda,Democrat,Hillary Clinton,107102,12.5
Trinity,Republican,Donald Trump,1026,19.2
McCurtain,Democrat,Bernie Sanders,1314,26.1
Pocahontas,Democrat,Hillary Clinton,198,14.2
Vermillion,Republican,Donald Trump,1748,15.8
Schuyler,Republican,Donald Trump,697,15.9
Camden,Democrat,Hillary Clinton,43720,13.0
Wright,Republican,Donald Trump,1874,27.5
Saguache,Democrat,Bernie Sanders,219,24.7
Lonoke,Republican,Ted Cruz,4028,13.2
Benton,Republican,Donald Trump,2278,20.1
Ray,Republican,Donald Trump,1565,11.6
Guilford,Democrat,Hillary Clinton,37880,18.1
Porter,Republican,Donald Trump,16194,10.4
Harmon,Democrat,Bernie Sanders,167,28.8
Rush,Republican,Donald Trump,2362,15.4
Clark,Republican,Donald Trump,10635,12.2
Jasper,Democrat,Hillary Clinton,927,11.8
Keokuk,Democrat,Hillary Clinton,250,13.2
Brevard,Republican,Donald Trump,45483,13.5
Webster,Republican,Donald Trump,191,22.5
Morehouse,Democrat,Hillary Clinton,1513,26.5
Marshall,Democrat,Hillary Clinton,3361,22.2
Mercer,Democrat,Hillary Clinton,29505,11.2
Hancock,Democrat,Hillary Clinton,1112,30.6
Warrick,Republican,Donald Trump,7450,9.0
Knox,Republican,Donald Trump,1285,34.7
Lawrence,Democrat,Bernie Sanders,659,27.0
Allegany,Republican,Donald Trump,6272,17.4
Sullivan,Democrat,Bernie Sanders,2671,18.2
Quitman,Democrat,Hillary Clinton,986,40.7
Sumter,Democrat,Hillary Clinton,1960,32.3
Van Buren,Republican,Donald Trump,1198,24.5
Boyle,Democrat,Hillary Clinton,1648,18.3
Kootenai,Republican,Ted Cruz,11924,13.4
Allen,Democrat,Hillary Clinton,536,16.1
Taney,Republican,Donald Trump,5086,18.8
Madison,Democrat,Bernie Sanders,18723,14.0
Sheridan,Republican,Donald Trump,499,11.8
Clay,Democrat,Hillary Clinton,2372,26.4
Wayne,Republican,Donald Trump,6116,21.8
San Miguel,Democrat,Hillary Clinton,3418,29.4
DeSoto,Democrat,Hillary Clinton,1508,22.6
Cedar,Republican,Donald Trump,775,10.1
Laurens,Republican,Donald Trump,3088,24.7
Craig,Democrat,Bernie Sanders,926,17.8
Eaton,Democrat,Bernie Sanders,7007,10.8
Otsego,Republican,Donald Trump,1933,13.5
Kent,Democrat,Bernie Sanders,43375,15.5
Bulloch,Republican,Donald Trump,3111,31.3
Colbert,Democrat,Hillary Clinton,3879,17.9
Holmes,Republican,Donald Trump,1239,23.8
Anson,Democrat,Hillary Clinton,2307,24.2
Fresno,Republican,Donald Trump,37672,26.0
Pulaski,Democrat,Hillary Clinton,34862,17.2
Davidson,Democrat,Hillary Clinton,43691,18.5
Fluvanna,Democrat,Hillary Clinton,1355,7.1
Union,Democrat,Hillary Clinton,40972,10.8
Tyrrell,Democrat,Hillary Clinton,266,20.8
Houston,Republican,Donald Trump,8171,18.0
Franklin,Republican,Donald Trump,333,12.9
Bartow,Republican,Donald Trump,8281,17.1
Lafayette,Democrat,Bernie Sanders,1330,11.7
Mercer,Republican,Ted Cruz,1073,10.1
Kalamazoo,Democrat,Bernie Sanders,20146,19.1
Will,Democrat,Bernie Sanders,46305,8.0
Deuel,Democrat,Hillary Clinton,162,4.7
Houston,Republican,Donald Trump,7091,15.2
Logan,Republican,Ted Cruz,2361,13.8
Glascock,Republican,Donald Trump,405,21.4
Limestone,Republican,Donald Trump,8198,14.7
Coahoma,Democrat,Hillary Clinton,2301,38.2
Worth,Democrat,Bernie Sanders,218,11.5
Newton,Republican,Donald Trump,1814,11.2
Montgomery,Democrat,Hillary Clinton,953,31.1
Coffee,Republican,Donald Trump,4304,18.6
San Miguel,Democrat,Bernie Sanders,329,10.6
Albany,Democrat,Bernie Sanders,20422,13.0
Bonner,Republican,Ted Cruz,3132,15.2
Talbot,Democrat,Hillary Clinton,852,21.8
Williamson,Republican,Donald Trump,4929,15.6
Izard,Republican,Donald Trump,873,18.7
Treutlen,Republican,Donald Trump,437,25.8
Forrest,Republican,Donald Trump,4267,27.6
Costilla,Democrat,Hillary Clinton,64,22.2
Covington,Republican,Donald Trump,1724,29.9
Gooding,Republican,Ted Cruz,863,20.8
Grant,Democrat,Bernie Sanders,715,18.0
Macoupin,Democrat,Bernie Sanders,3552,12.4
New Castle,Democrat,Hillary Clinton,38580,10.7
Lake,Republican,Donald Trump,26393,13.8
Philadelphia,Democrat,Hillary Clinton,212785,26.5
St. John the Baptist,Democrat,Hillary Clinton,3818,16.1
Oktibbeha,Democrat,Hillary Clinton,2389,33.7
Bolivar,Democrat,Hillary Clinton,3029,34.3
Jasper,Republican,Donald Trump,3903,7.7
