county;party;white;black;latin;indians;asians;others
Abbeville;Democrat;68.8;28.3;1.2;0.3;0.4;1.9
Acadia;Democrat;77.8;18.3;2.2;0.3;0.4;2.9
Accomack;Republican;61.1;28.1;8.9;0.9;0.7;10.5
Ada;Republican;85.5;1.3;7.7;1;2.6;11.3
Adair;Democrat;41.9;0.5;6.1;44;0.6;50.7
Adair;Democrat;96.8;0.4;1.7;0.2;0.5;2.4
Adams;Democrat;51.9;3.7;38.8;2.3;4.1;45.2
Adams;Democrat;96.9;0.4;1.1;0.4;0.6;2.1
Adams;Democrat;37.6;53.4;8;0.4;0.5;8.9
Adams;Republican;35.6;1.4;62;5.1;1.5;68.6
Adams;Republican;96.6;0.6;0.8;0.5;0.2;1.5
Aiken;Republican;67;25.1;5.4;0.6;0.9;6.9
Alachua;Democrat;62.6;20.5;9.1;0.4;5.9;15.4
Alamance;Democrat;65.7;19.5;12.1;1.5;1.6;15.2
Alameda;Democrat;32.8;12.1;22.7;2.1;28.9;53.7
Alamosa;Democrat;49.5;1.9;45.5;5.8;1.6;52.9
Albany;Democrat;83.4;1.8;9.4;1.2;3.1;13.7
Albany;Democrat;73.8;13.7;5.7;0.4;5.8;11.9
Albemarle;Democrat;77.5;9.9;5.7;0.5;4.9;11.1
Alcorn;Republican;82.9;12.5;3.1;0.3;0.4;3.8
Alexander;Democrat;58.8;36.6;2.1;0.6;0.3;3
Alexandria;Democrat;52.3;22.6;16.6;0.9;6.9;24.4
Alger;Democrat;84.6;6.9;1.3;4;0.5;5.8
Allamakee;Democrat;91.5;1.4;5.7;0.9;0.5;7.1
Allegany;Republican;94.6;1.3;1.6;0.3;1.3;3.2
Alleghany;Republican;91.8;4.8;1.4;0.3;0.5;2.2
Alleghany;Republican;87;1.9;9.5;0.5;0.8;10.8
Allegheny;Democrat;79.6;13.4;1.9;0.2;3.4;5.5
Allen;Democrat;70.2;23.2;2.1;2.5;0.8;5.4
Allen;Republican;95.4;1.1;1.9;0.3;0.3;2.5
Allen;Republican;74.9;12.1;7.2;0.6;3.5;11.3
Allendale;Democrat;23.3;72.9;2.9;0.3;0.6;3.8
Alpena;Republican;96;0.4;1.3;0.7;0.6;2.6
Alpine;Democrat;64.7;0.3;9.6;24.7;1.3;35.6
Amador;Republican;79.6;2.1;13;2.4;1.4;16.8
Amelia;Republican;72.7;21.9;3.1;0.7;1.1;4.9
Amite;Democrat;57.3;40.9;1;0.2;0.1;1.3
Anderson;Democrat;94.2;2.2;1.5;0.3;0.6;2.4
Anderson;Republican;89.9;4.2;2.5;0.4;1.4;4.3
Anderson;Republican;77.7;16.6;3.5;0.3;0.9;4.7
Andrews;Republican;41.6;2.2;54.6;1.5;0.9;57
Angelina;Republican;61.5;15.7;21.2;0.9;1.1;23.2
Anne Arundel;Democrat;70.2;16.6;7.2;0.5;3.9;11.6
Anson;Democrat;45.5;48.6;3.5;0.9;1.1;5.5
Apache;Democrat;19;0.9;6.4;73.6;0.4;80.4
Arapahoe;Democrat;62.1;10.9;18.8;1.3;5.6;25.7
Archer;Republican;88.5;1.1;8.2;1.3;0.3;9.8
Archuleta;Democrat;76.9;0.5;18.6;3.4;1.1;23.1
Arenac;Republican;95;0.4;1.9;1.3;0.3;3.5
Arkansas;Republican;70.2;24.5;3;0.4;1;4.4
Arlington;Democrat;62.8;9.1;15.7;0.8;10.3;26.8
Armstrong;Republican;97.3;0.9;0.7;0.1;0.3;1.1
Armstrong;Republican;87.8;1.7;8.4;1.2;0.2;9.8
Arthur;Republican;93.2;0.2;5.1;0.4;0.2;5.7
Ascension;Democrat;69.5;22.9;5.2;0.5;1.3;7
Ashe;Republican;92.4;1;5.3;0.3;0.5;6.1
Ashland;Democrat;82.9;0.5;2.4;11.3;0.4;14.1
Ashland;Republican;96;0.9;1.2;0.3;0.6;2.1
Ashley;Democrat;67.7;25.6;5.2;0.9;0.3;6.4
Assumption;Democrat;66;29.9;2.6;0.7;0.4;3.7
Athens;Democrat;89.8;2.7;1.8;0.4;3.4;5.6
Atlantic;Republican;56.8;17.3;18.5;0.8;8.2;27.5
Atoka;Democrat;72;4;3.6;14.4;0.5;18.5
Attala;Democrat;54.8;42.3;2;0.3;0.3;2.6
Audubon;Democrat;97.3;0.4;1.1;0.2;0.5;1.8
Augusta;Republican;91.5;4.2;2.5;0.3;0.6;3.4
Aurora;Democrat;91.8;0.5;4.4;2;0.6;7
Austin;Republican;63.3;9.6;25.9;0.8;0.6;27.3
Autauga;Republican;75.6;18.7;2.7;0.6;1.1;4.4
Avery;Republican;89.2;4.4;4.7;0.5;0.6;5.8
Avoyelles;Democrat;65.6;29.5;1.8;1.3;0.6;3.7
Baca;Democrat;85.5;1.1;10.5;2;0.4;12.9
Bailey;Republican;36.5;1.7;61.1;2.9;0.7;64.7
Baker;Democrat;47.9;45.6;4.8;0.5;1.2;6.5
Baker;Republican;81.9;13.5;2.4;0.4;0.7;3.5
Baker;Republican;91.6;0.6;3.9;1.4;0.6;5.9
Baldwin;Democrat;53.3;41.8;2.1;0.4;1.7;4.2
Baldwin;Republican;83;9.6;4.6;0.8;0.9;6.3
Ballard;Democrat;93.2;3.1;1.3;0.2;0.3;1.8
Baltimore;Democrat;59.6;27.8;5;0.5;5.9;11.4
Baltimore City;Democrat;28.2;63.1;4.7;0.5;2.7;7.9
Bamberg;Democrat;35.8;61.1;1.9;0.5;0.5;2.9
Banks;Republican;88.1;2.9;6.5;0.7;1.3;8.5
Banner;Republican;92.4;2.6;4.1;0.3;0;4.4
Barbour;Democrat;46.6;47.6;4.5;0.8;0.5;5.8
Barbour;Republican;96.1;1;0.8;0.5;0.2;1.5
Barnwell;Democrat;51.2;44.1;2.5;0.6;0.7;3.8
Barren;Democrat;90.8;4.2;3;0.4;0.7;4.1
Barry;Republican;94.8;0.5;2.6;0.5;0.5;3.6
Barry;Republican;87.1;0.5;8.8;1.4;1.4;11.6
Barton;Republican;92.9;0.8;2.5;1.4;0.5;4.4
Bartow;Republican;78.7;10.9;8;0.7;1;9.7
Bastrop;Republican;55;8;35;1.8;1;37.8
Bates;Republican;94.6;1.1;2.2;0.8;0.2;3.2
Bath;Democrat;95.7;1.5;1.3;0.3;0.2;1.8
Bath;Republican;92;5;1.8;0.2;0.4;2.4
Baxter;Republican;95.2;0.4;2;0.7;0.6;3.3
Bay;Democrat;90.4;1.7;5;0.6;0.7;6.3
Bayfield;Democrat;85.2;0.6;1.5;10.2;0.4;12.1
Beadle;Democrat;80.5;1.7;9.7;1.5;6.3;17.5
Beaufort;Democrat;67.1;19.1;11.4;0.5;1.4;13.3
Beaver;Democrat;89.9;6.4;1.4;0.1;0.5;2
Beaver;Republican;85.3;0.4;10.9;2.5;1.3;14.7
Beaverhead;Republican;91.9;0.4;3.7;2.2;0.5;6.4
Bell;Republican;48.2;22.7;23.5;1.9;3.3;28.7
Ben Hill;Republican;56.5;35.5;6.3;0.6;0.8;7.7
Benewah;Republican;84.5;0.4;3.3;8.6;0.4;12.3
Bent;Democrat;58;7.2;31.8;3.3;1.3;36.4
Benton;Democrat;82.1;1.1;7;1.2;6;14.2
Benton;Democrat;60.2;36.2;2.5;0.4;0.1;3
Benton;Democrat;96.7;0.6;1.3;0.2;0.3;1.8
Benton;Republican;95.5;0.5;1.8;0.7;0.4;2.9
Benton;Republican;74.9;1.9;16.2;2.3;3.4;21.9
Benzie;Democrat;94;0.6;2.3;1.5;0.3;4.1
Bergen;Democrat;58.6;6.8;18.5;0.5;16.3;35.3
Berkeley;Democrat;63.9;25.1;6.1;0.9;2.5;9.5
Bernalillo;Democrat;40.2;3.4;49;6;2.7;57.7
Berrien;Republican;75.3;15.4;5.1;0.7;1.9;7.7
Bertie;Democrat;35.2;61.4;1.7;0.6;0.6;2.9
Bexar;Democrat;29.2;8.3;59.3;1.4;2.9;63.6
Bibb;Democrat;40.3;53.8;3.2;0.4;1.9;5.5
Bibb;Republican;74.5;22.1;2.1;0.5;0.2;2.8
Bienville;Democrat;54.9;41.8;1.6;0.4;0.3;2.3
Big Horn;Democrat;87.8;0.9;9.1;1.3;0.4;10.8
Big Horn;Democrat;87.8;0.9;9.1;1.3;0.4;10.8
Bingham;Republican;74.4;0.5;17.8;7.7;0.7;26.2
Black Hawk;Democrat;82.7;9;4.2;0.5;2;6.7
Bladen;Democrat;54.6;34.6;7.7;2.9;0.3;10.9
Blaine;Republican;98.6;0.2;0.2;0.2;0;0.4
Blaine;Republican;74.2;3.5;9.1;10.4;0.4;19.9
Blair;Republican;95;1.9;1.2;0.1;0.7;2
Bledsoe;Republican;90.1;6;2.2;0.4;0.2;2.8
Blount;Republican;87.8;1.8;8.7;0.7;0.3;9.7
Boise;Republican;92.3;0.5;3.6;1.7;0.5;5.8
Bolivar;Democrat;32.3;64.7;2.2;0.3;0.7;3.2
Bon Homme;Republican;88;1.3;2.2;7.4;0.2;9.8
Bonner;Republican;93.4;0.3;2.9;1;0.7;4.6
Boone;Democrat;94.6;1.2;2.4;0.4;0.5;3.3
Boone;Democrat;98;0.6;0.5;0.1;0.1;0.7
Boone;Democrat;80;9.6;3.2;0.5;4.4;8.1
Boone;Democrat;88.5;3.2;4;0.3;2.7;7
Boone;Republican;96.9;0.4;1.7;0.3;0.3;2.3
Boone;Republican;94.3;0.4;2.3;0.9;0.6;3.8
Bossier;Republican;67.9;21.7;6.4;0.9;1.8;9.1
Boulder;Democrat;78.3;1.1;13.8;0.9;4.5;19.2
Bourbon;Democrat;85;6.3;6.9;0.4;0.4;7.7
Box Butte;Republican;82.8;0.7;11.9;4.1;0.5;16.5
Boyd;Democrat;93.3;3.1;1.6;0.3;0.5;2.4
Boyd;Republican;95.7;0.1;2;1.1;0.9;4
Boyle;Democrat;86.3;7.8;3;0.3;0.9;4.2
Bracken;Democrat;96.3;0.7;1.6;0.3;0.1;2
Bradford;Republican;96.2;0.6;1.5;0.3;0.6;2.4
Bradley;Republican;56.3;27.6;14.3;1.9;0.5;16.7
Branch;Republican;91.2;2.2;4.3;0.5;0.6;5.4
Braxton;Democrat;97.2;0.6;0.7;0.3;0.3;1.3
Breathitt;Democrat;97.2;0.5;0.8;0.2;0.7;1.7
Breckinridge;Democrat;94.7;2.2;1.3;0.5;0.3;2.1
Bremer;Democrat;95.8;1;1.4;0.1;0.9;2.4
Brewster;Democrat;53;1.4;43.1;1.8;1.2;46.1
Bristol;Republican;89.6;5.9;1.7;0.3;0.9;2.9
Bronx;Democrat;10.2;43.5;54.8;3.3;4.4;62.5
Brooke;Democrat;96;1.6;0.8;0.1;0.4;1.3
Brookings;Democrat;90.9;1.5;2.5;1.4;2.8;6.7
Brooklyn;Democrat;35.8;35.2;19.5;1.1;12.1;32.7
Brooks;Democrat;8.3;1.1;89.6;0.7;1.4;91.7
Brooks;Republican;57.6;35.4;5.6;0.6;0.6;6.8
Broome;Democrat;84.5;5.7;3.9;0.3;4.2;8.4
Broomfield;Democrat;78;1.4;12;0.9;6.3;19.2
Broward;Democrat;39.8;28.9;27.5;0.5;3.7;31.7
Brown;Republican;74;19.2;6.2;1.2;0.3;7.7
Brule;Republican;85.5;0.4;2.4;9.2;0.3;11.9
Brunswick;Democrat;41.5;55.1;2.1;0.4;0.4;2.9
Bryan;Democrat;72.4;1.9;5.5;13.5;0.7;19.7
Bryan;Republican;74;15.4;6.3;0.7;2;9
Buchanan;Democrat;96.6;0.5;1.4;0.2;0.4;2
Buchanan;Republican;95.7;2.8;0.6;0.1;0.3;1
Buena Vista;Republican;88.4;5.3;2.5;1.5;0.6;4.6
Buena Vista;Republican;62.6;2.9;24.8;1.5;8.4;34.7
Buffalo;Democrat;17.9;0.6;3.5;78.7;0.1;82.3
Buffalo;Republican;96.3;0.5;1.9;0.4;0.2;2.5
Buffalo;Republican;87.5;1.1;8.6;0.6;1.6;10.8
Bullitt;Democrat;95.2;1.1;1.7;0.3;0.6;2.6
Bulloch;Republican;64.2;29.1;3.7;0.5;1.7;5.9
Bullock;Democrat;22.1;70.1;7.5;1.5;0.3;9.3
Buncombe;Democrat;83.7;6.5;6.5;0.7;1.2;8.4
Burke;Democrat;47;48.4;3;0.4;0.5;3.9
Burke;Republican;82.1;6.8;5.8;1.5;3.7;11
Burlington;Democrat;68.9;17.5;7.5;0.4;5;12.9
Burt;Republican;93.8;0.5;2.7;2.2;0.3;5.2
Butler;Democrat;97.1;0.3;1.1;0.1;0.4;1.6
Butler;Democrat;53.1;44;1.2;0.4;0.9;2.5
Butler;Republican;94;0.7;4;0.5;0.3;4.8
Butler;Republican;82.7;8.1;4.5;0.4;2.8;7.7
Butte;Republican;91.5;0.7;3.7;2.1;0.3;6.1
Butte;Republican;90.6;0.2;5.8;1.2;0.3;7.3
Butts;Republican;67.6;27.7;3.1;0.3;0.5;3.9
Cabell;Republican;90.2;5.1;1.4;0.2;1.2;2.8
Caddo;Democrat;58.3;3;11.3;25.5;0.3;37.1
Caddo;Democrat;46.4;48.2;2.8;0.6;1.3;4.7
Calcasieu;Democrat;68.6;25.3;3.1;0.6;1.3;5
Caldwell;Democrat;91.1;5.5;1.5;0.4;0.3;2.2
Caldwell;Republican;78.8;17;2.9;0.4;0.3;3.6
Caldwell;Republican;88;5.1;5;0.7;0.7;6.4
Caldwell;Republican;42;7;49.8;1.6;1;52.4
Calhoun;Democrat;94.6;1.9;2;0.4;0.3;2.7
Calhoun;Democrat;97.7;0.3;1.1;0.2;0.3;1.6
Calhoun;Democrat;76.8;13.6;5.8;1.5;0.8;8.1
Calhoun;Democrat;97.2;0.3;1.1;0.3;0.2;1.6
Calhoun;Democrat;79;11.1;4.8;0.9;2;7.7
Calhoun;Democrat;94.6;1.9;2;0.4;0.3;2.7
Calhoun;Democrat;72.3;22;3.9;0.5;0.2;4.6
Calhoun;Democrat;32.9;61.2;4.7;0.9;0.6;6.2
Calhoun;Democrat;53.5;41.9;3.2;0.7;0.3;4.2
Calhoun;Republican;65.5;28;5.6;0.2;0.1;5.9
Calhoun;Republican;43.8;3.1;47.9;0.9;4.8;53.6
Callahan;Republican;86.7;1.5;9.4;0.9;0.6;10.9
Callaway;Republican;90.4;4.7;2;0.5;0.9;3.4
Calloway;Democrat;89.4;4.1;2.6;0.4;2.3;5.3
Calvert;Republican;79;13.2;3.5;0.5;1.7;5.7
Camas;Republican;87.3;0.5;7.5;1.4;0.5;9.4
Cambria;Republican;93.1;3.5;1.5;0.1;0.6;2.2
Camden;Democrat;58.3;21.1;15.6;0.7;5.8;22.1
Camden;Republican;80.1;12.6;2.6;0.5;2.5;5.6
Camden;Republican;70;19.5;6.2;0.9;1.7;8.8
Camden;Republican;94.6;0.6;2.5;0.7;0.6;3.8
Cameron;Democrat;9.9;0.9;88.7;0.7;0.8;90.2
Cameron;Republican;90.6;4.1;3.7;0.6;0.2;4.5
Camp;Republican;57.3;16.9;23.4;1.3;0.9;25.6
Campbell;Democrat;87.8;0.9;8.2;1.6;0.6;10.4
Campbell;Democrat;92.4;3.1;1.8;0.2;1;3
Campbell;Republican;96.6;0.5;1.2;0.4;0.3;1.9
Canadian;Republican;77.7;2.9;8;5.1;3.3;16.4
Cape Girardeau;Republican;86.6;7.7;2.2;0.4;1.5;4.1
Carbon;Democrat;78.1;1.5;17.3;1.8;1;20.1
Carbon;Republican;92.6;1.9;4.1;0.4;0.5;5
Carbon;Republican;83.2;0.8;13.1;1.8;0.7;15.6
Caribou;Republican;92.2;0.2;5.3;0.8;0.6;6.7
Carlisle;Democrat;94;1.5;2.4;0.7;0.3;3.4
Caroline;Democrat;63.8;28.2;4.2;0.9;0.9;6
Caroline;Republican;77;14.3;6.4;1.2;1;8.6
Carroll;Democrat;81.1;0.8;14.6;1.9;0.9;17.4
Carroll;Democrat;88.8;1.9;7;0.4;0.5;7.9
Carroll;Democrat;81.1;0.8;14.6;1.9;0.9;17.4
Carroll;Democrat;95.5;0.8;2.3;0.3;0.5;3.1
Carroll;Republican;81.1;0.8;14.6;1.9;0.9;17.4
Carroll;Republican;63.9;34;1.3;0.2;0.2;1.7
Carroll;Republican;93.6;1.1;3.4;0.4;0.6;4.4
Carroll;Republican;94.3;0.6;4.1;0.3;0.2;4.6
Carroll;Republican;90.2;3.6;3;0.2;1.7;4.9
Carroll;Republican;81.1;0.8;14.6;1.9;0.9;17.4
Carter;Democrat;96.8;0.7;1.2;0.3;0.2;1.7
Carter;Democrat;71;7.1;6.7;9.6;1.1;17.4
Carteret;Republican;86.2;6.2;4.3;0.7;1.2;6.2
Casey;Republican;95.1;0.7;2.9;0.5;0.3;3.7
Cass;Democrat;95.7;0.5;2.4;0.9;0.3;3.6
Cass;Republican;76.5;3.8;18.9;0.9;0.6;20.4
Cass;Republican;86.7;5.4;3.5;1.2;0.8;5.5
Cass;Republican;88.7;4;4.3;0.8;0.8;5.9
Castro;Republican;34.1;2.6;62.7;1.6;0.5;64.8
Caswell;Democrat;61.2;33.5;3.6;0.6;0.3;4.5
Catahoula;Democrat;65.2;32.2;1.3;0.4;0.1;1.8
Catoosa;Republican;91.4;2.8;2.8;0.5;1.4;4.7
Cayuga;Republican;90.7;4.3;2.8;0.5;0.7;4
Cecil;Republican;85.9;6.8;4.1;0.5;1.3;5.9
Cedar;Democrat;95.9;0.5;1.8;0.2;0.7;2.7
Centre;Democrat;86.4;3.8;2.9;0.3;5.6;8.8
Cerro Gordo;Democrat;91.6;1.4;4.3;0.3;1.1;5.7
Chaffee;Democrat;85.4;1.7;10.2;1.6;0.8;12.6
Chambers;Democrat;56.8;39.5;2;0.4;0.8;3.2
Chambers;Republican;67.8;9;21.3;1.2;1.3;23.8
Champaign;Democrat;69.1;12.8;5.7;0.4;10.2;16.3
Charles;Democrat;44.5;43.8;5.3;0.9;3.3;9.5
Charles City;Democrat;41.1;47.5;1.7;7.3;0.4;9.4
Charleston;Democrat;63.4;28.6;5.1;0.5;1.6;7.2
Charlotte;Republican;84.7;6.2;6.7;0.4;1.4;8.5
Charlottesville;Democrat;66.1;19.2;4.9;0.5;7.1;12.5
Charlton;Republican;62.1;32;3.5;0.6;0.6;4.7
Chase;Republican;86.3;0.2;12.6;0.4;0.1;13.1
Chatham;Democrat;71.4;13.1;12.8;1.3;1.8;15.9
Chatham;Democrat;49.8;40.1;6;0.5;2.8;9.3
Chattahoochee;Democrat;60;19.3;15;2.1;2.8;19.9
Chattooga;Republican;82.8;10.4;4.8;0.7;0.6;6.1
Chautauqua;Republican;88;2.7;7;0.7;0.7;8.4
Cheatham;Republican;93.3;1.9;2.7;0.5;0.5;3.7
Cheboygan;Republican;92.2;0.6;1.4;3;0.4;4.8
Chelan;Republican;68.6;0.8;27.4;2;1.2;30.6
Cherokee;Democrat;49.2;1.5;6.6;35;0.7;42.3
Cherry;Republican;89.1;0.4;2.8;5.6;0.3;8.7
Chesapeake;Democrat;58.9;30.1;5.3;0.5;3.4;9.2
Chester;Democrat;59;37;1.8;0.5;0.5;2.8
Chester;Republican;80.6;6.4;7.1;0.4;4.8;12.3
Chesterfield;Democrat;61.3;32.5;3.9;0.8;0.6;5.3
Chesterfield;Democrat;63.4;23.3;8;0.7;3.6;12.3
Cheyenne;Democrat;84.3;0.7;12.7;1.4;0.6;14.7
Chickasaw;Democrat;96.2;0.6;2.3;0.1;0.3;2.7
Chickasaw;Democrat;51.2;43.9;3.9;0.4;0.4;4.7
Chicot;Democrat;39.2;54.6;5.6;0.5;0.5;6.6
Childress;Republican;58.5;10.1;29.5;0.7;0.8;31
Chilton;Republican;80.3;10.6;7.7;0.7;0.4;8.8
Choctaw;Democrat;61.9;11.2;3.7;17.1;0.4;21.2
Choctaw;Democrat;56.1;42.4;0.8;0.2;0.3;1.3
Chouteau;Republican;75.9;0.2;2.2;20.7;0.5;23.4
Chowan;Democrat;60.8;34.2;3.2;0.7;0.7;4.6
Christian;Democrat;66.8;21.1;7.6;1.1;1.6;10.3
Christian;Republican;95.1;1.6;1.6;0.2;0.7;2.5
Cibola;Democrat;20.8;1.4;37.8;41.8;0.6;80.2
Cimarron;Republican;74.9;0.5;21.3;1.6;0.3;23.2
Citrus;Republican;88.7;3.1;5.2;0.4;1.6;7.2
Clackamas;Democrat;83.1;1;8.4;1.4;4.2;14
Claiborne;Democrat;45.6;50.9;1.4;0.5;0.7;2.6
Claiborne;Democrat;13.8;84.1;1.2;0.2;0.7;2.1
Claiborne;Republican;95.7;1.2;1.1;0.3;0.6;2
Clarendon;Democrat;47.3;48.7;3;0.3;0.6;3.9
Clark;Democrat;90.3;5.1;2.8;0.2;0.5;3.5
Clark;Democrat;69.6;24;4.4;0.6;0.7;5.7
Clark;Republican;93.6;0.5;4.2;0.7;0.5;5.4
Clark;Republican;84.3;7.4;5.2;0.5;1;6.7
Clark;Republican;45.3;11.6;30.3;2;9.9;42.2
Clark;Republican;84.6;9;3.1;0.4;0.7;4.2
Clarke;Democrat;85.2;0.9;12.1;0.8;0.7;13.6
Clarke;Democrat;53.1;44.2;1.3;0.4;0.5;2.2
Clarke;Democrat;56;27.7;10.8;0.5;4.4;15.7
Clarke;Republican;63.5;34.2;1.1;0.4;0.2;1.7
Clatsop;Democrat;86.1;0.9;8.1;1.6;1.6;11.3
Clay;Democrat;94.3;0.7;3.2;0.3;0.7;4.2
Clay;Democrat;97.8;0.2;0.5;0.2;0.1;0.8
Clay;Democrat;37.6;59.5;1.1;0.4;0.5;2
Clay;Democrat;88.8;1.6;2.8;3.1;2.1;8
Clay;Democrat;95.7;0.6;1.8;0.4;0.2;2.4
Clay;Democrat;39.4;58.6;1.4;0.2;0.2;1.8
Clay;Republican;94;1.1;3;0.4;0.2;3.6
Clay;Republican;96.5;0.6;1.3;0.3;0.4;2
Clay;Republican;82.4;6;6.6;0.9;2.3;9.8
Clayton;Democrat;96.2;0.7;1.9;0.2;0.3;2.4
Clayton;Democrat;13.5;68.3;13.1;0.7;5.3;19.1
Clear Creek;Democrat;90.7;0.9;5.5;1.3;0.8;7.6
Clearfield;Republican;93;3;2.9;0.2;0.7;3.8
Cleburne;Republican;94.8;0.5;2.6;0.7;0.3;3.6
Cleveland;Democrat;73.4;4.9;7.9;5.2;4.4;17.5
Cleveland;Democrat;73.5;20.9;3.1;0.3;1;4.4
Cleveland;Republican;84.7;11.4;2.2;0.5;0.1;2.8
Clinton;Democrat;91.5;3.2;2.9;0.3;0.6;3.8
Clinton;Democrat;90.1;4.5;2.8;0.4;1.4;4.6
Clinton;Democrat;90.2;1.9;4.4;0.6;1.5;6.5
Clinton;Republican;95.1;0.6;2.8;0.7;0.2;3.7
Clinton;Republican;95.2;1.8;1.4;0.2;0.6;2.2
Clinton;Republican;93.5;2.3;1.6;0.4;0.5;2.5
Coahoma;Democrat;22.6;74.9;1.5;0.1;0.7;2.3
Coal;Democrat;70.7;0.7;3.9;17.6;0.2;21.7
Cobb;Democrat;53.9;27.3;12.7;0.6;5.1;18.4
Cochise;Republican;56.1;4.7;34.6;2.1;2.2;38.9
Coconino;Democrat;54.9;1.6;13.9;27.5;1.8;43.2
Codington;Republican;93.4;0.8;1.9;2.3;0.8;5
Coffee;Republican;89.2;3.8;4;0.5;1.1;5.6
Coffee;Republican;71.3;17.7;6.4;1.8;1.6;9.8
Colbert;Democrat;78.8;16.3;2.6;0.7;0.5;3.8
Colfax;Democrat;47.5;0.9;49;2.8;0.5;52.3
Colfax;Republican;53.9;2.9;43.1;3.8;0.9;47.8
Colleton;Democrat;56.5;38.3;3.1;0.8;0.4;4.3
Collier;Republican;64.3;7.2;26.7;0.6;1.4;28.7
Colonial Heights;Republican;75.8;13.9;5.3;0.8;3.3;9.4
Colorado;Republican;57.7;13.5;28.3;1.1;0.8;30.2
Columbia;Democrat;87.1;5.2;4.5;0.4;1.8;6.7
Columbia;Democrat;89.3;0.6;4.6;1.6;1;7.2
Columbia;Democrat;93.5;1.5;2.9;0.8;0.6;4.3
Columbia;Republican;89;0.6;6.3;1.9;0.7;8.9
Columbia;Republican;93.4;2.1;2.6;0.2;1.2;4
Columbus;Democrat;60.3;30.5;4.9;3.6;0.4;8.9
Colusa;Republican;36.7;1.2;58.1;3.2;1.8;63.1
Comanche;Democrat;57.2;17.8;12.6;7;2.7;22.3
Comanche;Republican;70.6;1;27.3;1.2;0.3;28.8
Concho;Republican;40.7;2.6;56.3;0.7;0.4;57.4
Concordia;Democrat;56.9;40.7;1.2;0.3;0.3;1.8
Conecuh;Democrat;51.1;46.2;1.8;0.4;0.1;2.3
Conejos;Democrat;43.5;0.7;54.1;3.9;0.6;58.6
Contra Costa;Democrat;45.6;9.6;25.2;1.6;16.4;43.2
Converse;Democrat;88.7;1;7.7;1.4;0.6;9.7
Conway;Democrat;81.5;11.4;4;0.8;0.6;5.4
Cook;Republican;64.4;27.8;6.1;0.5;0.8;7.4
Coos;Republican;85.9;0.6;6;3.1;1.2;10.3
Coosa;Republican;64.8;31.8;2.3;0.8;0.2;3.3
Copiah;Democrat;44.9;51.4;2.8;0.2;0.4;3.4
Corson;Democrat;31.5;0.2;3.9;64.1;0.4;68.4
Cortland;Democrat;92.7;1.9;2.6;0.3;1.1;4
Coryell;Republican;59.4;17.4;17.9;2;2.2;22.1
Coshocton;Republican;96.2;1.2;0.9;0.3;0.3;1.5
Costilla;Democrat;32;1.9;64.3;6;1.4;71.7
Cotton;Democrat;77.2;2.3;7.2;10.8;0.2;18.2
Covington;Democrat;81.5;12.8;2.5;0.4;0.8;3.7
Covington;Republican;61.2;35.9;2.1;0.3;0.3;2.7
Coweta;Republican;71.9;18;6.7;0.5;1.9;9.1
Craig;Democrat;64.6;3.3;3.2;20.2;0.6;24
Craig;Republican;97.7;0.2;1;0.3;0.2;1.5
Craven;Republican;66.3;21.7;7.1;0.8;2.6;10.5
Crawford;Democrat;95.3;2;1.1;0.3;0.5;1.9
Crawford;Republican;91.3;4.9;2.2;0.4;0.6;3.2
Crawford;Republican;95;1.9;1.2;0.2;0.6;2
Crawford;Republican;68.5;2.3;27.3;1.4;1.7;30.4
Crawford;Republican;85.6;1.6;6.7;2.6;1.6;10.9
Crisp;Republican;51.3;43.6;3.2;0.4;1;4.6
Crittenden;Democrat;96.5;1;0.9;0.5;0.2;1.6
Crittenden;Democrat;44.1;51.8;2.3;0.4;0.7;3.4
Crockett;Democrat;33.8;1.9;64;2;0.7;66.7
Crockett;Republican;75.2;13.7;9.7;0.5;0.3;10.5
Crook;Democrat;94.1;1.1;2.6;0.9;0.4;3.9
Crook;Democrat;94.1;1.1;2.6;0.9;0.4;3.9
Crook;Republican;88.6;0.3;7.4;1.7;0.7;9.8
Crosby;Republican;41.1;4.4;54;1.3;0.1;55.4
Cross;Republican;73.3;22.9;1.9;0.3;0.5;2.7
Crowley;Democrat;56.4;9.3;30.3;3.5;1.4;35.2
Culberson;Democrat;21.3;1.3;73.5;3.1;1.7;78.3
Cullman;Republican;92.1;1.4;4.4;0.6;0.5;5.5
Cumberland;Democrat;47.9;21.9;29.3;1.7;1.4;32.4
Cumberland;Democrat;45.2;37.6;11;2.2;2.7;15.9
Cumberland;Republican;94.9;0.7;2.7;0.5;0.5;3.7
Cumberland;Republican;87.5;3.8;3.4;0.2;3.8;7.4
Cumberland;Republican;96.7;0.5;1;0.1;0.7;1.8
Cuming;Republican;88.8;0.3;9.6;0.7;0.4;10.7
Curry;Republican;50.3;7;39.7;2.3;1.7;43.7
Custer;Democrat;91.2;1.2;5.3;0.8;0.6;6.7
Custer;Republican;93.2;0.2;4.1;0.8;0.4;5.3
Cuyahoga;Democrat;60.2;30.3;5.4;0.3;3;8.7
Dade;Republican;94.3;0.5;1.8;0.9;0.3;3
Daggett;Republican;93;0.4;4.2;1.5;0.5;6.2
Dale;Republican;70.2;19.7;6.1;0.9;1.3;8.3
Dallas;Democrat;54.1;41.3;2.7;0.5;0.2;3.4
Dallas;Democrat;28.5;69.5;1;0.2;0.5;1.7
Dallas;Democrat;31.1;23.1;39.3;1.2;5.9;46.4
Dane;Democrat;80.7;5.4;6.2;0.6;5.6;12.4
Daniels;Republican;93.6;0.3;2;2.1;0.3;4.4
Danville;Democrat;44.8;49.4;3.4;0.5;1.2;5.1
Darke;Republican;96.3;0.6;1.5;0.2;0.4;2.1
Darlington;Democrat;55.3;41.2;2;0.4;0.5;2.9
Dauphin;Republican;68.2;18.7;8.3;0.5;3.7;12.5
Davidson;Democrat;56.9;28.1;9.9;0.6;3.4;13.9
Davie;Republican;84.9;6.5;6.4;0.6;0.8;7.8
Daviess;Democrat;89.5;5;2.8;0.2;0.9;3.9
Daviess;Republican;96.2;0.6;1.5;0.4;0.2;2.1
Daviess;Republican;92.7;1;4.6;0.5;0.7;5.8
Davison;Republican;92.2;1;2.4;2.9;0.5;5.8
Dawson;Republican;92.8;0.5;2.7;2.2;0.4;5.3
Dawson;Republican;93;0.9;4;0.5;0.7;5.2
Dawson;Republican;37.3;6.6;55.5;1.2;0.6;57.3
Day;Democrat;86.7;0.6;2.1;8.8;0.6;11.5
DeKalb;Democrat;77.6;7.6;10.9;0.5;2.8;14.2
DeKalb;Democrat;29.9;54.8;8.9;0.6;5.9;15.4
DeKalb;Republican;84.8;11.6;2;0.6;0.3;2.9
DeKalb;Republican;89.4;2.1;7.5;0.3;0.4;8.2
DeKalb;Republican;95.1;0.5;2.7;0.3;0.6;3.6
DeKalb;Republican;80.6;2.1;14.2;2.8;0.4;17.4
DeSoto;Democrat;57.2;38.1;2.8;1.2;0.4;4.4
DeSoto;Republican;55.2;13.2;30.5;1.3;0.8;32.6
DeSoto;Republican;67.5;24.9;4.9;0.4;1.4;6.7
Deaf Smith;Republican;27;2;70.6;1.8;0.6;73
Dearborn;Republican;96.4;0.7;1.2;0.3;0.5;2
Decatur;Republican;95.5;0.5;1.8;0.2;1.3;3.3
Deer Lodge;Democrat;90.8;0.4;3.1;3.6;0.5;7.2
Defiance;Republican;86.7;2.2;9.6;0.4;0.4;10.4
Delaware;Democrat;64.7;0.5;3.5;23.4;1.2;28.1
Delaware;Democrat;97.4;0.4;1.1;0.1;0.3;1.5
Delaware;Democrat;68.6;21.2;3.5;0.2;5.4;9.1
Delaware;Republican;86.9;3.5;2.4;0.2;5.4;8
Delta;Democrat;82.2;0.7;14.7;1.4;0.8;16.9
Delta;Republican;93.7;0.3;1.1;2.5;0.4;4
Dent;Republican;94.6;0.6;1.4;1;0.9;3.3
Denton;Republican;61.7;9.6;19;1;7.7;27.7
Denver;Democrat;53.4;10.2;30.8;2.2;3.8;36.8
Des Moines;Democrat;88;5.9;2.9;0.4;0.9;4.2
Desha;Democrat;46.6;47.9;4.8;0.5;0.4;5.7
Deuel;Democrat;94.7;1;3.1;0.4;0.1;3.6
Deuel;Republican;92.2;0.3;5.5;1.3;0.4;7.2
Dewey;Democrat;22.1;0.4;3.5;72.8;0.2;76.5
Dewey;Republican;84.1;0.5;6.1;5.9;0.9;12.9
Dickenson;Republican;97.9;0.4;0.9;0.2;0.2;1.3
Dickinson;Democrat;96.4;0.4;1.7;0.3;0.6;2.6
Dickinson;Republican;95.8;0.5;1.4;0.8;0.5;2.7
Dillon;Democrat;46.8;46.6;2.5;2.8;0.3;5.6
Dimmit;Democrat;12.2;1.7;85.9;0.8;0.6;87.3
Dinwiddie;Democrat;62.5;32.7;2.9;0.5;0.6;4
Dixon;Republican;86.2;0.6;12;0.8;0.2;13
Dodge;Republican;65.6;30;3.4;0.6;0.5;4.5
Dolores;Democrat;88.6;0.3;5.1;3.7;0.3;9.1
Dona Ana;Democrat;28.8;2.2;66.8;2.5;1.3;70.6
Donley;Republican;81.8;5.1;10.9;0.8;0.4;12.1
Dooly;Democrat;42.2;50.5;7.3;0.3;0.7;8.3
Door;Democrat;94.6;0.7;2.7;0.7;0.5;3.9
Dorchester;Republican;64.5;28.3;4.6;0.5;1.1;6.2
Dougherty;Democrat;27.3;68.4;2.6;0.5;1;4.1
Douglas;Democrat;83.9;1.4;8.3;0.6;4.3;13.2
Douglas;Democrat;91.9;1.2;1.4;2;0.9;4.3
Douglas;Democrat;44.9;43.5;8.9;0.6;1.7;11.2
Douglas;Republican;95.7;0.4;1.2;0.6;0.3;2.1
Douglas;Republican;65.8;0.8;30.4;2.2;1.1;33.7
Douglas;Republican;88.7;0.4;5.2;2.2;1.1;8.5
Douglas;Republican;70.9;11.6;12;1.3;3.3;16.6
Douglas;Republican;90.4;0.6;7.3;0.3;0.7;8.3
Drew;Democrat;67;28;2.9;0.4;0.9;4.2
DuPage;Democrat;68.1;5.2;14.1;0.5;11.4;26
Dubuque;Democrat;91.9;3;2.2;0.5;1.4;4.1
Duchesne;Republican;85.2;0.6;8.1;5;0.5;13.6
Dunn;Democrat;93.1;0.7;1.8;0.5;2.9;5.2
Duplin;Democrat;51.8;26;21.6;1.8;0.6;24
Durham;Democrat;42.2;38.6;13.4;1.1;4.9;19.4
Duval;Democrat;9.9;1.4;88.5;0.9;0.3;89.7
Duval;Democrat;55;30.1;8.6;0.5;4.7;13.8
Eagle;Democrat;67.1;1;30;1.5;1.2;32.7
Early;Republican;46.5;49.9;2.2;0.4;0.6;3.2
East Baton Rouge;Democrat;45.7;46.2;3.9;0.3;3.3;7.5
East Carroll;Democrat;28.9;67.5;2.3;0.3;0.6;3.2
East Feliciana;Democrat;52.7;44.1;1.4;0.4;0.4;2.2
Eastland;Republican;79.6;2.5;16;1.2;0.6;17.8
Eaton;Democrat;83.6;7;5.3;0.5;2;7.8
Eau Claire;Democrat;91;1;2.3;0.7;3.8;6.8
Echols;Republican;63.6;5.6;28.1;3.3;0.5;31.9
Eddy;Republican;49.6;1.9;46.4;2.5;0.8;49.7
Edgecombe;Democrat;37;57.7;4.2;0.9;0.3;5.4
Edgefield;Democrat;56.2;36.9;5.7;0.4;0.4;6.5
Edmunds;Republican;96.6;0.2;1.6;0.6;0.2;2.4
Edwards;Republican;96.9;0.6;1.2;0.2;0.4;1.8
Edwards;Republican;43.9;0.8;54.4;2.2;0.7;57.3
Effingham;Republican;79.6;14;3.7;0.5;0.9;5.1
Effingham;Republican;96.4;0.5;1.9;0.2;0.5;2.6
El Dorado;Republican;78.7;1;12.7;1.5;4;18.2
El Paso;Democrat;70.3;7;16.3;1.7;3;21
El Paso;Democrat;13.3;4;81.2;1.2;1.3;83.7
Elbert;Democrat;89.7;0.8;6.4;1;1;8.4
Elbert;Republican;63.7;29.4;5.5;0.4;0.9;6.8
Elko;Republican;67.1;1.5;24.2;6.4;1.1;31.7
Elliott;Democrat;94.6;3.5;1;0.3;0.2;1.5
Ellis;Republican;87.6;0.7;7.5;2.8;0.2;10.5
Emmet;Democrat;91.5;0.7;1.6;3.9;0.5;6
Emmet;Democrat;86.9;1;10.4;1.6;0.6;12.6
Emporia;Democrat;29.2;63.7;5.5;0.6;1.2;7.3
Erie;Democrat;85.5;7.6;3.8;0.3;1.4;5.5
Erie;Democrat;76.4;13.9;5.1;0.7;3.2;9
Erie;Republican;84;8.8;4;0.4;0.7;5.1
Esmeralda;Republican;71.2;1.9;19.2;4.9;0.5;24.6
Essex;Democrat;92;3.2;3.1;0.5;0.7;4.3
Essex;Democrat;55.3;37.9;3.6;1.1;1;5.7
Essex;Democrat;32.2;41.9;22.1;0.8;5.3;28.2
Estill;Democrat;97.9;0.3;0.9;0.3;0.1;1.3
Evangeline;Democrat;67.7;28.4;2.5;0.4;0.5;3.4
Evans;Republican;56.2;31.2;12;0.9;1.2;14.1
Fairfax;Democrat;52;10;16.4;0.8;19.2;36.4
Fairfax City;Democrat;58.8;5.4;16.6;0.9;17;34.5
Fairfield;Democrat;37.8;58.8;1.9;0.3;0.3;2.5
Fall River;Republican;85;1.1;3.7;7.1;0.9;11.7
Fallon;Republican;95.6;0.2;1.7;0.8;0.6;3.1
Falls Church;Democrat;72.3;5.3;9.5;0.6;9.3;19.4
Fannin;Republican;79.4;7;10.5;1.3;0.5;12.3
Faulkner;Republican;81.1;11.3;4.1;0.8;1.2;6.1
Fayette;Democrat;92.5;4.7;1.1;0.3;0.2;1.6
Fayette;Democrat;94.6;1.2;2.2;0.3;0.8;3.3
Fayette;Democrat;92.3;4.8;1.1;0.2;0.4;1.7
Fayette;Democrat;72.3;15;6.9;0.4;3.8;11.1
Fayette;Republican;85;11.9;1.4;0.4;0.3;2.1
Fayette;Republican;68.4;27.5;2.5;0.3;0.6;3.4
Fayette;Republican;65;22;7.1;0.5;4.5;12.1
Fayette;Republican;93.2;2.5;1.9;0.3;0.7;2.9
Fayette;Republican;72.2;6.9;19.9;1.3;0.4;21.6
Ferry;Republican;73.8;0.7;4.2;17.1;0.9;22.2
Fisher;Republican;67.1;3.8;27.9;1;0.4;29.3
Flathead;Republican;93;0.4;2.7;1.5;0.7;4.9
Fleming;Democrat;96;1.6;1.3;0.2;0.2;1.7
Florence;Democrat;52.9;42.2;2.4;0.4;1.5;4.3
Florence;Republican;96.1;0.4;1;0.8;0.4;2.2
Floyd;Democrat;97.3;1;0.7;0.1;0.2;1
Floyd;Democrat;93.1;2;2.3;0.4;1.7;4.4
Floyd;Republican;72.3;14.8;10.3;1.1;1.4;12.8
Fluvanna;Democrat;78.9;15.4;3.2;0.4;0.7;4.3
Foard;Democrat;74.2;5.3;18.7;0.4;0.8;19.9
Fond du Lac;Republican;90.8;1.6;4.9;0.6;1.3;6.8
Forrest;Republican;57.5;37;3.2;0.5;1.1;4.8
Forsyth;Democrat;57.7;27.1;12.6;0.9;2.3;15.8
Forsyth;Republican;76.4;3.5;9.7;0.6;9.1;19.4
Franklin;Democrat;81.6;6.4;3.3;7.8;0.5;11.6
Franklin;Democrat;82;11.1;3;0.3;1.8;5.1
Franklin;Democrat;86.2;0.9;11.8;0.6;0.7;13.1
Franklin;Democrat;65.5;32;1.4;0.4;0.3;2.1
Franklin;Democrat;78;14.4;5.1;0.7;0.7;6.5
Franklin;Democrat;63.5;26.8;8;1;0.6;9.6
Franklin;Republican;92.5;0.9;3;1.4;0.9;5.3
Franklin;Republican;83.8;9.6;4.3;0.3;0.9;5.5
Franklin;Republican;78;4.6;16.1;1.7;0.4;18.2
Franklin;Republican;89.2;5.2;2.8;0.5;0.9;4.2
Franklin;Republican;96.1;0.5;1.6;0.4;0.4;2.4
Franklin;Republican;42.1;2.8;51.9;1.8;2.1;55.8
Franklin;Republican;95.3;1;1.7;0.4;0.5;2.6
Franklin;Republican;79.3;4.5;13.7;1.1;0.8;15.6
Franklin;Republican;91.1;0.3;6.9;0.9;0.2;8
Franklin City;Democrat;37.8;57.3;2.3;0.4;0.9;3.6
Frederick;Republican;84.8;4.6;7.4;0.5;1.6;9.5
Frederick;Republican;75.7;9.4;8.4;0.6;4.5;13.5
Fredericksburg;Democrat;60;24.1;10.9;0.9;3;14.8
Fremont;Democrat;70.3;0.7;6.7;21.3;0.6;28.6
Fremont;Democrat;79.4;4;13;2;0.8;15.8
Fremont;Democrat;70.3;0.7;6.7;21.3;0.6;28.6
Fresno;Republican;30.9;5.9;51.9;3.3;10.7;65.9
Frio;Democrat;16.2;3.9;77.8;0.9;2.3;81
Frontier;Republican;96.3;0.2;2.3;0.5;0.2;3
Fulton;Democrat;92.2;3.9;2.7;0.6;0.4;3.7
Fulton;Democrat;71.3;24.3;1.5;0.4;0.8;2.7
Fulton;Democrat;95.8;0.6;1.2;0.7;0.3;2.2
Fulton;Democrat;40.5;44.3;7.6;0.4;6.7;14.7
Fulton;Republican;92.2;0.8;5.1;0.8;0.6;6.5
Fulton;Republican;93.3;2;2.8;0.2;0.7;3.7
Fulton;Republican;89.8;0.7;8.2;0.4;0.4;9
Furnas;Republican;94.8;0.4;3.2;0.7;0.2;4.1
Gadsden;Democrat;33.2;55.2;10.5;0.8;0.7;12
Gaines;Republican;57.4;2.2;39.5;1.1;0.5;41.1
Galax;Republican;76.8;7;14.7;0.6;0.6;15.9
Gallatin;Democrat;91.3;1.8;5.1;0.3;0.5;5.9
Gallatin;Democrat;95.4;0.8;1.9;0.3;0.1;2.3
Gallia;Republican;93.9;2.6;1.2;0.4;0.5;2.1
Garden;Republican;93;0.4;4.5;0.9;0;5.4
Garfield;Democrat;68.8;1.2;28.1;2;0.8;30.9
Garfield;Republican;97.7;0.3;1.3;0;0.1;1.4
Garfield;Republican;91.8;0;4.5;0.4;1.9;6.8
Garfield;Republican;97.5;0.3;1.2;0.4;0.1;1.7
Garfield;Republican;76.3;3.4;11.4;5.2;1.4;18
Garrett;Republican;96.6;1.1;1;0.2;0.5;1.7
Garvin;Democrat;76.3;2.8;7.6;8.7;0.8;17.1
Gaston;Republican;74.6;16.1;6.4;0.6;1.4;8.4
Gates;Democrat;62.3;33.2;2;0.7;0.2;2.9
Geauga;Republican;95.7;1.3;1.4;0.1;0.7;2.2
Gem;Republican;87.6;0.2;8.2;1;1.4;10.6
Genesee;Democrat;72.6;20.6;3.2;0.6;1.1;4.9
Gentry;Republican;96.8;0.6;1;0.3;0.4;1.7
George;Republican;87.8;8.5;2.2;0.4;0.3;2.9
Georgetown;Democrat;63;32.6;3.2;0.4;0.5;4.1
Gila;Republican;63.2;0.9;18.8;16.6;0.8;36.2
Gilliam;Republican;89.1;0.2;6.5;2.1;0.6;9.2
Gilmer;Democrat;79;12.8;6.2;1;0.8;8
Gilpin;Democrat;87.4;1.8;6.4;1.5;1.5;9.4
Glacier;Democrat;32.5;0.2;2.7;62.6;0.4;65.7
Glades;Republican;60.4;14;21.7;5.7;0.7;28.1
Gloucester;Democrat;79.4;10.8;5.7;0.3;3;9
Glynn;Republican;64.1;26.5;6.5;0.7;1.5;8.7
Gogebic;Democrat;89.7;4.5;1.2;2.7;0.5;4.4
Gonzales;Republican;42.9;7.6;49.4;1.8;0.5;51.7
Goshen;Democrat;86.2;1.2;10.4;1.2;0.7;12.3
Graham;Republican;51.4;2.1;32.1;14.2;0.7;47
Grainger;Republican;95.3;0.7;2.7;0.3;0.2;3.2
Grand;Democrat;88.8;0.5;8;0.9;0.9;9.8
Grand;Democrat;83.2;0.7;10;4.5;1;15.5
Grand Traverse;Democrat;92.7;1.3;2.7;1.3;0.7;4.7
Grant;Democrat;94.5;1;2.5;0.5;0.5;3.5
Grant;Democrat;95.5;1.3;1.4;0.3;0.9;2.6
Grant;Democrat;47;1.2;49.6;2.4;0.8;52.8
Grant;Republican;55.7;1.8;39.9;2.3;1.1;43.3
Grant;Republican;92.7;2.8;2.6;0.5;0.4;3.5
Granville;Democrat;58.5;32.1;7.6;0.9;0.7;9.2
Gratiot;Democrat;86.8;5.6;5.7;0.7;0.5;6.9
Graves;Democrat;87;4.7;6;0.5;0.5;7
Gray;Republican;65.4;5.2;27.1;1.4;0.7;29.2
Grays Harbor;Republican;79.8;1.4;9.8;5.7;1.5;17
Grayson;Republican;95.9;1.2;1.4;0.3;0.3;2
Green;Democrat;94.6;0.6;2.9;0.3;0.7;3.9
Green Lake;Republican;93.1;0.6;4.6;0.5;0.7;5.8
Greene;Democrat;94.8;0.6;2.9;0.4;0.4;3.7
Greene;Democrat;47.7;36.6;14.7;2.4;0.5;17.6
Greene;Democrat;17.9;80.5;1;0.2;0.2;1.4
Greene;Republican;84.2;6.9;5;0.3;1.7;7
Greene;Republican;70.6;27.2;1;0.4;0.1;1.5
Greene;Republican;94.5;0.9;2.7;0.5;0.3;3.5
Greene;Republican;93.5;3.5;1.4;0.2;0.4;2
Greene;Republican;86;6.5;5.5;0.4;0.9;6.8
Greene;Republican;96.8;0.3;1.3;0.4;0.4;2.1
Greene;Republican;84.4;7.3;2.7;0.4;3.1;6.2
Greene;Republican;88.4;3.2;3.5;0.8;1.9;6.2
Greenlee;Democrat;47.8;1.8;46.6;3.5;0.8;50.9
Greensville;Democrat;37.5;59.3;2.1;0.3;0.6;3
Greenup;Democrat;96.2;1;1.1;0.3;0.5;1.9
Greenwood;Democrat;60.4;32.1;5.8;0.6;1;7.4
Greer;Democrat;75.6;7.7;11.3;3.6;0.3;15.2
Gregg;Republican;58.8;20.5;18;1.1;1.3;20.4
Gregory;Republican;88;0.4;1.4;7.9;0.4;9.7
Grimes;Republican;59.1;16.5;22.8;1;0.7;24.5
Grundy;Republican;96.4;0.6;1.1;0.6;0.2;1.9
Guadalupe;Democrat;16.3;2.2;79.4;2.8;1.1;83.3
Guadalupe;Republican;52.2;7.9;37;1.2;1.7;39.9
Guernsey;Republican;94.9;1.6;1;0.3;0.3;1.6
Guilford;Democrat;52.3;34;7.6;0.8;4.6;13
Gunnison;Democrat;87.5;0.5;9.3;2.5;0.7;12.5
Guthrie;Democrat;95.8;0.3;2.3;0.3;0.4;3
Gwinnett;Democrat;40.6;27;20.5;0.9;11.5;32.9
Haakon;Republican;91.9;0.9;1.5;2.2;0.7;4.4
Hale;Democrat;40;58.1;1.3;0.2;0.3;1.8
Hale;Republican;35.2;5.9;58.2;1.8;0.6;60.6
Halifax;Democrat;39.1;53.2;2.7;4.1;0.8;7.6
Hall;Republican;61.9;8.1;27.5;1.1;2;30.6
Hamblen;Republican;82.4;4.5;10.9;1;1;12.9
Hamilton;Democrat;90.6;0.8;5.4;0.4;2.1;7.9
Hamilton;Democrat;55;33.5;9.5;1;0.8;11.3
Hamilton;Republican;95.6;1;1.4;0.4;0.5;2.3
Hamilton;Republican;96.6;0.6;1.6;0.3;0.2;2.1
Hamilton;Republican;71.5;19.8;5.1;0.7;2.1;7.9
Hamilton;Republican;86.1;1;11.3;1.9;0.6;13.8
Hamlin;Republican;94.9;0.5;3.3;0.5;0.3;4.1
Hampton;Democrat;41.2;53.9;3.9;0.4;0.6;4.9
Hampton;Democrat;40.1;49.8;5.3;0.7;2.4;8.4
Hancock;Democrat;95.9;1.3;1.4;0.3;0.3;2
Hancock;Democrat;24.3;72.6;1.7;0.4;0.7;2.8
Hancock;Republican;97.3;0.4;0.4;0.4;0.2;1
Hancock;Republican;96.7;0.4;1.5;0.4;0.3;2.2
Hancock;Republican;94.5;2.6;1.2;0.1;0.3;1.6
Hancock;Republican;84.7;8.4;3.6;0.7;1.1;5.4
Hansford;Republican;52.7;1;45.4;1.7;0.3;47.4
Haralson;Republican;91.1;5.1;1.4;0.4;0.7;2.5
Hardee;Republican;47.5;7.6;43.1;1.3;1.2;45.6
Hardeman;Democrat;55.1;41.6;1.6;0.3;0.7;2.6
Hardin;Democrat;76.2;12.8;5.7;0.9;2.2;8.8
Hardin;Republican;92.1;3.7;2;0.4;0.6;3
Hardin;Republican;95.3;1;1.5;0.3;0.7;2.5
Hardin;Republican;92.6;1.5;4.1;0.3;0.6;5
Hardy;Republican;91.7;3;3.6;0.2;1.1;4.9
Harlan;Democrat;95.1;2.3;0.8;0.4;0.3;1.5
Harmon;Democrat;60.1;8.4;27.4;2.5;0.5;30.4
Harnett;Republican;62.7;21.5;11.9;1.9;1.3;15.1
Harris;Democrat;31.4;19.5;41.8;1.2;7;50
Harris;Republican;77.2;17.1;3.3;0.5;0.9;4.7
Harrison;Democrat;93.7;2.3;2.1;0.4;0.3;2.8
Harrison;Republican;96.7;0.4;1.4;0.3;0.4;2.1
Harrison;Republican;65.3;24;5.4;0.6;3;9
Harrison;Republican;63.2;22.5;12.3;1.3;0.7;14.3
Harrisonburg;Democrat;68.1;8.4;18.6;0.9;4;23.5
Hart;Democrat;91.8;4.8;1.7;0.3;0.3;2.3
Hart;Republican;75.4;18.8;3.6;0.2;1;4.8
Haskell;Democrat;72.1;0.7;4;16.4;0.7;21.1
Hawaii;Democrat;30.6;0.9;12.3;13.3;22;47.6
Hawkins;Republican;95.3;1.5;1.4;0.3;0.5;2.2
Haywood;Democrat;93.2;1.2;3.7;0.6;0.5;4.8
Haywood;Democrat;45.2;49.9;4.2;0.4;0.2;4.8
Heard;Republican;84.4;10.7;2.5;0.4;0.6;3.5
Hempstead;Republican;55.3;29.9;12.6;0.8;0.5;13.9
Henderson;Democrat;87.5;7.9;2.3;0.3;0.5;3.1
Henderson;Republican;96.5;0.4;1.5;0.4;0.3;2.2
Hendricks;Republican;86.4;6;3.5;0.4;2.5;6.4
Hendry;Republican;33.9;13.2;50.9;2.4;1.3;54.6
Henrico;Democrat;55;30.1;5.4;0.5;7.9;13.8
Henry;Democrat;91.7;2.9;3.2;0.5;0.3;4
Henry;Democrat;48.6;40.6;6.4;0.4;3.4;10.2
Henry;Republican;93.9;1.4;2.1;0.7;0.4;3.2
Henry;Republican;91;1.9;5.4;0.3;0.5;6.2
Henry;Republican;93.9;2.7;1.6;0.2;0.4;2.2
Henry;Republican;90.6;0.7;7.3;0.4;0.5;8.2
Herkimer;Republican;94.9;1.2;2.1;0.3;0.6;3
Hernando;Republican;80.2;5.7;11.6;0.6;1.4;13.6
Hertford;Democrat;33.9;59.8;3.8;1.7;0.8;6.3
Hickman;Democrat;87.6;9.2;1.2;0.2;0.4;1.8
Hickman;Republican;90.8;5.1;2.1;0.5;0.3;2.9
Hidalgo;Democrat;40.2;1.3;57.2;1.3;0.6;59.1
Hidalgo;Democrat;7.1;0.9;91.2;0.5;1.1;92.8
Highland;Republican;95.6;1.5;0.9;0.3;0.3;1.5
Hill;Republican;71.5;6.9;20.1;1;0.5;21.6
Hillsborough;Democrat;51.6;17.5;26.5;0.7;4;31.2
Hillsdale;Republican;95.2;0.7;2.1;0.5;0.4;3
Hinds;Democrat;26.2;70.8;1.6;0.2;0.8;2.6
Hinsdale;Democrat;92.6;0.5;3.7;1.1;0.6;5.4
Hoke;Democrat;41.2;34.3;12.5;9.9;1.5;23.9
Holmes;Democrat;16.4;82.2;0.9;0.1;0.5;1.5
Holmes;Republican;87;6.8;2.7;1;0.7;4.4
Holmes;Republican;97.9;0.5;0.9;0.1;0.1;1.1
Holt;Republican;94.6;0.3;3.9;0.7;0.4;5
Honolulu;Democrat;19.6;3.1;9.5;9.8;42.4;61.7
Hood River;Democrat;64.4;0.6;30.9;1.3;1.5;33.7
Hopewell;Democrat;50.4;39.4;7.2;0.8;1.1;9.1
Hopkins;Democrat;88.9;6.7;1.8;0.3;0.6;2.7
Hopkins;Republican;74.2;7.5;16.2;1.1;0.7;18
Horry;Republican;77.2;13.7;6.1;0.8;1.2;8.1
Hot Springs;Democrat;92;0.7;4;1.7;0.5;6.2
Hot Springs;Democrat;92;0.7;4;1.7;0.5;6.2
Houghton;Democrat;92.5;0.9;1.4;0.7;3.2;5.3
Houston;Republican;67.3;26.7;3.3;0.6;0.9;4.8
Houston;Republican;62;25.8;10.9;0.7;0.6;12.2
Howard;Democrat;96.5;0.8;1.4;0.3;0.3;2
Howard;Democrat;55.4;18.6;6.4;0.5;16.9;23.8
Howard;Republican;65.7;20.9;11;1.1;0.7;12.8
Howard;Republican;51;7;40.3;1.7;1.2;43.2
Howell;Republican;94.6;0.5;2;0.8;0.7;3.5
Hudson;Democrat;29.3;15.1;43.1;1.4;15.2;59.7
Hudspeth;Democrat;19.1;1.8;78.2;1.4;1.1;80.7
Huerfano;Democrat;61.7;1;34.4;5.6;1.1;41.1
Hughes;Democrat;64.5;5.8;4.7;19.4;0.3;24.4
Hughes;Republican;83.3;1;2.8;11;0.7;14.5
Humboldt;Democrat;75.5;1.4;10.8;6.5;2.8;20.1
Humphreys;Democrat;22;75;2.5;0.2;0.4;3.1
Humphreys;Republican;93.2;2.7;2;0.6;0.3;2.9
Hunt;Republican;73.4;8.4;14.9;1.3;1.4;17.6
Hunterdon;Republican;86.5;2.7;6.2;0.3;3.7;10.2
Huntingdon;Republican;91.2;5.6;1.8;0.1;0.5;2.4
Huntington;Republican;95.4;0.6;2.1;0.5;0.6;3.2
Huron;Republican;95.7;0.5;2.1;0.4;0.5;3
Hutchinson;Republican;95.1;0.7;2;1.4;0.2;3.6
Hyde;Democrat;60.9;29.6;8;0.7;0.5;9.2
Iberia;Democrat;59.5;32.2;3.9;0.7;3.1;7.7
Iberville;Democrat;47.6;49;2.6;0.3;0.5;3.4
Idaho County;Republican;91.5;0.4;3.1;3.1;0.5;6.7
Imperial;Democrat;12.3;3.5;82.3;2.8;2.3;87.4
Indian River;Republican;76.3;9.4;11.9;0.5;1.5;13.9
Indiana;Republican;93.7;2.9;1.4;0.2;1.2;2.8
Ingham;Democrat;71.1;12.2;7.6;0.8;6.1;14.5
Inyo;Republican;64.3;1;20.9;12.9;1.6;35.4
Ionia;Democrat;88.3;4.9;4.7;0.6;0.5;5.8
Iosco;Republican;94.2;0.6;2.1;0.9;0.7;3.7
Iowa;Democrat;96;0.5;1.8;0.2;0.6;2.6
Iowa;Democrat;95.7;0.7;2.5;0.2;0.4;3.1
Iron;Republican;86.3;0.7;8.3;2.9;1;12.2
Irwin;Republican;68.4;26.7;3.6;0.1;0.8;4.5
Isabella;Democrat;86.2;2.7;3.7;3.8;1.9;9.4
Island;Republican;80.6;2.9;7.1;1.6;4.8;13.5
Issaquena;Democrat;34.4;63.9;0.9;0.4;0.6;1.9
Itawamba;Republican;90.7;6.8;1.4;0.3;0.3;2
Jack;Republican;77.9;4.2;16.3;1.1;0.6;18
Jackson;Democrat;86.3;2.2;3.3;7.2;0.4;10.9
Jackson;Democrat;81.4;2.3;5.1;9.7;1;15.8
Jackson;Democrat;74.5;14.9;4.2;0.6;3.9;8.7
Jackson;Democrat;86.3;0.1;11;1.7;0.4;13.1
Jackson;Democrat;95.8;0.6;1.3;1;0.4;2.7
Jackson;Democrat;67.7;29.1;1.5;0.3;0.2;2
Jackson;Democrat;65.7;27;4.8;1;0.6;6.4
Jackson;Democrat;62.9;24;8.8;0.9;1.8;11.5
Jackson;Republican;41.6;0.6;3.3;52;0.1;55.4
Jackson;Republican;98.1;0.3;0.7;0.2;0.1;1
Jackson;Republican;77.1;17.6;2.9;0.8;0.4;4.1
Jackson;Republican;95.8;0.5;1.9;0.5;0.2;2.6
Jackson;Republican;96.2;0.7;1;0.4;0.4;1.8
Jackson;Republican;97.2;0.5;0.8;0.3;0.4;1.5
Jackson;Republican;90.1;1;6.4;0.5;1.3;8.2
Jackson;Republican;68.5;22.1;5.5;0.5;2.3;8.3
Jackson;Republican;82.1;0.8;12;1.8;1.4;15.2
Jackson;Republican;64;7.8;22.6;2.8;1.6;27
James City;Republican;76;13.6;5.5;0.5;2.6;8.6
Jasper;Democrat;94.3;1.9;1.9;0.4;0.6;2.9
Jasper;Democrat;45.6;52.4;1.2;0.3;0.2;1.7
Jasper;Democrat;41;44.1;13.9;0.8;0.8;15.5
Jasper;Republican;91.7;0.9;5.9;0.4;0.4;6.7
Jasper;Republican;74.6;16.6;6.6;0.8;0.7;8.1
Jasper;Republican;84.9;2.4;7.5;2.4;1.1;11
Jeff Davis;Democrat;77.9;17.1;2.3;0.7;0.3;3.3
Jeff Davis;Democrat;37.9;59.9;1.2;0.3;0.2;1.7
Jeff Davis;Republican;72;15.6;11.3;0.8;0.6;12.7
Jefferson;Democrat;78.4;1.1;9.6;7;0.4;17
Jefferson;Democrat;83.1;1.9;2.9;0.4;10.8;14.1
Jefferson;Democrat;78.8;1.3;15.2;1.3;2.8;19.3
Jefferson;Democrat;41.9;53.6;3.3;0.3;0.7;4.3
Jefferson;Democrat;14;85.1;0.5;0.3;0;0.8
Jefferson;Democrat;58.8;35.4;4.1;0.4;0.5;5
Jefferson;Democrat;40.3;55.5;1.9;0.5;0.9;3.3
Jefferson;Democrat;42.5;34.3;18.9;1.1;3.9;23.9
Jefferson;Democrat;54.1;27.2;13.8;0.7;4.2;18.7
Jefferson;Democrat;69.3;21.5;4.8;0.3;2.5;7.6
Jefferson;Democrat;50.8;42.9;3.8;0.4;1.6;5.8
Jefferson;Republican;94.4;0.5;3.3;0.5;0.3;4.1
Jefferson;Republican;92.9;0.4;2.3;1.7;0.5;4.5
Jefferson;Republican;93.4;2;2.5;0.3;0.8;3.6
Jefferson;Republican;92.2;2.4;3.5;0.4;0.5;4.4
Jefferson;Republican;82.2;6.6;7.3;1;1.7;10
Jefferson;Republican;90.8;5.5;1.4;0.2;0.4;2
Jefferson;Republican;94.8;1.1;1.8;0.3;0.7;2.8
Jefferson;Republican;87.2;0.4;10.3;1.5;0.5;12.3
Jenkins;Republican;51.2;43.2;5.1;0.6;0.5;6.2
Jennings;Republican;95.3;0.9;2.3;0.2;0.3;2.8
Jerauld;Democrat;93.3;0.2;4.9;0.6;0.2;5.7
Jerome;Republican;63.4;0.6;34;2.6;0.5;37.1
Jessamine;Democrat;90.5;3.5;2.9;0.3;1.2;4.4
Jim Hogg;Democrat;6.7;0.8;91.6;0.6;0.7;92.9
Jim Wells;Democrat;18.7;1;79.7;1.2;0.6;81.5
JoDaviess;Republican;94.8;0.6;3.1;0.2;0.5;3.8
Johnson;Democrat;91.3;0.8;4.8;1.3;1;7.1
Johnson;Democrat;80.6;5.9;5.5;0.3;6;11.8
Johnson;Democrat;91.3;0.8;4.8;1.3;1;7.1
Johnson;Republican;80.3;6.2;10.5;1.4;1.6;13.5
Johnson;Republican;94.4;2.3;1.8;0.3;0.3;2.4
Johnson;Republican;81.1;2.1;13.5;1.3;1.2;16
Johnson;Republican;90.8;1.9;3.4;0.4;2.5;6.3
Johnston;Democrat;70.4;2.1;4.6;16;0.8;21.4
Johnston;Republican;68.9;16;13.4;1;0.8;15.2
Jones;Democrat;94.7;2.3;1.6;0.3;0.6;2.5
Jones;Democrat;62.1;31.1;4.4;0.7;0.5;5.6
Jones;Republican;90.3;0.3;2.3;4;0.8;7.1
Juab;Republican;92.7;0.4;4.7;1.2;0.4;6.3
Judith Basin;Republican;96.3;0.1;1.7;1;0.3;3
Juneau;Republican;92;2.4;2.9;1.7;0.5;5.1
Kalamazoo;Democrat;78.5;11.4;4.7;0.6;2.6;7.9
Kanawha;Republican;88;7.6;1.1;0.2;1.2;2.5
Kane;Democrat;58.1;6.1;31.3;1.1;4;36.4
Kane;Republican;91.6;0.4;4.5;1.8;0.5;6.8
Karnes;Democrat;38.5;8.7;52.5;1.1;0.4;54
Kauai;Democrat;30.1;0.7;10.8;9.7;31.3;51.8
Kay;Republican;75.7;2.3;7.2;10.6;0.6;18.4
Kemper;Democrat;34.7;60.4;0.8;3.5;0.2;4.5
Kendall;Democrat;71.9;6.7;16.9;0.5;3.3;20.7
Kendall;Republican;74.4;1.1;22.4;0.8;1;24.2
Kenedy;Democrat;21.3;4.3;74;1.5;0.5;76
Kenosha;Democrat;76.8;7.3;12.6;0.8;1.6;15
Kent;Democrat;75;10.4;10.1;0.8;2.8;13.7
Kent;Democrat;78.5;15.1;4.3;0.4;1;5.7
Kent;Republican;78.2;1.1;18.1;1.4;0;19.5
Kenton;Democrat;89.2;4.9;2.9;0.4;1.2;4.5
Keokuk;Democrat;96.8;0.5;1.6;0.2;0.2;2
Kershaw;Democrat;68.7;25.2;4.2;0.5;0.7;5.4
Kewaunee;Republican;95.5;0.5;2.3;0.6;0.4;3.3
Keweenaw;Democrat;97.7;0.2;1;0.2;0;1.2
King;Republican;79;0;17.2;1.5;0;18.7
King William;Republican;76;17.5;2.5;1.4;0.9;4.8
King and Queen;Democrat;65.7;26.9;3.1;1.8;0.4;5.3
Kinney;Democrat;40.6;1.8;56.5;1.4;0.6;58.5
Kiowa;Democrat;74.9;4.8;10.7;7.5;0.4;18.6
Kiowa;Democrat;91.4;0.7;6.3;1.2;0;7.5
Kit Carson;Democrat;76.1;2.5;19.3;1.3;0.6;21.2
Kleberg;Democrat;21.6;4.4;71.7;1;2.4;75.1
Klickitat;Republican;81.9;0.6;12.3;3;0.8;16.1
Knott;Democrat;97.5;0.9;0.8;0.1;0.1;1
Knox;Democrat;83.7;8;5.6;0.4;0.9;6.9
Knox;Republican;96.2;0.5;1.2;0.3;0.3;1.8
Knox;Republican;86.5;0.2;2.6;9.9;0.4;12.9
Knox;Republican;96.1;1.3;1.1;0.3;0.3;1.7
Knox;Republican;92.9;3.1;1.8;0.3;0.8;2.9
Knox;Republican;83;9;3.9;0.5;2.2;6.6
Knox;Republican;95.5;1;1.4;0.2;0.7;2.3
Knox;Republican;59.3;6.1;33.6;1.4;0.2;35.2
Kootenai;Republican;91.1;0.4;4.3;1.6;0.9;6.8
Kosciusko;Republican;88.6;1.1;8;0.5;1.2;9.7
Kossuth;Democrat;96.1;0.6;2;0.3;0.5;2.8
La Crosse;Democrat;90.4;1.5;1.7;0.5;4.6;6.8
La Plata;Democrat;79.2;0.6;12.6;6.9;0.8;20.3
La Salle;Democrat;13.9;1.1;84.4;0.8;0.5;85.7
La Vaca;Republican;74.5;7;17.7;0.7;0.4;18.8
LaGrange;Republican;94.5;0.5;3.9;0.3;0.4;4.6
LaRue;Democrat;91.7;3.2;3.1;0.4;0.2;3.7
LaSalle;Republican;86.9;2.3;8.9;0.3;0.9;10.1
Lackawanna;Democrat;87.5;3.3;6.2;0.4;2.3;8.9
Lafayette;Democrat;94.6;0.4;3.8;0.6;0.5;4.9
Lafayette;Democrat;59.7;37.1;2;0.4;0.5;2.9
Lafayette;Republican;71;15.2;12.5;0.8;0.2;13.5
Lake;Democrat;59.2;0.7;37.8;2.7;0.6;41.1
Lake;Democrat;72.1;2.1;19.1;4.4;1.4;24.9
Lake;Democrat;54.7;25.3;18.1;0.6;1.5;20.2
Lake;Democrat;63.3;7.5;21;1;7.2;29.2
Lake;Republican;85.3;9.1;2.5;0.9;0.2;3.6
Lake;Republican;66.2;0.4;4.1;23.7;0.5;28.3
Lamar;Republican;64.1;31.7;2.2;0.3;0.5;3
Lamar;Republican;74.4;20.6;2.5;0.4;1.3;4.2
Lancaster;Republican;70.2;22.7;5;0.5;0.9;6.4
Lander;Republican;69.5;0.9;23.9;5.6;0.9;30.4
Lane;Democrat;83.1;1.1;8.3;1.7;2.9;12.9
Langlade;Republican;94.8;0.7;1.9;1.3;0.4;3.6
Lanier;Republican;68;22.7;5.5;1.1;1.4;8
Lapeer;Republican;92.3;1.2;4.5;0.5;0.5;5.5
Laramie;Democrat;78.7;3.4;14.3;1.5;1.3;17.1
Larimer;Democrat;83.5;1.1;11.1;1.1;2.2;14.4
Las Animas;Democrat;52.7;1.8;42.5;3.6;1.1;47.2
Lassen;Republican;66;8.8;18.5;4.8;1.4;24.7
Latah;Republican;89.8;1.1;4.1;1.1;1.9;7.1
Latimer;Democrat;67.3;1.2;3.4;21.2;0.4;25
Lauderdale;Republican;84.7;10.4;2.4;0.6;0.9;3.9
Laurel;Republican;96;0.8;1.4;0.3;0.6;2.3
Laurens;Republican;59.3;36.2;2.5;0.3;1.1;3.9
Laurens;Republican;68.3;26;4.4;0.5;0.4;5.3
Lawrence;Democrat;97.7;0.4;0.7;0.1;0.2;1
Lawrence;Democrat;96;1;1.3;0.5;0.2;2
Lawrence;Republican;65.6;31.4;1.9;0.3;0.3;2.5
Lawrence;Republican;91.3;1;3.2;2.4;0.7;6.3
LeFlore;Democrat;72.2;2.3;6.6;13.4;0.6;20.6
Lea;Republican;38.5;4.4;55.7;2;0.6;58.3
Leake;Democrat;47.7;41.9;4.2;6.7;0.3;11.2
Lee;Democrat;91;3.1;3.4;0.3;0.6;4.3
Lee;Democrat;41;54.2;2.7;0.6;0.5;3.8
Lee;Democrat;33.3;63.4;2.1;0.4;0.4;2.9
Lee;Democrat;58.3;20.1;19.5;1.6;1.1;22.2
Lee;Democrat;67.7;23.7;3.9;0.5;3.3;7.7
Lee;Republican;95;2.6;1.1;0.4;0.1;1.6
Lee;Republican;92.8;4.2;1.8;0.4;0.3;2.5
Lee;Republican;69.2;9.1;19.6;0.6;1.7;21.9
Leelanau;Democrat;90.6;0.5;4.1;3.6;0.6;8.3
Leflore;Democrat;24;72.7;2.5;0.4;0.7;3.6
Lenoir;Democrat;50.1;41;7.5;0.8;0.7;9
Leon;Democrat;57.5;31.6;6.1;0.4;3.3;9.8
Letcher;Democrat;97.8;0.6;0.7;0.2;0.2;1.1
Levy;Republican;80;9.5;8.1;0.8;0.7;9.6
Lewis;Republican;97.9;0.4;0.7;0.2;0.1;1
Lewis;Republican;92.8;3.3;1.6;0.4;0.4;2.4
Lewis;Republican;93.3;2.2;2.2;0.4;0.6;3.2
Lewis;Republican;95.8;0.9;1.7;0.4;0.4;2.5
Lewis;Republican;96.6;0.6;1;0.2;0.4;1.6
Lewis and Clark;Republican;91.6;0.5;3;2.3;0.7;6
Lexington;Democrat;81.1;9.6;3.8;0.4;3.2;7.4
Lexington;Republican;75.7;15.2;5.8;0.6;1.7;8.1
Liberty;Democrat;71.4;19.7;6.6;1.3;0.4;8.3
Liberty;Democrat;42.2;40.8;12.1;1.4;2.4;15.9
Liberty;Republican;66.5;10.9;20.7;1.1;0.7;22.5
Limestone;Republican;77.2;13.5;5.8;1;1.4;8.2
Limestone;Republican;59.6;18.1;20.8;1.2;0.6;22.6
Lincoln;Democrat;92.6;0.8;4.5;1.2;0.4;6.1
Lincoln;Democrat;98.1;0.3;0.7;0.1;0.1;0.9
Lincoln;Democrat;83.3;0.7;8.5;4.2;1.3;14
Lincoln;Democrat;92.6;0.8;4.5;1.2;0.4;6.1
Lincoln;Democrat;78.4;5.6;13.4;1.2;1;15.6
Lincoln;Democrat;64.8;30.3;3.6;0.4;0.3;4.3
Lincoln;Democrat;94.4;2.4;1.5;0.2;0.2;1.9
Lincoln;Democrat;53;41.6;2.7;0.5;1.7;4.9
Lincoln;Republican;91.6;0.4;3.1;2;0.7;5.8
Lincoln;Republican;63.7;1;31.5;4;0.5;36
Lincoln;Republican;95.3;1.4;1.5;0.5;0.6;2.6
Lincoln;Republican;93.3;0.4;2.8;1.3;0.4;4.5
Lincoln;Republican;88.4;1;8.3;1;0.9;10.2
Lincoln;Republican;93.4;2;2.2;0.5;0.6;3.3
Lincoln;Republican;83.2;1.9;3.1;7;0.3;10.4
Linn;Democrat;88.1;4.5;2.9;0.4;2.2;5.5
Linn;Republican;95.6;0.8;1.9;0.3;0.3;2.5
Linn;Republican;86.2;0.7;8.4;1.7;1.1;11.2
Lipscomb;Republican;64.5;1.8;31.6;2.3;0.5;34.4
Little River;Democrat;73.3;19.7;3.1;1.9;0.4;5.4
Livingston;Democrat;96.1;0.6;1.5;0.5;0.5;2.5
Livingston;Republican;88.2;5.5;4.5;0.3;0.7;5.5
Logan;Democrat;88.4;6.7;2.8;0.5;0.3;3.6
Logan;Democrat;95.9;2;0.9;0.1;0.3;1.3
Logan;Democrat;76.9;4.3;16.1;1.7;0.9;18.7
Logan;Republican;95.5;0.1;2.1;1.5;0.1;3.7
Logan;Republican;91.4;1.5;2.7;1.2;1.9;5.8
Logan;Republican;93.9;1.8;1.4;0.3;0.7;2.4
Logan;Republican;77.8;9;5.6;3.6;0.7;9.9
Long;Republican;59.1;25.6;11.8;1.3;1.2;14.3
Lonoke;Republican;86.8;6.2;4;0.8;0.9;5.7
Lorain;Republican;79.2;8.9;9.2;0.5;1.2;10.9
Los Alamos;Democrat;73.6;0.7;16.7;1.4;6.4;24.5
Los Angeles;Democrat;26.8;9.2;48.4;1.9;14.8;65.1
Loudoun;Democrat;58.8;7.8;13.4;0.6;17.3;31.3
Louisa;Republican;79.8;1;16.2;0.7;2.1;19
Loup;Republican;97.1;0.5;2.2;0.2;0;2.4
Love;Democrat;72.3;2.1;14.6;7.5;0.7;22.8
Loving;Republican;75.6;0;20.9;3.5;0;24.4
Lowndes;Democrat;25.3;72.9;1.2;0.3;0.2;1.7
Lowndes;Democrat;52.5;44;1.9;0.3;0.7;2.9
Lucas;Democrat;69.9;19.7;6.7;0.5;1.8;9
Lumpkin;Republican;90.5;1.9;4.9;0.8;0.7;6.4
Luna;Republican;32;1.7;64.9;2.5;0.8;68.2
Lunenburg;Democrat;60.2;34;4.2;0.6;0.3;5.1
Luzerne;Republican;85.1;4.9;9.1;0.5;1.2;10.8
Lycoming;Republican;90.9;4.7;2;0.3;0.6;2.9
Lyman;Republican;57.5;0.5;2.3;38.3;0.3;40.9
Lynn;Republican;48.8;2.5;47.7;1.9;0.3;49.9
Lyon;Democrat;91;5.7;1.6;0.2;0.3;2.1
Mackinac;Republican;74.2;1.6;1.6;17.4;0.4;19.4
Macomb;Republican;80.8;11;2.5;0.3;3.6;6.4
Macon;Democrat;34;59.8;4.1;0.6;1.6;6.3
Macon;Democrat;16.2;81.5;1.5;0.2;0.3;2
Macon;Republican;92.6;0.8;5;0.7;0.7;6.4
Macon;Republican;89.7;1.8;6.6;0.7;0.8;8.1
Macon;Republican;77.2;17.1;2.1;0.3;1.2;3.6
Macoupin;Democrat;96.3;1.1;1;0.3;0.4;1.7
Madison;Democrat;93.6;1.8;2.7;0.5;0.5;3.7
Madison;Democrat;90;4.7;2.3;0.4;1.1;3.8
Madison;Democrat;85.7;8.3;3.1;0.4;0.9;4.4
Madison;Democrat;35;62.1;1.7;0.3;0.3;2.3
Madison;Democrat;90.4;0.4;5.4;2.1;0.8;8.3
Madison;Democrat;54.5;38.9;5;0.6;0.4;6
Madison;Democrat;56.8;37.3;3.6;0.3;1.1;5
Madison;Republican;95.3;0.5;2.1;0.4;1;3.5
Madison;Republican;81.3;1.7;14.2;2;0.9;17.1
Madison;Republican;55.9;38.3;2.8;0.5;2.4;5.7
Madison;Republican;65.5;24.6;4.7;0.9;2.6;8.2
Madison;Republican;89;6.6;1.7;0.3;1;3
Madison;Republican;96.4;0.5;1.5;0.4;0.5;2.4
Madison;Republican;56;20.3;22.2;1.1;0.8;24.1
Magoffin;Democrat;97.9;0.3;0.8;0.3;0.1;1.2
Mahoning;Democrat;76.8;15.9;5.4;0.3;0.9;6.6
Major;Republican;85.5;0.9;9.1;3.1;0.4;12.6
Malheur;Republican;61.7;1.5;33.1;2.2;1.8;37.1
Manassas;Democrat;43.9;15.1;33.7;1.5;6;41.2
Manassas Park;Democrat;38.3;15;35.5;1.6;10.3;47.4
Manatee;Republican;72.1;9.3;15.7;0.6;2;18.3
Manhattan;Democrat;47.1;18.3;25.9;1.4;12.5;39.8
Manistee;Democrat;89.4;3.3;3;2.3;0.4;5.7
Marengo;Democrat;45.6;51;2.4;0.5;0.3;3.2
Marin;Democrat;72.2;2.9;16;1.4;6.1;23.5
Marinette;Republican;95.7;0.5;1.5;0.7;0.6;2.8
Marion;Democrat;93;3.5;1.2;0.3;0.6;2.1
Marion;Democrat;86.8;8.4;2.4;0.2;0.9;3.5
Marion;Democrat;39.2;56.5;2.7;0.7;0.7;4.1
Marion;Democrat;57.9;27.8;9.8;0.6;2.6;13
Marion;Republican;94.6;0.4;2.3;1;0.3;3.6
Marion;Republican;92;4.1;1.7;0.5;0.5;2.7
Marion;Republican;72.2;13.2;11.9;0.6;1.6;14.1
Marion;Republican;70.7;22.2;4.1;1.1;0.7;5.9
Marion;Republican;94.7;1;1.9;0.2;1.4;3.5
Mariposa;Republican;81.4;1.1;10.3;3.6;1.4;15.3
Marlboro;Democrat;39.9;51;3.2;4.8;0.4;8.4
Marquette;Democrat;92.5;1.7;1.5;1.9;0.6;4
Marquette;Republican;94.4;0.5;2.9;0.7;0.6;4.2
Marshall;Democrat;66.8;1.8;16.2;10.6;0.4;27.2
Marshall;Democrat;73.9;2;19.9;1;2.8;23.7
Marshall;Democrat;96.8;0.4;1.4;0.2;0.4;2
Marshall;Democrat;83.3;1.2;7.3;9.3;0.3;16.9
Marshall;Democrat;48.1;47.6;3.3;0.3;0.3;3.9
Marshall;Republican;88.2;0.9;9.4;0.4;0.7;10.5
Marshall;Republican;82.3;2.7;12.9;1.4;0.7;15
Martin;Democrat;52.2;42.9;3.6;0.6;0.5;4.7
Martin;Republican;88.5;7.2;3.2;0.4;0.2;3.8
Martin;Republican;79.3;5.7;12.9;1.3;1.3;15.5
Martinsville;Democrat;47.6;45.1;4.8;0.4;1;6.2
Mason;Democrat;89.5;6.6;1.5;0.3;0.6;2.4
Mason;Republican;96.6;0.5;1.1;0.3;0.4;1.8
Mason;Republican;91.6;0.9;4.6;1.1;0.6;6.3
Mason;Republican;96.8;0.9;0.6;0.3;0.4;1.3
Massac;Republican;89;5.8;2.6;0.4;0.4;3.4
Matagorda;Republican;45.7;11.5;40.4;1.4;2.2;44
Maui;Democrat;31.3;0.9;11;11.3;28.7;51
Maverick;Democrat;3.1;0.6;95.1;1.5;0.5;97.1
Mayes;Democrat;65.8;0.6;3.2;21.8;0.4;25.4
McClain;Republican;79.8;0.9;7.5;6.9;0.5;14.9
McCone;Republican;95.9;0.6;1.4;0.9;0.2;2.5
McCook;Republican;95.2;0.4;3;0.7;0.2;3.9
McCormick;Democrat;48.7;48.6;1.2;0.3;0.5;2
McCracken;Democrat;83.6;10.9;2.4;0.3;1;3.7
McCreary;Republican;89.9;5.8;2.4;0.9;0.2;3.5
McCulloch;Republican;65.2;2.8;31.1;1;0.6;32.7
McCurtain;Democrat;63.5;8.7;5.5;16.7;0.6;22.8
McDonald;Republican;79;1.6;11.6;4.6;1.4;17.6
McDonough;Republican;88.1;5.4;2.7;0.3;2.2;5.2
McDowell;Democrat;88.9;9;0.6;0.2;0.2;1
McDowell;Republican;88.4;4.1;5.5;0.8;0.9;7.2
McHenry;Republican;82.2;1.4;12.4;0.6;2.8;15.8
McIntosh;Democrat;68.6;3.2;2.5;18.2;0.4;21.1
McKean;Republican;93.7;2.6;2.1;0.3;0.6;3
McKinley;Democrat;9.8;1;14;76.9;0.9;91.8
McLean;Democrat;96.6;0.9;1.3;0.3;0.2;1.8
McMinn;Republican;89.9;4.1;3.3;0.5;0.8;4.6
McMullen;Republican;59.4;1.4;37.8;0.5;0.5;38.8
McPherson;Republican;96.6;0.4;1.6;0;0;1.6
Meade;Democrat;88.3;3.9;4.3;0.9;1;6.2
Meade;Republican;88;1.9;4.1;2.9;0.9;7.9
Meagher;Republican;95.4;0.3;1.8;0.6;0.5;2.9
Mecklenburg;Democrat;60.1;34.9;2.7;0.4;0.9;4
Mecklenburg;Democrat;48.8;32.2;12.7;0.9;5.5;19.1
Medina;Republican;94.2;1.4;1.9;0.2;1.2;3.3
Meigs;Republican;94.6;1.6;1.7;0.9;0.4;3
Meigs;Republican;97;0.9;0.5;0.3;0.2;1
Mendocino;Democrat;66.2;1;24.1;6.6;2.2;32.9
Menifee;Democrat;94.8;2.8;1;0.2;0.2;1.4
Menominee;Democrat;12.1;0.8;5.3;82.2;2.1;89.6
Merced;Democrat;29.5;4.2;57.5;2.9;8.1;68.5
Mercer;Democrat;91.3;3.9;2.5;0.4;0.5;3.4
Mercer;Democrat;51.8;21.2;16.6;0.8;10.4;27.8
Mercer;Republican;90.4;6.3;1;0.2;0.6;1.8
Mercer;Republican;90.6;5.9;1.3;0.2;0.7;2.2
Mercer;Republican;96.2;0.6;2.1;0.1;0.3;2.5
Meriwether;Democrat;56.5;39.4;2.2;0.4;0.7;3.3
Merrick;Republican;93;0.5;4;0.7;1;5.7
Mesa;Democrat;82;1;14.1;1.6;0.9;16.6
Metcalfe;Democrat;95.3;1.9;1.6;0.2;0.2;2
Miami;Republican;89.5;4.8;2.8;0.9;0.4;4.1
Miami;Republican;93;2.2;1.5;0.3;1.4;3.2
Miami-Dade;Democrat;14.8;18.9;66.2;0.3;1.7;68.2
Middlesex;Democrat;45.4;11.2;19.9;0.7;24;44.6
Mifflin;Republican;96.4;0.8;1.3;0.1;0.5;1.9
Milam;Republican;63.2;10;25.5;1.2;0.7;27.4
Millard;Republican;84.1;0.5;12.8;2.2;0.9;15.9
Miller;Republican;68.2;28.1;2;0.6;0.7;3.3
Miller;Republican;69.3;25.1;3.1;0.9;0.6;4.6
Mills;Republican;94.5;0.6;2.6;0.6;0.7;3.9
Milwaukee;Democrat;53;27.2;14.2;0.9;3.9;19
Miner;Democrat;95.6;0.6;2.1;0.5;0.4;3
Mineral;Democrat;92.8;0.4;4.4;0.9;0.4;5.7
Mineral;Republican;91.3;0.5;2.8;1.9;0.8;5.5
Mingo;Democrat;95.9;1.9;0.6;0.1;0.4;1.1
Minnehaha;Democrat;84.2;4.6;4.9;2.8;1.9;9.6
Missaukee;Republican;94.6;0.5;2.6;0.8;0.5;3.9
Mississippi;Democrat;59.4;34.9;4;0.5;0.5;5
Missoula;Democrat;89.7;0.6;3.1;3;1.5;7.6
Mitchell;Democrat;97.2;0.6;1.2;0.1;0.3;1.6
Mitchell;Democrat;46.3;48;4.3;0.6;0.7;5.6
Mitchell;Republican;93.1;0.7;4.6;1;0.5;6.1
Mitchell;Republican;48.5;11.9;39.2;1.6;0.7;41.5
Mobile;Democrat;57.8;35.3;2.8;1.1;2;5.9
Moffat;Democrat;82.2;0.5;14.3;1.6;0.8;16.7
Monmouth;Republican;75.7;7.7;10.5;0.4;5.5;16.4
Mono;Democrat;65.8;0.8;27.9;3.2;1.8;32.9
Monongalia;Democrat;89;3.9;2;0.3;3.2;5.5
Monroe;Democrat;84.5;3.5;3.3;0.4;6.4;10.1
Monroe;Democrat;55.1;40.3;2.2;0.7;0.6;3.5
Monroe;Democrat;97.5;0.5;0.5;0.2;0.1;0.8
Monroe;Democrat;54.7;41.1;1.2;1.3;0.4;2.9
Monroe;Democrat;71.5;16.1;8.1;0.5;3.6;12.2
Monroe;Republican;93.6;2.8;1.2;0.5;0.4;2.1
Monroe;Republican;93.4;2.3;3.1;0.1;0.1;3.3
Monroe;Republican;96.6;0.8;0.8;0.3;0.2;1.3
Monroe;Republican;96.6;0.4;1.6;0.2;0.5;2.3
Monroe;Republican;91.4;1.5;4;1.4;0.8;6.2
Monroe;Republican;91.4;2.4;3.9;0.7;0.5;5.1
Monroe;Republican;68.6;6.6;22.4;0.5;1.3;24.2
Monroe;Republican;91.8;2.4;3.4;0.4;0.7;4.5
Monroe;Republican;68.2;15.1;14.6;0.6;2.4;17.6
Montcalm;Republican;92.1;2.4;3.4;0.7;0.5;4.6
Monterey;Democrat;31.2;3.5;57.4;3.3;6.9;67.6
Montezuma;Democrat;73.2;0.5;12.2;13.1;0.9;26.2
Montgomery;Democrat;94.5;0.4;3.5;0.5;0.4;4.4
Montgomery;Democrat;93.1;3;2.6;0.2;0.4;3.2
Montgomery;Democrat;84.7;4.2;3;0.4;5.9;9.3
Montgomery;Democrat;52.4;45.5;1.2;0.2;0.3;1.7
Montgomery;Democrat;36.3;56.7;3.4;0.4;2.6;6.4
Montgomery;Democrat;77.1;9.4;4.8;0.3;7.4;12.5
Montgomery;Democrat;46;18.8;18.7;0.8;15.2;34.7
Montgomery;Republican;92.3;0.6;3.6;1.3;0.7;5.6
Montgomery;Republican;66.5;26.8;6;0.1;0.4;6.5
Montgomery;Republican;63.7;19;15.2;1;1.5;17.7
Montgomery;Republican;83.2;2.7;12.6;0.6;0.8;14
Montgomery;Republican;93.6;3.4;1.7;0.2;0.4;2.3
Montgomery;Republican;64.9;19.7;9.6;1.2;2.5;13.3
Montgomery;Republican;68.6;4.9;22.5;1.1;2.7;26.3
Montmorency;Republican;96.2;0.4;1.3;0.6;0.2;2.1
Montrose;Democrat;76.5;0.7;20.2;2.1;0.8;23.1
Moody;Democrat;78.8;0.9;3.7;13.4;1.3;18.4
Moore;Republican;77.3;13;6.3;1.2;1.2;8.7
Mora;Democrat;17.7;1;80.6;3.3;0.5;84.4
Morehouse;Democrat;49.6;47.9;1.2;0.3;0.5;2
Morgan;Democrat;60.1;3.1;35.3;1.9;0.7;37.9
Morgan;Democrat;93.5;4.3;0.8;0.3;0.4;1.5
Morgan;Republican;92.5;3;0.8;0.5;0.1;1.4
Morgan;Republican;71.7;23.2;3;0.7;0.8;4.5
Morgan;Republican;96.3;0.5;1.4;0.3;0.6;2.3
Morrill;Republican;82.4;0.3;15;1.7;0.6;17.3
Morrow;Republican;60.6;0.9;35.1;2.1;0.7;37.9
Morrow;Republican;96.1;0.6;1.4;0.2;0.4;2
Muhlenberg;Democrat;92.2;5;1.4;0.2;0.3;1.9
Multnomah;Democrat;71.3;5.7;11.2;2.1;7.2;20.5
Murray;Democrat;73.8;1.7;5.6;13.1;0.4;19.1
Muscatine;Democrat;78.5;2.2;17.2;0.6;1.1;18.9
Muscogee;Democrat;42.4;46.1;7.5;0.7;2.5;10.7
Muskegon;Democrat;76.8;14.4;5.3;1;0.7;7
Muskingum;Republican;91.8;4;1;0.2;0.4;1.6
Muskogee;Democrat;57.3;11;5.7;18.8;0.7;25.2
Nacogdoches;Republican;60.3;18.3;18.5;1;1.7;21.2
Nance;Republican;96.2;0.3;2.3;0.5;0.1;2.9
Napa;Democrat;53.7;2.4;33.7;1.6;8.1;43.4
Nash;Democrat;51.6;39.4;6.6;0.9;1;8.5
Nassau;Democrat;62.3;12.6;16.1;0.6;9.1;25.8
Natchitoches;Democrat;53.3;41.4;2.2;1;0.6;3.8
Natrona;Democrat;86.8;1.7;8.1;1.5;0.9;10.5
Navajo;Democrat;42.2;1.3;11.1;45;0.7;56.8
Navarro;Republican;58;14;25.6;2;0.8;28.4
Nelson;Democrat;81.7;12.5;3.5;0.5;0.6;4.6
Nelson;Democrat;90.6;5.3;2.1;0.3;0.6;3
Nemaha;Republican;94.4;1.1;2.5;0.4;0.5;3.4
Neshoba;Republican;59.1;21.2;2;16.4;0.4;18.8
Nevada;Democrat;85.6;0.6;9.2;1.4;1.4;12
Nevada;Democrat;64.1;30.5;3.3;0.6;0.4;4.3
New Castle;Democrat;59.5;24.9;9.4;0.5;5.2;15.1
New Kent;Republican;79.7;13.7;2.6;1;1.1;4.7
New Madrid;Republican;80.4;15.8;1.6;0.4;0.5;2.5
Newberry;Democrat;60;31.3;7.5;1.1;0.7;9.3
Newport News;Democrat;45.2;41.1;8.5;0.8;3.2;12.5
Newton;Democrat;50;43;4.9;0.5;1.1;6.5
Newton;Republican;62.2;30.3;1.7;4.9;0.4;7
Newton;Republican;92.2;0.7;5.9;0.5;0.3;6.7
Nez Perce;Republican;87.4;0.5;3.7;5.9;0.9;10.5
Niagara;Republican;86.3;7.1;2.6;1.1;1.1;4.8
Nicholas;Democrat;96.1;0.7;2.1;0.2;0.3;2.6
Nicholas;Republican;97;0.3;0.7;0.6;0.4;1.7
Niobrara;Democrat;92.7;1.1;2.6;1.2;0.4;4.2
Noble;Republican;95.2;2.8;0.6;0.4;0.3;1.3
Noble;Republican;82.2;1.8;3.3;9.2;0.5;13
Nolan;Republican;57.7;5.2;36;1;0.7;37.7
Norfolk;Democrat;44;42.7;7.5;0.9;3.7;12.1
Northampton;Democrat;54.1;35.2;8.5;0.5;0.9;9.9
Northampton;Democrat;38.3;58.4;2;0.6;0.3;2.9
Northumberland;Republican;70.2;24.8;3.6;0.3;0.3;4.2
Nottoway;Democrat;55.2;39.4;4;0.8;0.4;5.2
Nowata;Democrat;67.3;2.3;2.7;19.1;0.1;21.9
Noxubee;Democrat;26.2;71.7;1.1;0.2;0.3;1.6
Nuckolls;Republican;95.8;0.2;2.5;0.4;0.2;3.1
Nueces;Democrat;30.9;4.4;62.4;0.9;2;65.3
Oakland;Democrat;73.3;14.5;3.8;0.3;6.5;10.6
Obion;Republican;83.7;10.8;3.8;0.3;0.4;4.5
Ocean;Republican;85;3.5;8.9;0.3;2;11.2
Ochiltree;Republican;45.8;1;51.5;1.4;0.8;53.7
Oconee;Republican;84.9;5.4;4.6;0.3;3.9;8.8
Oconee;Republican;85.2;7.8;4.8;0.3;0.8;5.9
Oglala Lakota;Democrat;5.2;0.2;3.7;92.2;0.1;96
Ohio;Democrat;94.5;1;3.3;0.4;0.3;4
Ohio;Republican;97.1;0.5;1.2;0.2;0.4;1.8
Ohio;Republican;92.4;3.7;1.1;0.2;0.9;2.2
Okaloosa;Republican;74.7;10.1;8.5;1;3.2;12.7
Okeechobee;Republican;63.6;8.8;25.3;1.5;1;27.8
Okfuskee;Democrat;61.8;8;4;20.7;0.2;24.9
Oklahoma;Democrat;57.7;15.7;16.2;4.3;3.4;23.9
Okmulgee;Democrat;63.5;8.6;3.7;16.8;0.4;20.9
Oktibbeha;Democrat;56.8;37.2;1.7;0.3;3.2;5.2
Oldham;Democrat;88.7;4.4;3.8;0.6;1.6;6
Oneida;Republican;83;6.8;5.3;0.4;3.7;9.4
Oneida;Republican;93.7;0.3;4.1;0.6;0.6;5.3
Onondaga;Democrat;77.8;11.7;4.6;0.9;3.6;9.1
Ontario;Republican;90.6;2.6;4.3;0.3;1.2;5.8
Orange;Democrat;69.6;12.2;8.4;0.7;7.7;16.8
Orange;Democrat;43.3;22.2;29.2;0.8;5.6;35.6
Orange;Republican;79;13.2;4.3;0.5;1.1;5.9
Orange;Republican;66.1;11.8;19.4;0.9;2.8;23.1
Orangeburg;Democrat;33.6;62.2;2.1;0.6;1;3.7
Orleans;Democrat;31.2;59.8;5.5;0.5;3;9
Osage;Democrat;64.2;11.3;3.3;14.7;0.3;18.3
Osage;Republican;97.9;0.3;0.7;0.4;0.2;1.3
Osceola;Democrat;36.1;13.4;49.7;1;3;53.7
Osceola;Republican;95.2;0.8;1.6;0.6;0.3;2.5
Osceola;Republican;91.3;0.4;6.8;0.5;0.6;7.9
Oscoda;Republican;96.1;0.3;1.4;0.9;0.1;2.4
Oswego;Republican;94.4;1.1;2.3;0.5;0.7;3.5
Otero;Democrat;55.4;1.2;41;3.8;0.9;45.7
Otero;Republican;50.8;4.2;36.5;7.6;1.5;45.6
Otsego;Democrat;91.7;2.2;3.5;0.3;1.4;5.2
Ottawa;Democrat;66;1.2;5.3;20.6;0.7;26.6
Ottawa;Republican;92.5;1;4.9;0.2;0.4;5.5
Ouachita;Democrat;55.4;40.3;2.2;0.5;0.5;3.2
Ouachita;Democrat;58.5;37.3;2.2;0.3;1;3.5
Ouray;Democrat;91.9;0.2;5.5;0.6;0.6;6.7
Overton;Republican;96.2;0.7;1.3;0.4;0.3;2
Owen;Democrat;95.3;1;2.4;0.3;0.2;2.9
Owsley;Republican;97.4;0.5;1;0.3;0.1;1.4
Owyhee;Republican;68.2;0.8;26.5;4.7;0.7;31.9
Ozaukee;Republican;92.4;1.5;2.7;0.3;2.2;5.2
Page;Republican;94.4;2.2;1.9;0.2;0.4;2.5
Palm Beach;Democrat;57.3;18.8;20.7;0.7;2.7;24.1
Palo Alto;Democrat;95.2;0.9;2.1;0.5;0.5;3.1
Palo Pinto;Republican;75.5;2.5;19.8;1.1;0.7;21.6
Panola;Democrat;47.5;49.7;1.8;0.3;0.2;2.3
Park;Democrat;90.4;1.1;5.8;1;0.8;7.6
Park;Democrat;89.5;0.6;6.2;1.3;1.1;8.6
Pasquotank;Democrat;54.9;37.3;4.7;0.6;1.5;6.8
Passaic;Democrat;42.9;14.8;39.6;1.7;5.7;47
Patrick;Republican;89.9;5.8;2.8;0.5;0.3;3.6
Paulding;Republican;73.8;18;5.7;0.5;1.1;7.3
Pawnee;Democrat;77.3;0.9;2.7;13.3;0.4;16.4
Payette;Republican;79.2;0.4;16.7;1.7;1;19.4
Payne;Democrat;77.3;3.9;4.5;5.4;4.5;14.4
Peach;Democrat;45.3;45.1;7.3;0.6;1;8.9
Pearl River;Republican;81.7;12.8;3;0.7;0.5;4.2
Pecos;Democrat;26.5;4.4;67.6;1.2;1.2;70
Pend Oreille;Republican;88.8;0.7;3.6;4.1;0.7;8.4
Pendleton;Democrat;96.9;0.6;1.2;0.3;0.2;1.7
Peoria;Democrat;71.2;18.1;4.6;0.4;3.7;8.7
Perquimans;Republican;71.4;24.4;2.3;0.4;0.5;3.2
Perry;Democrat;95.7;1.7;0.8;0.2;0.5;1.5
Perry;Democrat;92.4;2.2;2.8;0.8;0.2;3.8
Perry;Democrat;30.3;67.5;1.3;0.3;0.4;2
Perry;Republican;92.8;2.4;2.2;0.8;0.3;3.3
Perry;Republican;76.9;20.2;1.3;0.4;0.2;1.9
Perry;Republican;86.1;8.8;3.1;0.5;0.5;4.1
Perry;Republican;95.5;0.6;2.1;0.6;0.6;3.3
Perry;Republican;97;0.5;0.8;0.3;0.1;1.2
Perry;Republican;95.9;0.8;1.7;0.3;0.5;2.5
Person;Democrat;66.4;27.3;4.2;0.9;0.5;5.6
Petersburg;Democrat;15.9;77.6;4.4;0.6;1.2;6.2
Phelps;Republican;92.7;0.5;5.3;0.5;0.4;6.2
Philadelphia;Democrat;35.8;44.1;13.6;0.9;7.2;21.7
Phillips;Democrat;76.6;1;20.6;0.9;0.6;22.1
Phillips;Democrat;35.6;61.6;1.7;0.4;0.4;2.5
Piatt;Republican;96.7;0.6;1.1;0.2;0.5;1.8
Pickaway;Republican;93;3.7;1.3;0.3;0.4;2
Pickens;Democrat;54.7;40.2;4.1;0.6;0.3;5
Pickens;Republican;86.4;6.9;3.4;0.3;1.9;5.6
Pickett;Republican;97.3;0.2;1.5;0.4;0.1;2
Pierce;Democrat;95;0.6;1.9;0.5;0.9;3.3
Pierce;Republican;97;0.4;1.6;0.3;0.2;2.1
Pike;Democrat;97.1;0.8;0.8;0.1;0.6;1.5
Pike;Democrat;44.9;52.5;1.3;0.3;0.6;2.2
Pike;Republican;96.9;0.6;1.3;0.3;0.2;1.8
Pike;Republican;95.5;1.1;0.9;0.7;0.3;1.9
Pike;Republican;86;10.5;1.6;0.3;0.5;2.4
Pike;Republican;57.1;36.9;2.2;0.8;2.2;5.2
Pike;Republican;81.6;6.3;10.2;0.5;1.2;11.9
Pima;Democrat;53.3;4.1;36.1;4.5;3.1;43.7
Pinal;Republican;57.9;4.9;29.2;7.2;1.9;38.3
Pinellas;Democrat;75.4;10.9;8.8;0.5;3.4;12.7
Pitkin;Democrat;86.5;0.8;9.9;0.6;1.4;11.9
Pitt;Democrat;56.2;34.8;5.9;0.6;1.9;8.4
Pittsburg;Democrat;70.2;3.6;4.6;14.7;0.5;19.8
Pittsylvania;Republican;74.2;21.7;2.4;0.3;0.5;3.2
Piute;Republican;90.2;0.2;7.7;1.1;0.5;9.3
Placer;Republican;74.2;1.7;13.5;1.3;7.1;21.9
Platte;Democrat;88.9;0.7;8.1;1;0.5;9.6
Platte;Republican;82.5;6.4;5.7;1.1;2.7;9.5
Pleasants;Republican;96.2;1.5;0.9;0.2;0.1;1.2
Plumas;Republican;84;1.2;8.4;3.3;1.1;12.8
Pocahontas;Democrat;94;0.9;3.4;0.7;0.2;4.3
Pointe Coupee;Democrat;60.6;35.6;2.5;0.3;0.4;3.2
Polk;Democrat;79.2;6.7;8;0.5;4.2;12.7
Polk;Republican;94.8;0.2;3.8;0.3;0.2;4.3
Polk;Republican;95.7;0.7;1.7;0.6;0.3;2.6
Polk;Republican;88.1;4.5;5.6;0.6;0.6;6.8
Polk;Republican;88.6;0.5;6.4;2;0.6;9
Polk;Republican;95.4;0.4;1.7;1.1;0.5;3.3
Polk;Republican;79.5;0.8;13;2.8;2;17.8
Polk;Republican;62.1;15.7;19.6;0.7;1.9;22.2
Pontotoc;Democrat;67.4;2.5;4.8;18.2;0.8;23.8
Pope;Republican;89.6;6.7;1.9;0.7;0.3;2.9
Poquoson;Republican;92.4;1.2;2.3;0.4;2.4;5.1
Portage;Democrat;91.9;0.8;3;0.5;2.9;6.4
Portage;Republican;90.2;4.5;1.6;0.2;1.9;3.7
Portsmouth;Democrat;39.3;53.4;4;0.6;1.4;6
Pottawatomie;Democrat;73.2;3.2;4.9;13.3;0.7;18.9
Pottawattamie;Democrat;88.7;1.6;7.2;0.8;0.8;8.8
Potter;Republican;46.3;10.6;37.4;1.4;4.8;43.6
Powder River;Republican;94.2;0.1;2;1.9;0.2;4.1
Powell;Democrat;96.8;0.8;1.3;0.1;0.2;1.6
Powell;Republican;90.4;1.1;2.3;4.6;0.5;7.4
Poweshiek;Democrat;92.2;1.4;3;0.4;1.8;5.2
Prairie;Democrat;85.7;11.7;1.2;0.4;0.1;1.7
Prairie;Republican;92.7;0.3;2.1;0.4;0.9;3.4
Preble;Republican;96.6;0.6;0.7;0.3;0.7;1.7
Presidio;Democrat;14;1.5;82.7;1.6;1.6;85.9
Preston;Republican;96.5;1.3;0.9;0.2;0.2;1.3
Prince Edward;Democrat;62.4;32.6;2.5;0.4;1.2;4.1
Prince George;Democrat;56.3;32.2;7.6;1.2;1.8;10.6
Prince George's;Democrat;14.2;64.7;16.9;1.2;4.6;22.7
Prince William;Democrat;45.7;21.5;22;1.3;8.4;31.7
Prowers;Democrat;61;0.8;36.4;1.8;0.4;38.6
Pueblo;Democrat;52.9;2.5;42.5;3.2;1;46.7
Pulaski;Democrat;54;36;6;0.6;2.2;8.8
Pulaski;Republican;62.7;31.7;3.5;0.5;1.1;5.1
Pulaski;Republican;91.1;5.3;1.5;0.2;0.6;2.3
Pulaski;Republican;94.6;1.3;2.4;0.3;0.5;3.2
Pushmataha;Democrat;73.2;1;3.2;17.4;0.3;20.9
Putnam;Democrat;93.1;0.9;4.7;0.3;0.3;5.3
Putnam;Republican;65;27.3;6.6;0.7;0.6;7.9
Putnam;Republican;89.1;2.4;5.8;0.9;1.3;8
Putnam;Republican;80.8;3.2;13;0.4;2.4;15.8
Putnam;Republican;92.7;0.6;5.9;0.3;0.3;6.5
Queens;Democrat;26.2;20.8;28;1.5;25.8;55.3
Quitman;Democrat;50.4;47.5;1.4;0.3;0.2;1.9
Quitman;Democrat;28.4;69.1;1;0.2;0.3;1.5
Racine;Republican;73.1;11.7;12.5;0.7;1.3;14.5
Radford;Democrat;83.2;9.1;3.2;0.3;2.4;5.9
Raleigh;Republican;87.6;8.2;1.5;0.3;1;2.8
Randall;Republican;74.3;3.2;19.5;1;1.7;22.2
Randolph;Democrat;96.1;1.5;0.8;0.3;0.3;1.4
Randolph;Democrat;36.3;60.9;2.1;0.2;0.5;2.8
Randolph;Republican;95.2;0.9;1.9;0.5;0.4;2.8
Randolph;Republican;89.3;5.9;1.9;0.4;0.6;2.9
Randolph;Republican;85.8;10.1;2.8;0.3;0.4;3.5
Randolph;Republican;75;20.2;2.9;0.6;0.3;3.8
Randolph;Republican;94.5;0.7;3.2;0.4;0.3;3.9
Randolph;Republican;80.1;6.3;11.1;1.1;1.2;13.4
Rapides;Democrat;61.6;32;2.8;0.9;1.5;5.2
Rappahannock;Republican;89.2;4.6;3.4;0.3;0.8;4.5
Ravalli;Republican;92.9;0.5;3.3;1.2;0.7;5.2
Red River;Democrat;57.6;39.5;1.6;0.5;0.2;2.3
Red Willow;Republican;92;0.9;5.1;0.8;0.5;6.4
Reeves;Democrat;19.1;5.5;74.4;1;1.1;76.5
Refugio;Democrat;42.5;6.7;49.8;1;0.8;51.6
Rensselaer;Democrat;84.3;7.3;4.5;0.3;2.5;7.3
Richardson;Republican;92.5;0.3;1.9;3.3;0.4;5.6
Richland;Democrat;95.2;0.6;2.4;0.4;0.6;3.4
Richland;Democrat;61;35.6;2.1;0.4;0.3;2.8
Richland;Democrat;44.1;46.9;5.1;0.6;2.7;8.4
Richland;Republican;95.9;0.6;1.5;0.2;0.8;2.5
Richmond;Democrat;61.3;30;6.5;0.4;0.7;7.6
Richmond;Democrat;57.6;31.4;6.4;3.2;1;10.6
Richmond;Democrat;36.4;55.5;4.6;0.7;1.8;7.1
Richmond City;Democrat;40.2;49.7;6.6;0.8;2.4;9.8
Ringgold;Democrat;96.4;0.4;2;0.4;0.4;2.8
Rio Arriba;Democrat;13.1;0.9;71.6;18.3;0.7;90.6
Rio Blanco;Democrat;84.1;1.1;11.1;1.6;0.5;13.2
Rio Grande;Democrat;53;0.7;44.2;3.3;0.5;48
Ripley;Republican;95.4;0.7;1.2;0.9;0.4;2.5
Ritchie;Republican;97.7;0.4;0.7;0.2;0.2;1.1
Roane;Republican;97.1;0.4;0.9;0.2;0.3;1.4
Roanoke;Republican;86.8;5.8;2.7;0.2;3.2;6.1
Roanoke City;Democrat;60.7;29;5.9;0.5;2.3;8.7
Roberts;Democrat;58.3;0.6;2.4;36.6;0.3;39.3
Roberts;Republican;86.4;0.5;10.9;0.3;0.2;11.4
Robertson;Democrat;97.5;0.3;1;0.3;0.1;1.4
Robeson;Democrat;26.6;24.7;8.1;39.8;0.8;48.7
Rock;Democrat;83.6;5.1;8.2;0.6;1.2;10
Rock Island;Democrat;73.7;9.8;12.4;0.7;2.3;15.4
Rockcastle;Republican;97.6;0.4;0.8;0.3;0.1;1.2
Rockdale;Democrat;36.4;51;10;0.6;1.9;12.5
Rockingham;Republican;90.1;2.1;6;0.6;0.7;7.3
Rockingham;Republican;72.9;19;5.9;0.6;0.6;7.1
Rockland;Democrat;63.4;13.1;17.1;0.6;6.7;24.4
Roger Mills;Democrat;84.4;0.6;6.9;6.7;0.5;14.1
Roosevelt;Republican;37.3;0.3;2.5;58;0.4;60.9
Roosevelt;Republican;54;2.5;40;2.5;1.6;44.1
Routt;Democrat;90.1;0.6;7;0.7;0.8;8.5
Rowan;Democrat;94.6;1.9;1.5;0.2;0.8;2.5
Runnels;Republican;62.3;2.6;33.9;1.7;0.7;36.3
Rush;Republican;96.2;1;1.4;0.2;0.4;2
Rusk;Republican;64.3;17.7;16.1;1.1;0.7;17.9
Russell;Democrat;49.5;42.9;5;0.8;0.8;6.6
Russell;Republican;96.9;1;1.1;0.2;0.2;1.5
Rutherford;Republican;73.6;14;7.2;0.6;3.3;11.1
Sac;Republican;95.7;0.3;2.8;0.3;0.4;3.5
Sacramento;Democrat;46.6;10.9;22.5;2.7;15.8;41
Saginaw;Democrat;70;19.4;8.1;0.6;1.3;10
Saguache;Democrat;57.4;0.8;38.3;3;0.9;42.2
Saint Francis;Democrat;41.1;52.7;4.4;0.7;0.6;5.7
Saint Lawrence;Democrat;92.2;2.5;2.2;1.1;1.2;4.5
Salem;Republican;86;7.3;3.2;0.3;1.9;5.4
Saline;Republican;86.6;6.6;4.2;0.7;1.1;6
Salt Lake;Democrat;72.6;2;17.8;2.9;3.9;24.6
Saluda;Republican;58;26.2;14.9;2.5;0.3;17.7
Sampson;Democrat;52.2;27;18.4;3.4;0.6;22.4
San Benito;Democrat;36;1.3;58.3;3.5;3.5;65.3
San Bernardino;Democrat;30.6;9.5;51.7;2.5;7.3;61.5
San Diego;Democrat;46.7;5.6;33.2;1.9;11.9;47
San Francisco;Democrat;41.2;5.8;15.3;1.3;34.9;51.5
San Joaquin;Democrat;34;8.1;40.5;2.7;15.9;59.1
San Juan;Democrat;82.1;0.1;14.2;1;1.3;16.5
San Juan;Republican;40.6;0.9;19.5;38.9;0.6;59
San Juan;Republican;46.6;0.4;5.1;46.7;0.7;52.5
San Mateo;Democrat;40.4;3;25.3;2.5;27.7;55.5
San Miguel;Democrat;87.1;0.7;9.6;1.5;0.9;12
San Miguel;Democrat;19;1.9;77.2;3.3;1.1;81.6
San Saba;Republican;67.1;2.5;29.1;1.3;0.3;30.7
Sanborn;Republican;95.4;0.1;2.4;0.4;0.2;3
Sandoval;Democrat;45.3;2.6;37.4;13.9;1.6;52.9
Sanpete;Republican;85.9;1;9.7;2.3;0.8;12.8
Santa Barbara;Democrat;45.9;2.4;44.4;2.4;5.7;52.5
Santa Clara;Democrat;33.3;2.9;26.6;1.8;34.9;63.3
Santa Cruz;Democrat;58.2;1.4;33.2;2;4.8;40
Santa Cruz;Democrat;15.6;0.9;82.8;1.4;0.7;84.9
Santa Fe;Democrat;43.1;1.2;51.3;4.3;1.4;57
Santa Rosa;Republican;82.8;6.6;5.2;1.1;2.2;8.5
Sarasota;Republican;83.7;5;8.7;0.4;1.6;10.7
Saratoga;Republican;91.4;1.8;2.9;0.2;2.4;5.5
Sauk;Democrat;91.5;0.8;4.9;1.4;0.8;7.1
Saunders;Republican;95.7;0.5;2.2;0.4;0.4;3
Sawyer;Republican;77.4;0.6;2.1;17.2;0.4;19.7
Schenectady;Democrat;75.4;11.3;6.6;0.9;4.5;12
Schleicher;Republican;45.4;1.8;52.2;0.6;0.5;53.3
Schley;Republican;73;21.5;4.4;0.1;0.8;5.3
Schuyler;Republican;97.5;0.2;1.1;0.2;0.2;1.5
Schuyler;Republican;95.3;1.2;1.7;0.3;0.4;2.4
Schuylkill;Republican;91.9;3.3;3.6;0.2;0.6;4.4
Scioto;Republican;93.6;2.7;1.2;0.5;0.4;2.1
Scotland;Democrat;44.6;39.2;2.9;11.4;0.8;15.1
Scotland;Republican;97.7;0.1;0.9;0.3;0.2;1.4
Scott;Democrat;81.3;7.5;6.3;0.5;2.5;9.3
Scott;Democrat;50.5;38.1;10.7;1.2;0.5;12.4
Scott;Democrat;87.3;5.8;4.2;0.3;1.1;5.6
Scott;Republican;97;0.5;1.2;0.2;0.2;1.6
Scott;Republican;84.3;0.7;7.6;2.3;3.8;13.7
Scotts Bluff;Republican;73.6;0.9;22.7;3.1;0.8;26.6
Scurry;Republican;54.5;5.1;39.3;1.3;0.8;41.4
Searcy;Republican;93.7;0.3;2.1;1.4;0.2;3.7
Sebastian;Republican;71.1;6.8;13.4;2.6;4.5;20.5
Sedgwick;Democrat;82.1;0.5;15.1;1;1.4;17.5
Seminole;Democrat;65.6;4.6;4.5;19.2;0.4;24.1
Seminole;Republican;63.6;12.2;19.2;0.5;4.1;23.8
Seneca;Republican;89.5;5.4;3.1;0.4;0.8;4.3
Sequoyah;Democrat;64.2;2;3.8;21.4;0.6;25.8
Sevier;Republican;58.6;4.5;32.7;3.6;0.5;36.8
Sevier;Republican;90.8;1.2;5.6;0.5;1.2;7.3
Sevier;Republican;92.3;0.3;4.9;1.7;0.4;7
Seward;Republican;95.3;0.5;2.3;0.4;0.5;3.2
Shackelford;Republican;85.5;1.4;11.5;0.7;0.4;12.6
Sharkey;Democrat;28.1;69.6;1.7;0.2;0.3;2.2
Sharp;Republican;94;0.8;2.1;1;0.4;3.5
Shawano;Republican;87.3;0.4;2.6;8;0.5;11.1
Shelby;Democrat;95.6;0.5;2.3;0.5;0.4;3.2
Shelby;Democrat;81;7.7;8.7;0.7;1;10.4
Shelby;Democrat;37.2;53.3;6;0.5;2.6;9.1
Shelby;Republican;93;1.2;3.9;0.5;0.8;5.2
Shelby;Republican;97.4;0.4;1;0.2;0.3;1.5
Shenandoah;Republican;88.8;2.4;6.8;0.4;0.8;8
Sheridan;Democrat;91.6;1;4.2;1.5;0.9;6.6
Sheridan;Democrat;91.6;1;4.2;1.5;0.9;6.6
Sheridan;Republican;82.7;0.4;4.6;10.5;0.3;15.4
Shiawassee;Democrat;94.3;0.7;2.9;0.7;0.5;4.1
Sierra;Republican;86.2;0.4;9.7;2;0.5;12.2
Silver Bow;Democrat;91.1;0.5;4.2;2.2;0.7;7.1
Simpson;Democrat;85.3;9.7;2;0.3;1;3.3
Siskiyou;Republican;77.5;1.4;11.9;5;1.3;18.2
Skagit;Republican;75.4;0.9;17.8;3;2.2;23
Smith;Republican;93.4;2.1;2.6;0.5;0.3;3.4
Snohomish;Republican;72.1;3.1;9.7;2.1;10.2;22
Snyder;Republican;95.2;1.2;2.2;0.3;0.7;3.2
Socorro;Democrat;35.8;1.3;49.3;13.4;1.5;64.2
Solano;Democrat;39.6;14.8;25.6;2.3;15.6;43.5
Somerset;Democrat;58.7;9.9;14.2;0.4;16.6;31.2
Somerset;Republican;94.8;2.8;1.4;0.1;0.3;1.8
Somervell;Republican;76.8;1.2;19.4;1.3;1;21.7
Sonoma;Democrat;64.6;1.9;26.1;2.6;4.3;33
Southampton;Democrat;60.7;36.1;1.3;0.4;0.3;2
Spalding;Republican;60;33.2;4.5;0.5;0.9;5.9
Spartanburg;Republican;69;21;6.4;0.5;2.3;9.2
Spencer;Democrat;94.6;1.8;1.8;0.5;0.4;2.7
Spencer;Republican;95.2;0.8;2.8;0.3;0.4;3.5
St. Bernard;Democrat;64;22.3;9.6;0.9;2.4;12.9
St. Charles;Democrat;65.6;26.6;5.9;0.4;1;7.3
St. Clair;Democrat;62.5;30.2;3.8;0.4;1.4;5.6
St. Clair;Republican;94.4;0.7;2.3;0.8;0.2;3.3
St. Clair;Republican;85.9;9.5;2.3;0.5;0.8;3.6
St. Clair;Republican;91.6;2.6;3.2;0.5;0.6;4.3
St. Francois;Republican;92.3;4.5;1.4;0.5;0.4;2.3
St. Helena;Democrat;44.4;53;1.6;0.4;0.1;2.1
St. James;Democrat;48.2;49.1;1.7;0.2;0.3;2.2
St. John the Baptist;Democrat;37.6;55.4;5.4;0.6;0.8;6.8
St. Joseph;Republican;87.1;2.8;7.2;0.6;0.8;8.6
St. Landry;Democrat;55.1;41.3;1.9;0.4;0.5;2.8
St. Louis City;Democrat;43.6;47.5;3.8;0.3;3.2;7.3
St. Louis County;Democrat;67.6;23.9;2.7;0.2;4;6.9
St. Martin;Democrat;64.8;30.5;2.5;0.5;0.9;3.9
St. Mary;Democrat;56.5;32.6;6.4;2;1.8;10.2
St. Tammany;Republican;79.5;12;5.4;0.7;1.4;7.5
Stanislaus;Republican;44.3;3.3;44.1;2.8;5.9;52.8
Stanton;Republican;92.9;0.9;4.8;0.7;0.1;5.6
Starke;Republican;94.5;0.4;3.4;0.5;0.3;4.2
Starr;Democrat;3.8;0.4;95.8;0.3;0.3;96.4
Staunton;Democrat;81.5;12;2.8;0.3;1.2;4.3
Stephens;Republican;73;2.6;22.9;1.1;0.5;24.5
Stephens;Republican;80.9;2.1;7.1;5.7;0.6;13.4
Sterling;Republican;57.8;1.3;38;1.9;0.1;40
Steuben;Republican;93.8;1.6;1.6;0.3;1.5;3.4
Stewart;Democrat;27.6;51.5;24.5;0.6;1;26.1
Stillwater;Republican;93.6;0.3;3.3;1;0.4;4.7
Stokes;Republican;91.4;4.2;2.9;0.5;0.4;3.8
Story;Democrat;85.5;2.8;3.1;0.3;7;10.4
Sublette;Democrat;87.5;1.3;8.1;1.2;1.3;10.6
Suffolk;Democrat;49.9;42.9;3.7;0.5;1.8;6
Sullivan;Democrat;73.1;9.8;14.9;0.8;1.7;17.4
Sullivan;Republican;79.5;1.7;17.6;1;0.4;19
Sullivan;Republican;93.5;3.2;1.8;0.4;0.4;2.6
Sullivan;Republican;92;4.7;1.8;0.3;0.3;2.4
Summers;Democrat;91.2;5.2;1.8;0.3;0.3;2.4
Summit;Democrat;82.3;1;14.7;1.2;1;16.9
Summit;Democrat;84.7;0.7;11.6;0.8;1.7;14.1
Sumner;Republican;85.7;7.1;4.4;0.5;1.4;6.3
Sumter;Democrat;40;52.8;5.3;0.8;1.4;7.5
Sumter;Democrat;24.8;73.5;1.1;0.1;0.4;1.6
Sumter;Democrat;46.4;47.1;3.8;0.6;1.3;5.7
Sumter;Republican;84.6;8.3;5.6;0.5;0.8;6.9
Sunflower;Democrat;25;73;1.5;0.3;0.4;2.2
Surry;Democrat;52.3;43.8;1.7;0.4;0.4;2.5
Susquehanna;Republican;96.4;0.6;1.8;0.3;0.4;2.5
Sussex;Democrat;38.6;57.5;2.8;0.4;0.5;3.7
Sussex;Republican;75;12.8;9.3;1.3;1.2;11.8
Sutter;Republican;47.8;2.5;29.9;2.7;16.5;49.1
Sutton;Republican;38.1;0.9;60.8;1;0.4;62.2
Swain;Democrat;63.6;1.3;4.7;27.9;0.6;33.2
Sweet Grass;Republican;95.1;0.1;2;0.7;0.5;3.2
Sweetwater;Democrat;79.7;1.5;15.8;1.5;0.9;18.2
Switzerland;Republican;96.2;0.8;1.7;0.3;0.2;2.2
Talbot;Democrat;40.1;56.6;2.1;0.4;0.2;2.7
Talbot;Republican;78.1;13.2;6.3;0.5;1.5;8.3
Taliaferro;Democrat;37.5;56.9;4;0.2;0.8;5
Talladega;Republican;63.4;32.5;2.3;0.4;0.4;3.1
Tallahatchie;Democrat;36.1;56.4;6.2;0.4;0.9;7.5
Tallapoosa;Republican;68.9;27.3;2.3;0.4;0.5;3.2
Tama;Democrat;82.7;0.6;8.4;8.1;0.4;16.9
Tangipahoa;Democrat;63.9;30.2;3.9;0.5;0.8;5.2
Taos;Democrat;36.1;0.8;56.1;7.6;1;64.7
Tate;Republican;64.7;31.3;2.5;0.4;0.3;3.2
Taylor;Democrat;91;0.4;7.5;0.4;0.3;8.2
Taylor;Democrat;90;5.2;2.2;0.3;0.8;3.3
Taylor;Republican;58.4;38.2;2.3;0.1;0.8;3.2
Taylor;Republican;96.3;1.1;0.9;0.3;0.4;1.6
Tazewell;Republican;93.8;3.4;0.9;0.2;0.7;1.8
Tazewell;Republican;94.2;1.3;2.2;0.3;0.9;3.4
Telfair;Republican;49.4;36.6;14.7;0.4;0.8;15.9
Teller;Democrat;89.6;0.7;6.2;1.3;0.9;8.4
Tensas;Democrat;42.3;54.8;1.9;0.1;0.2;2.2
Terrell;Democrat;46;1.9;48.9;2.8;2.4;54.1
Terrell;Democrat;35.6;60.3;2.6;0.8;0.4;3.8
Teton;Democrat;80.9;1.2;15.2;1.1;1.3;17.6
Teton;Republican;94.7;0.1;1.4;1.6;0.2;3.2
Texas;Republican;91.1;3.7;2.2;0.9;0.4;3.5
Texas;Republican;46.7;3.6;45.9;2.3;3.2;51.4
Thomas;Republican;96.8;0.1;1.7;0.4;0.3;2.4
Throckmorton;Republican;85.3;1.1;11.9;0.9;0.4;13.2
Thurston;Republican;38.4;0.6;4.5;56.4;0.3;61.2
Tift;Republican;56.6;30.1;11.3;0.5;1.5;13.3
Tillamook;Democrat;84.7;0.5;10.3;1.9;1;13.2
Tillman;Democrat;60.8;8.7;25.4;4.3;0.4;30.1
Tioga;Republican;95.5;0.9;1.7;0.3;0.7;2.7
Tippah;Republican;77.1;16.7;4.8;0.4;0.2;5.4
Tipton;Republican;95.6;0.5;2.6;0.3;0.5;3.4
Tishomingo;Republican;93.4;2.8;2.6;0.4;0.2;3.2
Todd;Democrat;85.9;8.5;4.1;0.3;0.2;4.6
Todd;Democrat;10.4;0.3;3.7;86.2;0.3;90.2
Tompkins;Democrat;77.9;4.4;4.7;0.5;10.4;15.6
Tooele;Republican;83.7;0.9;11.8;1.8;0.8;14.4
Toole;Republican;88.5;0.8;3;5.6;0.6;9.2
Toombs;Republican;61.1;26;11.2;0.9;0.9;13
Torrance;Republican;53.1;2.2;41.3;4.3;0.5;46.1
Transylvania;Republican;90.3;4.1;3.2;0.4;0.5;4.1
Travis;Democrat;49.7;8.9;33.9;1.4;6.5;41.8
Treasure;Republican;93.1;0.1;2.7;2.2;0.4;5.3
Trempealeau;Democrat;91.3;0.5;6.8;0.7;0.7;8.2
Treutlen;Republican;63.7;32.3;2.9;0.3;0.3;3.5
Trigg;Democrat;88.3;7.7;1.7;0.4;0.4;2.5
Trimble;Democrat;94;1.5;3.5;0.7;0.5;4.7
Tripp;Republican;81.8;0.4;1.7;14;0.5;16.2
Trumbull;Democrat;87.5;8.6;1.6;0.2;0.5;2.3
Tucker;Republican;97.5;0.4;0.8;0.3;0.2;1.3
Tunica;Democrat;20.4;75.6;2.4;0.4;0.9;3.7
Tuolumne;Republican;81.1;2.1;11.5;2.4;1.3;15.2
Turner;Republican;95.5;0.5;2.2;1;0.2;3.4
Tuscaloosa;Democrat;63.2;31;3.3;0.4;1.5;5.2
Tuscarawas;Republican;95.1;0.9;2.4;0.7;0.3;3.4
Twiggs;Democrat;55.7;40.9;1.9;0.4;0.3;2.6
Tyrrell;Democrat;53.3;36.3;6.7;0.8;2.4;9.9
Uinta;Democrat;87.3;0.9;9.2;1.4;0.5;11.1
Uintah;Republican;82;0.6;8;8.2;0.5;16.7
Ulster;Democrat;80.2;6.8;9.8;0.4;2;12.2
Union;Democrat;94.6;1;2.8;0.3;0.6;3.7
Union;Democrat;82.7;13.1;1.8;0.3;0.7;2.8
Union;Democrat;68.7;26.2;4.4;0.6;0.2;5.2
Union;Democrat;65.4;31.7;1.2;0.4;0.3;1.9
Union;Democrat;61.5;32.6;3.6;0.7;0.8;5.1
Union;Democrat;42.3;23.5;30;0.8;5.4;36.2
Union;Republican;54;2;41;3;0.6;44.6
Union;Republican;96.5;0.3;1.5;0.5;0.2;2.2
Union;Republican;91.8;1.1;5.1;0.7;0.4;6.2
Union;Republican;94;0.9;3.1;0.5;0.6;4.2
Union;Republican;84.6;7.7;5.7;0.6;1.6;7.9
Union;Republican;91.1;2.7;1.5;0.2;3.2;4.9
Upson;Republican;67.7;28;2.5;0.4;0.7;3.6
Upton;Republican;43.3;2.7;52.8;2.9;0.4;56.1
Uvalde;Democrat;27.9;1.2;70.2;1.2;0.7;72.1
Val Verde;Democrat;16.8;2;80.4;1.1;0.8;82.3
Valencia;Democrat;34.3;1.7;59.5;5.8;0.9;66.2
Valley;Republican;96.4;0.2;2.2;0.1;0.3;2.6
Valley;Republican;85.4;0.4;2.2;9.5;0.7;12.4
Van Buren;Democrat;81.7;4.2;11.1;1.2;0.5;12.8
Van Buren;Republican;96.9;0.3;1.3;0.2;0.5;2
Van Zandt;Republican;84.4;3.1;10.2;1.1;0.5;11.8
Vance;Democrat;40.9;50.9;7.2;0.7;0.5;8.4
Venango;Republican;96.1;1.2;1.1;0.2;0.4;1.7
Ventura;Democrat;46.6;2.2;42;2.2;7.5;51.7
Vermilion;Republican;79.3;13.5;4.7;0.4;0.8;5.9
Vernon;Democrat;96.5;0.4;1.6;0.2;0.4;2.2
Vernon;Republican;69.8;14.8;9.6;2.2;2;13.8
Vigo;Republican;85.9;7.2;2.6;0.4;2;5
Vilas;Republican;85.4;0.4;1.9;11.3;0.4;13.6
Virginia Beach;Democrat;62.9;20;7.7;0.7;6.8;15.2
Volusia;Republican;73.8;11.1;12.2;0.6;1.9;14.7
Wabash;Republican;94.6;0.8;2.4;0.7;0.5;3.6
Wake;Democrat;61;21.3;10;0.9;6.4;17.3
Walker;Republican;57.1;23.1;17.8;0.9;1.2;19.9
Walla Walla;Republican;72.5;2.1;21.2;1.7;1.7;24.6
Wallowa;Republican;93.5;0.5;2.8;1;0.5;4.3
Walthall;Republican;52.9;43.8;1.8;0.5;0.2;2.5
Walworth;Republican;85.6;1.3;11.1;0.6;1.1;12.8
Wapello;Democrat;85.4;2.2;10;1;0.9;11.9
Ware;Republican;64.3;29.3;3.7;0.6;1.1;5.4
Warren;Democrat;80.3;9.4;5.1;0.5;3.2;8.8
Warren;Democrat;37.6;59.9;1.1;0.4;0.4;1.9
Warren;Democrat;94.9;0.7;2.5;0.4;0.6;3.5
Warren;Democrat;38.4;51.5;4;5.5;0.4;9.9
Warren;Democrat;48.1;48.2;2;0.3;0.9;3.2
Warren;Republican;86.4;3.6;8.3;0.5;0.7;9.5
Warren;Republican;91.9;2.4;3.2;0.6;0.6;4.4
Warren;Republican;94.3;1.2;2.2;0.3;0.9;3.4
Warren;Republican;97.1;0.5;0.9;0.3;0.4;1.6
Warrick;Republican;93.2;1.6;1.7;0.3;2;4
Wasco;Democrat;75.7;0.6;17;4.9;1;22.9
Washakie;Democrat;82.7;0.8;13.9;1.8;0.7;16.4
Washburn;Republican;94.9;0.5;1.6;1.4;0.5;3.5
Washington;Democrat;88;0.8;9.5;0.4;0.4;10.3
Washington;Democrat;67.8;2.2;16.3;1.6;9.9;27.8
Washington;Democrat;88;6.3;3.8;0.2;0.5;4.5
Washington;Democrat;45.3;48.7;4.8;0.9;0.4;6.1
Washington;Democrat;65.1;24.6;1.4;8;0.1;9.5
Washington;Democrat;65.9;30.4;2.1;0.4;0.3;2.8
Washington;Democrat;43.9;52.7;2.2;0.2;0.6;3
Washington;Democrat;26.3;71.4;1.3;0.2;0.7;2.2
Washington;Democrat;72.2;3.5;16.2;4;2.6;22.8
Washington;Republican;94.4;2.4;1.3;0.5;0.3;2.1
Washington;Republican;77.2;15.6;3.5;1.5;0.7;5.7
Washington;Republican;92.7;3.4;2.5;0.3;0.5;3.3
Washington;Republican;96.9;0.4;1.4;0.2;0.3;1.9
Washington;Republican;95.6;1.5;1.4;0.2;0.6;2.2
Washington;Republican;89.4;4.3;3.3;0.5;1.4;5.2
Washington;Republican;81;10.9;4.3;0.4;1.7;6.4
Washington;Republican;79.2;0.4;17.2;1.7;1;19.9
Washington;Republican;64.8;18;15.1;0.5;1.8;17.4
Washington;Republican;85.2;0.8;10;2.6;0.9;13.5
Washington;Republican;93.4;1.1;3;0.4;1.2;4.6
Washita;Democrat;83.9;1.2;9.6;3.9;0.3;13.8
Washtenaw;Democrat;71;12.8;4.4;0.5;8.7;13.6
Watauga;Democrat;92.1;1.9;3.5;0.3;1.1;4.9
Waukesha;Republican;89.4;1.4;4.6;0.4;3.3;8.3
Waupaca;Republican;94.8;0.4;3;0.7;0.5;4.2
Waushara;Republican;89.8;2.1;6.4;0.9;0.5;7.8
Wayne;Democrat;97.4;0.5;0.7;0.3;0.4;1.4
Wayne;Democrat;54.4;31.9;11.1;0.9;1.4;13.4
Wayne;Democrat;50;39.3;5.7;0.5;3;9.2
Wayne;Republican;71;20.7;6.3;0.7;0.6;7.6
Wayne;Republican;96.4;0.6;1.3;0.2;0.7;2.2
Wayne;Republican;90.3;3.3;4;0.4;0.7;5.1
Wayne;Republican;90.9;3.6;4.2;0.3;0.6;5.1
Wayne;Republican;96.2;0.7;1.7;0.3;0.4;2.4
Waynesboro;Republican;77.8;11.7;7;0.5;0.9;8.4
Webb;Democrat;3.7;0.7;95.2;0.6;0.7;96.5
Weber;Republican;77.1;1.6;17.7;1.5;1.5;20.7
Webster;Democrat;97.5;0.4;0.6;0.1;0.3;1
Webster;Democrat;89.1;4.3;4.7;0.8;0.4;5.9
Webster;Democrat;88.8;4.2;4.3;0.4;0.9;5.6
Webster;Democrat;62.4;34;1.8;0.5;0.5;2.8
Webster;Republican;52.8;42.5;3.7;0.3;0.3;4.3
Webster;Republican;92.1;0.7;4.6;0.6;0.2;5.4
Webster;Republican;94.7;1.1;1.9;0.7;0.3;2.9
Weld;Democrat;66.7;1.4;28.8;1.9;1.5;32.2
Wells;Republican;95.3;0.6;2.5;0.3;0.5;3.3
West Baton Rouge;Democrat;57.3;38.5;2.7;0.2;0.5;3.4
West Feliciana;Democrat;51.7;45.9;1.6;0.1;0.3;2
Westchester;Democrat;55;16.1;23.7;0.9;6.2;30.8
Westmoreland;Republican;63.6;27.4;6.1;0.9;0.8;7.8
Westmoreland;Republican;94.3;2.5;1.1;0.1;0.9;2.1
Weston;Democrat;91.5;0.7;4.2;1.7;0.4;6.3
Weston;Democrat;91.5;0.7;4.2;1.7;0.4;6.3
Wetzel;Democrat;97.5;0.5;0.7;0.1;0.4;1.2
Wheatland;Republican;93.9;0.4;1.7;0.8;0.6;3.1
Wheeler;Republican;97.9;0;0.9;0.1;0.5;1.5
Wheeler;Republican;55.8;38.4;5.4;0.3;0.3;6
Wheeler;Republican;67.9;2.8;27.3;1.5;0.7;29.5
White;Republican;92.3;2.4;2.9;0.6;0.6;4.1
White;Republican;88.4;4.6;4.2;0.8;0.7;5.7
White Pine;Republican;73.5;4.8;14.9;4.9;1.1;20.9
Whiteside;Democrat;84.9;1.7;11.8;0.4;0.5;12.7
Whitfield;Republican;60.1;4.4;33.3;1.6;1.6;36.5
Whitman;Republican;80.3;2.3;5.6;1;7.7;14.3
Wichita;Republican;66.6;10.9;18.3;1.4;2.2;21.9
Wicomico;Republican;64.8;25.2;5.2;0.6;3;8.8
Wilbarger;Republican;59.9;8.7;28.7;1.6;1;31.3
Wilcox;Democrat;27.6;71;1;0.2;0.1;1.3
Wilcox;Republican;58.7;35.7;4.1;0.3;0.7;5.1
Wilkes;Republican;88.2;4.5;5.8;0.5;0.5;6.8
Wilkinson;Democrat;56.8;38.6;2.7;0.4;0.5;3.6
Wilkinson;Democrat;28.6;70.2;0.7;0.2;0.2;1.1
Will;Democrat;65.3;11.8;16.6;0.5;5.4;22.5
Willacy;Democrat;9.4;2.7;87.7;0.8;0.8;89.3
Williamsburg;Democrat;69.2;15;7.1;0.4;6.4;13.9
Williamsburg;Democrat;31.5;65.1;2.3;0.4;0.4;3.1
Williamson;Republican;90.7;4.3;2.4;0.4;1;3.8
Williamson;Republican;85.6;4.5;4.7;0.4;3.7;8.8
Wilson;Democrat;48.4;39.8;10.1;0.7;1.1;11.9
Wilson;Republican;58.2;1.7;38.6;0.9;0.5;40
Winchester;Democrat;67.5;11.6;16.4;1;2.7;20.1
Winkler;Republican;38.2;3;58.2;1.8;0.6;60.6
Winn;Democrat;65.2;30.9;1.9;0.8;0.4;3.1
Winnebago;Democrat;92.5;1.4;3.9;0.3;1;5.2
Winnebago;Democrat;70.8;12.9;12;0.5;2.6;15.1
Winnebago;Democrat;89.6;2;3.9;0.7;2.7;7.3
Winneshiek;Democrat;95.2;0.8;2.1;0.1;1.2;3.4
Winston;Democrat;50.5;46.3;1.2;1.1;0.3;2.6
Wirt;Republican;97.3;0.3;0.7;0.2;0.2;1.1
Wise;Republican;77.9;1.6;18.4;1.1;0.5;20
Wolfe;Democrat;97.8;0.3;0.7;0.3;0.1;1.1
Wood;Republican;95.5;1.2;1;0.2;0.6;1.8
Wood;Republican;93.1;0.7;2.7;0.9;2;5.6
Woodbury;Democrat;75.7;2.8;15.2;2.8;2.7;20.7
Woodford;Democrat;86.3;5.2;6.6;0.4;0.7;7.7
Woodruff;Democrat;69.5;26.9;1.5;0.4;0.2;2.1
Woodward;Republican;80.7;2.1;12.1;3.5;0.9;16.5
Worth;Democrat;95;0.9;2.7;0.3;0.5;3.5
Worth;Republican;96.5;0.8;1.3;0.3;0.3;1.9
Wright;Democrat;87.7;0.8;10.2;0.5;0.4;11.1
Wyandot;Republican;95.2;0.4;2.7;0.3;0.7;3.7
Wyoming;Republican;97.4;0.7;0.5;0.2;0.1;0.8
Wyoming;Republican;89.7;6.1;3.2;0.4;0.5;4.1
Wyoming;Republican;95.6;0.9;1.8;0.2;0.5;2.5
Wythe;Republican;94.1;2.9;1.1;0.2;0.6;1.9
Yakima;Republican;45;1.5;47.7;6.2;1.5;55.4
Yalobusha;Democrat;58.5;38.5;1.7;0.3;0.3;2.3
Yancey;Democrat;92.8;1.2;4.9;1;0.2;6.1
Yankton;Democrat;90.1;1.9;3.3;3;0.7;7
Yazoo;Democrat;36.1;57.4;5.6;0.3;0.6;6.5
Yellowstone;Republican;87.1;0.8;5.2;4.6;0.8;10.6
Yoakum;Republican;34.4;1.6;63.1;1.7;0.5;65.3
Yolo;Democrat;48.3;3;31.5;2.4;13.8;47.7
York;Republican;84.8;6.5;6.5;0.4;1.5;8.4
York;Republican;72.5;13.4;5.8;0.7;5.5;12
Yuba;Republican;56.6;4;27.2;3.5;7.3;38
Yuma;Democrat;76.6;0.4;21.9;1;0.5;23.4
Zapata;Democrat;5.5;0.4;93.9;0.5;0.2;94.6
Zavala;Democrat;6.2;1.3;93;1.2;0.2;94.4
Ziebach;Democrat;24;0.3;3.7;71.2;0.4;75.3
