"county","party","candidate","votes","veterans_factor"
Buncombe,Democrat,Bernie Sanders,30913,0.08
Marshall,Democrat,Hillary Clinton,3361,0.06
Hickory,Republican,Donald Trump,297,0.14
Staunton,Democrat,Bernie Sanders,1364,0.07
Cooper,Republican,Ted Cruz,1369,0.08
Clay,Republican,Ted Cruz,13559,0.08
Maries,Republican,Donald Trump,958,0.10
Gilchrist,Republican,Donald Trump,1860,0.11
Gulf,Republican,Donald Trump,1038,0.09
Boone,Democrat,Hillary Clinton,2932,0.07
Pottawattamie,Democrat,Bernie Sanders,1573,0.08
Black Hawk,Democrat,Bernie Sanders,3647,0.07
Grand,Democrat,Bernie Sanders,187,0.10
Loup,Republican,Donald Trump,101,0.11
Burt,Republican,Donald Trump,603,0.10
Bay,Republican,Donald Trump,14426,0.12
Frontier,Republican,Donald Trump,315,0.10
Garfield,Republican,Donald Trump,227,0.09
Chattooga,Republican,Donald Trump,1674,0.06
Trinity,Republican,Donald Trump,1026,0.13
Winnebago,Democrat,Bernie Sanders,17818,0.08
Jefferson,Republican,Donald Trump,3281,0.09
Santa Rosa,Republican,Donald Trump,16044,0.13
Otsego,Democrat,Bernie Sanders,2623,0.09
Darlington,Democrat,Hillary Clinton,4988,0.07
Grayson,Republican,Donald Trump,749,0.07
Cullman,Republican,Donald Trump,10618,0.08
Owen,Republican,Donald Trump,2679,0.10
Lucas,Republican,Ted Cruz,213,0.08
Talbot,Democrat,Hillary Clinton,852,0.08
Benzie,Democrat,Bernie Sanders,1650,0.11
Suwannee,Republican,Donald Trump,2844,0.10
Dale,Republican,Donald Trump,4151,0.14
Bibb,Republican,Donald Trump,1959,0.06
Floyd,Democrat,Hillary Clinton,453,0.09
Carroll,Republican,John Kasich,0,0.11
Newaygo,Republican,Ted Cruz,3557,0.09
Talladega,Republican,Donald Trump,6304,0.08
Liberty,Democrat,Bernie Sanders,392,0.08
Towns,Republican,Donald Trump,1356,0.12
Sheridan,Democrat,Hillary Clinton,7,0.10
Guthrie,Democrat,Hillary Clinton,220,0.08
Manassas Park,Democrat,Hillary Clinton,581,0.06
McDuffie,Republican,Donald Trump,1288,0.05
Caddo,Democrat,Hillary Clinton,16666,0.08
Greene,Republican,Donald Trump,4491,0.09
Kossuth,Democrat,Hillary Clinton,360,0.09
Jefferson,Democrat,Hillary Clinton,17581,0.06
Breckinridge,Democrat,Hillary Clinton,877,0.09
Clay,Democrat,Bernie Sanders,303,0.08
Natchitoches,Democrat,Hillary Clinton,2545,0.06
Suffolk,Democrat,Hillary Clinton,7533,0.12
Sheridan,Democrat,Bernie Sanders,7,0.10
Richland,Democrat,Bernie Sanders,1784,0.08
Carroll,Democrat,Hillary Clinton,504,0.07
Nez Perce,Republican,Ted Cruz,1583,0.10
Champaign,Democrat,Bernie Sanders,20581,0.05
Bell,Republican,Donald Trump,692,0.06
Mono,Democrat,Bernie Sanders,917,0.06
Hidalgo,Democrat,Hillary Clinton,515,0.07
DeSoto,Democrat,Hillary Clinton,1508,0.08
McCracken,Democrat,Bernie Sanders,3541,0.09
Jackson,Democrat,Bernie Sanders,1845,0.09
Hale,Democrat,Hillary Clinton,2426,0.07
Columbia,Republican,Donald Trump,1149,0.06
Sharkey,Democrat,Hillary Clinton,645,0.06
Woodruff,Democrat,Hillary Clinton,862,0.08
White,Republican,Donald Trump,1424,0.10
Boyle,Democrat,Hillary Clinton,1648,0.07
Burlington,Democrat,Hillary Clinton,32712,0.08
Pointe Coupee,Democrat,Hillary Clinton,1680,0.06
Colquitt,Republican,Donald Trump,2967,0.05
Randolph,Democrat,Hillary Clinton,690,0.08
Putnam,Republican,Donald Trump,1983,0.10
Chase,Republican,Donald Trump,476,0.07
Clark,Democrat,Hillary Clinton,1650,0.08
Madison,Republican,Ted Cruz,4079,0.03
Greer,Democrat,Bernie Sanders,332,0.09
Madison,Republican,Donald Trump,1412,0.10
Cass,Democrat,Hillary Clinton,300,0.09
Fremont,Democrat,Hillary Clinton,10,0.09
Apache,Democrat,Hillary Clinton,4450,0.06
Johnson,Republican,Donald Trump,326,0.09
Mackinac,Republican,Donald Trump,856,0.11
Bradley,Republican,Donald Trump,770,0.07
Trimble,Democrat,Bernie Sanders,542,0.07
Clark,Republican,Donald Trump,1484,0.09
Volusia,Republican,Donald Trump,34167,0.11
Oakland,Democrat,Hillary Clinton,92296,0.05
Lexington,Democrat,Hillary Clinton,402,0.04
Gooding,Republican,Ted Cruz,863,0.07
Haywood,Democrat,Hillary Clinton,1197,0.06
Benton,Republican,Donald Trump,2278,0.13
Gogebic,Democrat,Bernie Sanders,790,0.12
Mercer,Democrat,Bernie Sanders,1331,0.08
Abbeville,Democrat,Hillary Clinton,1501,0.08
Gratiot,Democrat,Bernie Sanders,1812,0.07
Macon,Democrat,Hillary Clinton,977,0.06
Montgomery,Democrat,Hillary Clinton,28650,0.09
Mora,Democrat,Hillary Clinton,986,0.09
Fleming,Democrat,Bernie Sanders,806,0.07
Fayette,Democrat,Hillary Clinton,525,0.08
Camas,Republican,Donald Trump,130,0.13
Livingston,Republican,Donald Trump,4918,0.06
Webster,Republican,Donald Trump,1191,0.05
McIntosh,Democrat,Bernie Sanders,1261,0.11
Tallahatchie,Democrat,Hillary Clinton,1341,0.04
Yuma,Republican,Donald Trump,4390,0.08
Columbia,Democrat,Bernie Sanders,6455,0.08
Luce,Republican,Donald Trump,407,0.09
Worth,Republican,Donald Trump,1890,0.09
Logan,Democrat,Bernie Sanders,3201,0.08
Sumter,Democrat,Hillary Clinton,9816,0.11
Buffalo,Democrat,Hillary Clinton,110,0.04
Jones,Democrat,Hillary Clinton,910,0.11
Union,Democrat,Hillary Clinton,822,0.08
Ouachita,Democrat,Hillary Clinton,2095,0.08
Houston,Republican,Donald Trump,7091,0.12
Hempstead,Republican,Ted Cruz,917,0.07
Calhoun,Republican,Donald Trump,8960,0.10
Carroll,Republican,Donald Trump,1268,0.09
Falls Church,Democrat,Hillary Clinton,1587,0.05
Lassen,Republican,Donald Trump,2508,0.10
Tyrrell,Democrat,Hillary Clinton,266,0.08
Custer,Republican,Donald Trump,1306,0.09
Marion,Republican,Ted Cruz,2263,0.08
Iron,Republican,Donald Trump,868,0.13
Lincoln,Republican,Ted Cruz,276,0.05
Lawrence,Democrat,Bernie Sanders,659,0.05
Cumberland,Republican,Donald Trump,460,0.07
Greenwood,Democrat,Hillary Clinton,3588,0.07
Nowata,Democrat,Bernie Sanders,530,0.09
Covington,Democrat,Hillary Clinton,244,0.11
Lewis,Republican,Donald Trump,522,0.06
Powder River,Republican,Donald Trump,516,0.08
Elbert,Republican,Donald Trump,1394,0.08
Poinsett,Republican,Donald Trump,1036,0.08
Washington,Republican,Donald Trump,3156,0.07
Tompkins,Democrat,Bernie Sanders,9298,0.05
Kalamazoo,Democrat,Bernie Sanders,20146,0.06
Nevada,Democrat,Bernie Sanders,8472,0.10
Coconino,Democrat,Bernie Sanders,6941,0.06
Stephens,Republican,Donald Trump,1726,0.07
Hot Spring,Republican,Donald Trump,1597,0.10
Cochise,Republican,Donald Trump,6339,0.15
Lafayette,Republican,Donald Trump,2518,0.08
Fremont,Democrat,Bernie Sanders,268,0.12
Tallapoosa,Republican,Donald Trump,4658,0.09
Lee,Democrat,Hillary Clinton,2207,0.06
Nemaha,Republican,Donald Trump,472,0.09
Lewis and Clark,Republican,Donald Trump,6194,0.10
Bladen,Democrat,Hillary Clinton,3442,0.06
Zapata,Democrat,Hillary Clinton,1969,0.03
Montgomery,Democrat,Bernie Sanders,1322,0.06
Taney,Republican,Donald Trump,5086,0.10
Lawrence,Democrat,Hillary Clinton,933,0.09
Broomfield,Democrat,Bernie Sanders,1010,0.06
Adair,Republican,Donald Trump,1404,0.06
St. Louis City,Democrat,Hillary Clinton,34458,0.06
Calhoun,Democrat,Hillary Clinton,499,0.06
Davis,Republican,Donald Trump,205,0.08
Delta,Republican,Donald Trump,1954,0.12
Clarke,Republican,Donald Trump,1399,0.08
Wayne,Republican,Donald Trump,2075,0.09
Alpine,Democrat,Bernie Sanders,129,0.16
Charles City,Democrat,Hillary Clinton,863,0.10
Yellowstone,Republican,Donald Trump,17925,0.09
Nance,Republican,Donald Trump,310,0.07
Henrico,Democrat,Hillary Clinton,28121,0.07
Stillwater,Republican,Donald Trump,1658,0.12
Morgan,Republican,Donald Trump,2378,0.09
Essex,Democrat,Hillary Clinton,642,0.08
Miller,Republican,Donald Trump,555,0.06
Appanoose,Republican,Donald Trump,292,0.08
Sarasota,Republican,Donald Trump,34593,0.12
Newton,Democrat,Hillary Clinton,7269,0.07
Johnson,Republican,Donald Trump,1338,0.07
Gilmer,Democrat,Bernie Sanders,643,0.09
Sumter,Republican,Donald Trump,17769,0.16
Caswell,Democrat,Hillary Clinton,1701,0.06
Hood River,Democrat,Bernie Sanders,2527,0.06
Walker,Republican,Donald Trump,4208,0.09
Pulaski,Republican,Donald Trump,2821,0.07
Orange,Republican,Donald Trump,146888,0.04
Crittenden,Democrat,Bernie Sanders,344,0.09
Phillips,Republican,Donald Trump,1097,0.09
Columbia,Republican,Donald Trump,9177,0.10
Fayette,Republican,Donald Trump,8055,0.10
Brooks,Democrat,Hillary Clinton,1603,0.06
Mitchell,Democrat,Hillary Clinton,260,0.08
Ben Hill,Republican,Donald Trump,1020,0.06
Liberty,Democrat,Hillary Clinton,2783,0.16
Jackson,Democrat,Hillary Clinton,450,0.09
Dickinson,Democrat,Bernie Sanders,358,0.10
Wayne,Republican,Donald Trump,805,0.06
Bracken,Democrat,Bernie Sanders,424,0.07
Pulaski,Republican,Donald Trump,1668,0.07
Jennings,Republican,Donald Trump,3361,0.08
Perry,Republican,Donald Trump,1461,0.09
Ravalli,Republican,Donald Trump,6281,0.11
Crisp,Republican,Donald Trump,1204,0.07
Marion,Republican,Donald Trump,3503,0.08
Antelope,Republican,Donald Trump,772,0.09
Roosevelt,Republican,Donald Trump,712,0.04
Richland,Republican,Donald Trump,1435,0.07
Monroe,Republican,Ted Cruz,195,0.08
Trumbull,Democrat,Hillary Clinton,17903,0.09
Boulder,Democrat,Bernie Sanders,11142,0.05
Caldwell,Republican,Donald Trump,780,0.11
Starr,Democrat,Hillary Clinton,6918,0.02
Perkins,Republican,Donald Trump,331,0.05
Caldwell,Republican,Donald Trump,284,0.07
Cass,Republican,Ted Cruz,7671,0.09
Sabine,Republican,Ted Cruz,728,0.09
Howard,Republican,Ted Cruz,798,0.08
Yuma,Democrat,Hillary Clinton,45,0.06
Knox,Republican,Donald Trump,4918,0.07
Oglala Lakota,Democrat,Bernie Sanders,574,0.05
Jasper,Republican,Ted Cruz,11113,0.07
Scotland,Democrat,Hillary Clinton,2671,0.07
Pike,Republican,Donald Trump,1241,0.10
Baraga,Republican,Donald Trump,468,0.10
Crawford,Republican,Donald Trump,1508,0.09
Pondera,Republican,Donald Trump,930,0.08
Buchanan,Democrat,Hillary Clinton,525,0.07
Ohio,Democrat,Bernie Sanders,943,0.07
Chippewa,Republican,Donald Trump,1959,0.10
Cobb,Democrat,Hillary Clinton,39277,0.06
Reynolds,Republican,Donald Trump,647,0.10
Stark,Republican,Ted Cruz,448,0.08
Tift,Republican,Donald Trump,2697,0.05
Brooklyn,Democrat,Hillary Clinton,174236,0.02
Prowers,Democrat,Hillary Clinton,40,0.08
Greenlee,Democrat,Hillary Clinton,497,0.09
Iroquois,Republican,Donald Trump,2836,0.08
Upson,Republican,Donald Trump,1910,0.07
Santa Cruz,Democrat,Bernie Sanders,25171,0.05
Washington,Republican,Donald Trump,11970,0.08
Meriwether,Democrat,Hillary Clinton,1463,0.07
San Miguel,Democrat,Bernie Sanders,329,0.05
Logan,Democrat,Bernie Sanders,1131,0.07
Chatham,Democrat,Hillary Clinton,7406,0.08
Beaufort,Democrat,Hillary Clinton,9945,0.11
Choctaw,Democrat,Bernie Sanders,745,0.07
Treasure,Republican,Donald Trump,143,0.12
Judith Basin,Republican,Donald Trump,421,0.12
Quitman,Democrat,Hillary Clinton,193,0.10
Contra Costa,Democrat,Hillary Clinton,69809,0.05
St. Johns,Republican,Donald Trump,24205,0.09
Toole,Republican,Donald Trump,863,0.14
Owsley,Republican,Donald Trump,168,0.05
West Carroll,Republican,Ted Cruz,342,0.06
Granville,Democrat,Hillary Clinton,4693,0.08
Pontotoc,Republican,Ted Cruz,2498,0.05
Shelby,Democrat,Bernie Sanders,232,0.09
White,Republican,Ted Cruz,4395,0.08
Wilcox,Democrat,Hillary Clinton,3337,0.04
Maui,Democrat,Bernie Sanders,4419,0.06
Prairie,Democrat,Hillary Clinton,558,0.10
Grady,Republican,Donald Trump,1422,0.07
Jeff Davis,Republican,Donald Trump,1071,0.05
Lauderdale,Republican,Donald Trump,4740,0.08
Glenn,Republican,Donald Trump,1699,0.05
Bullock,Democrat,Hillary Clinton,2451,0.06
Anderson,Democrat,Bernie Sanders,1649,0.07
Texas,Republican,Donald Trump,2659,0.11
Mingo,Democrat,Bernie Sanders,2425,0.06
Choctaw,Democrat,Hillary Clinton,1772,0.07
Polk,Republican,Ted Cruz,3430,0.08
Gordon,Republican,Donald Trump,4339,0.06
Emmet,Democrat,Bernie Sanders,2589,0.09
Eau Claire,Democrat,Bernie Sanders,13058,0.07
Fresno,Republican,Donald Trump,37672,0.04
St. Tammany,Republican,Donald Trump,12933,0.08
Grenada,Republican,Donald Trump,1727,0.05
Davidson,Democrat,Hillary Clinton,43691,0.06
Lowndes,Democrat,Hillary Clinton,4030,0.09
Crenshaw,Republican,Donald Trump,1496,0.08
Issaquena,Democrat,Hillary Clinton,175,0.06
Johnson,Republican,Donald Trump,1383,0.11
Ripley,Republican,Donald Trump,3694,0.08
Clark,Democrat,Bernie Sanders,1888,0.07
Kenton,Democrat,Hillary Clinton,5146,0.07
Keya Paha,Republican,Donald Trump,203,0.07
Petroleum,Republican,Donald Trump,167,0.14
Montgomery,Republican,Donald Trump,4412,0.07
Macon,Republican,Donald Trump,1489,0.09
Sac,Republican,Donald Trump,212,0.09
Sauk,Democrat,Bernie Sanders,7195,0.08
El Paso,Democrat,Bernie Sanders,4954,0.12
Tishomingo,Republican,Donald Trump,1854,0.08
Madison,Republican,Donald Trump,23791,0.10
Adams,Democrat,Hillary Clinton,3013,0.06
Dallas,Democrat,Hillary Clinton,113574,0.04
Cecil,Republican,Donald Trump,7348,0.08
Rabun,Republican,Donald Trump,1732,0.09
Calcasieu,Democrat,Hillary Clinton,6594,0.07
Howard,Republican,Donald Trump,8475,0.09
Morgan,Republican,Donald Trump,1656,0.08
Hughes,Democrat,Bernie Sanders,873,0.07
Lee,Democrat,Hillary Clinton,3224,0.08
Jerauld,Democrat,Hillary Clinton,96,0.09
Highlands,Republican,Donald Trump,7480,0.13
Wheeler,Republican,Donald Trump,283,0.06
Lee,Republican,Ted Cruz,5921,0.06
Lincoln,Democrat,Hillary Clinton,599,0.06
Essex,Democrat,Hillary Clinton,75071,0.03
Telfair,Republican,Donald Trump,626,0.06
Haskell,Democrat,Bernie Sanders,752,0.08
Alamosa,Democrat,Bernie Sanders,167,0.07
Madera,Republican,Donald Trump,8247,0.05
Randolph,Republican,Donald Trump,1887,0.08
Baker,Democrat,Hillary Clinton,303,0.04
Queens,Democrat,Hillary Clinton,122386,0.02
Calhoun,Democrat,Bernie Sanders,503,0.09
Marshall,Democrat,Hillary Clinton,287,0.08
Clayton,Democrat,Hillary Clinton,25130,0.07
Clay,Republican,Donald Trump,3615,0.07
Bacon,Republican,Donald Trump,904,0.04
Wetzel,Democrat,Bernie Sanders,1744,0.09
Hendricks,Republican,Donald Trump,18555,0.07
Charleston,Democrat,Hillary Clinton,26535,0.08
Yancey,Democrat,Bernie Sanders,1386,0.07
Oktibbeha,Democrat,Hillary Clinton,2389,0.04
Warren,Republican,Donald Trump,1321,0.08
Howard,Republican,Donald Trump,559,0.06
St. James,Democrat,Hillary Clinton,2114,0.06
Hardin,Republican,Donald Trump,496,0.09
Linn,Democrat,Bernie Sanders,6331,0.08
Clay,Democrat,Bernie Sanders,754,0.08
Roanoke City,Democrat,Hillary Clinton,4783,0.08
Montgomery,Democrat,Hillary Clinton,953,0.07
St. Mary,Democrat,Hillary Clinton,1995,0.07
Somerset,Democrat,Hillary Clinton,19667,0.04
Bibb,Democrat,Hillary Clinton,12944,0.07
Okeechobee,Republican,Donald Trump,2202,0.08
Williamsburg,Democrat,Bernie Sanders,1197,0.07
Lane,Democrat,Bernie Sanders,41883,0.09
Nodaway,Republican,Donald Trump,1268,0.06
Otsego,Republican,Donald Trump,1933,0.09
Osage,Democrat,Hillary Clinton,2390,0.09
Concordia,Democrat,Hillary Clinton,1830,0.07
Henry,Democrat,Hillary Clinton,15639,0.08
Ware,Republican,Donald Trump,1998,0.07
Frederick,Republican,Donald Trump,15076,0.07
Edgefield,Democrat,Hillary Clinton,1474,0.08
Southampton,Democrat,Hillary Clinton,1199,0.12
Polk,Republican,Donald Trump,33187,0.08
Stephenson,Republican,Ted Cruz,3038,0.08
Reeves,Democrat,Hillary Clinton,1128,0.04
Dawson,Republican,Donald Trump,2649,0.08
Miner,Democrat,Hillary Clinton,109,0.08
Broadwater,Republican,Donald Trump,1001,0.12
Madison,Republican,Ted Cruz,452,0.09
Summit,Democrat,Bernie Sanders,1645,0.05
Bourbon,Democrat,Hillary Clinton,1109,0.08
Walton,Republican,Donald Trump,6650,0.11
Osceola,Democrat,Hillary Clinton,16512,0.05
Wabash,Republican,Donald Trump,3932,0.08
Arenac,Republican,Donald Trump,1141,0.10
Brewster,Democrat,Bernie Sanders,771,0.08
Cumberland,Democrat,Hillary Clinton,6875,0.05
Benton,Democrat,Bernie Sanders,11567,0.06
Kent,Republican,Donald Trump,8294,0.11
Washington,Republican,Donald Trump,1666,0.09
Flathead,Republican,Donald Trump,10642,0.09
Carter,Democrat,Bernie Sanders,1051,0.06
Lee,Democrat,Hillary Clinton,7137,0.07
Vernon,Republican,Donald Trump,1530,0.07
Jackson,Republican,Donald Trump,9934,0.10
Shelby,Democrat,Hillary Clinton,66465,0.06
Bath,Democrat,Bernie Sanders,641,0.05
Passaic,Democrat,Hillary Clinton,29538,0.03
Richmond,Democrat,Hillary Clinton,333,0.06
Jackson,Democrat,Bernie Sanders,3021,0.08
Adair,Democrat,Hillary Clinton,168,0.11
Lackawanna,Democrat,Hillary Clinton,22971,0.09
Boone,Democrat,Bernie Sanders,15076,0.06
Daniels,Republican,Donald Trump,340,0.10
Calhoun,Democrat,Hillary Clinton,1536,0.09
Hardeman,Democrat,Hillary Clinton,1721,0.07
DeSoto,Republican,Ted Cruz,12300,0.06
Athens,Democrat,Bernie Sanders,5663,0.06
Glynn,Republican,Donald Trump,5516,0.10
Bronx,Democrat,Hillary Clinton,95772,0.02
Butler,Democrat,Hillary Clinton,2196,0.07
Seminole,Republican,Donald Trump,754,0.07
Roger Mills,Democrat,Bernie Sanders,268,0.07
Pitt,Democrat,Hillary Clinton,11856,0.06
Baldwin,Republican,Donald Trump,23618,0.10
Iowa,Democrat,Hillary Clinton,357,0.06
Kleberg,Democrat,Hillary Clinton,1738,0.07
Cheyenne,Democrat,Hillary Clinton,5,0.07
Manassas,Democrat,Hillary Clinton,1812,0.06
Cleburne,Republican,Donald Trump,2120,0.07
Jessamine,Democrat,Bernie Sanders,2113,0.06
Carroll,Republican,Donald Trump,1133,0.05
Early,Republican,Donald Trump,760,0.07
Hancock,Democrat,Hillary Clinton,1112,0.07
Clinch,Republican,Donald Trump,412,0.07
Orleans,Democrat,Hillary Clinton,40601,0.05
Atchison,Republican,Donald Trump,487,0.11
Yuba,Republican,Donald Trump,3210,0.09
Garfield,Democrat,Bernie Sanders,734,0.06
Big Horn,Democrat,Bernie Sanders,2,0.09
Gilmer,Republican,Donald Trump,3314,0.08
DeKalb,Democrat,Bernie Sanders,8315,0.05
Monroe,Republican,Donald Trump,2602,0.07
Erie,Democrat,Hillary Clinton,19511,0.08
Placer,Republican,Donald Trump,25700,0.08
Escambia,Republican,Donald Trump,2817,0.08
Midland,Republican,Ted Cruz,4720,0.07
Oklahoma,Democrat,Hillary Clinton,34255,0.08
Delta,Democrat,Bernie Sanders,417,0.12
Monroe,Republican,Donald Trump,8802,0.08
Brevard,Republican,Donald Trump,45483,0.12
Holmes,Republican,Donald Trump,1239,0.10
Fairfax City,Democrat,Hillary Clinton,1840,0.07
Simpson,Democrat,Hillary Clinton,708,0.06
Williamson,Republican,Donald Trump,4929,0.09
Banks,Republican,Donald Trump,1806,0.07
Tillamook,Democrat,Bernie Sanders,2207,0.11
McCormick,Democrat,Hillary Clinton,973,0.12
Madison,Republican,Donald Trump,2460,0.06
Logan,Republican,Donald Trump,1208,0.09
Dane,Democrat,Bernie Sanders,102585,0.05
Henry,Republican,Donald Trump,1778,0.09
Adams,Democrat,Hillary Clinton,113,0.09
Jay,Republican,Donald Trump,2194,0.07
Macomb,Republican,Donald Trump,60492,0.06
Vermillion,Republican,Donald Trump,1748,0.10
Bates,Republican,Donald Trump,1306,0.07
Russell,Republican,Donald Trump,1106,0.06
Bayfield,Democrat,Bernie Sanders,2604,0.11
Calhoun,Republican,Donald Trump,1323,0.05
Clay,Democrat,Hillary Clinton,623,0.07
Daviess,Republican,Donald Trump,3894,0.06
Morgan,Democrat,Bernie Sanders,87,0.06
Costilla,Democrat,Hillary Clinton,64,0.12
Pulaski,Republican,Donald Trump,673,0.08
Philadelphia,Democrat,Hillary Clinton,212785,0.05
Wasco,Democrat,Bernie Sanders,1795,0.10
Hardin,Republican,Ted Cruz,417,0.09
Eaton,Democrat,Bernie Sanders,7007,0.07
Butler,Republican,Donald Trump,910,0.10
Wilcox,Republican,Donald Trump,602,0.07
Arapahoe,Democrat,Bernie Sanders,6086,0.07
Jim Wells,Democrat,Hillary Clinton,4688,0.05
Alpena,Republican,Donald Trump,1885,0.10
Bannock,Republican,Ted Cruz,4404,0.07
Allegany,Republican,Donald Trump,6272,0.09
Randolph,Republican,Donald Trump,1917,0.09
Oscoda,Republican,Donald Trump,705,0.13
Vanderburgh,Republican,Donald Trump,14544,0.07
Whitfield,Republican,Donald Trump,5945,0.05
Robeson,Democrat,Hillary Clinton,8457,0.06
Lake,Republican,Donald Trump,26393,0.11
Santa Cruz,Democrat,Hillary Clinton,2496,0.05
Hamilton,Republican,Donald Trump,35031,0.05
Cherry,Republican,Donald Trump,1220,0.09
Dakota,Republican,Donald Trump,819,0.06
Warren,Democrat,Hillary Clinton,2827,0.09
Pettis,Republican,Donald Trump,3343,0.08
Buchanan,Republican,Donald Trump,4691,0.08
Fayette,Democrat,Hillary Clinton,20014,0.06
Barton,Republican,Ted Cruz,1560,0.08
Alger,Democrat,Bernie Sanders,622,0.12
Clay,Republican,Donald Trump,887,0.04
Caroline,Democrat,Hillary Clinton,1902,0.09
Franklin,Republican,Donald Trump,761,0.08
Schoolcraft,Republican,Donald Trump,529,0.11
Dimmit,Democrat,Hillary Clinton,1804,0.04
Payette,Republican,Ted Cruz,1364,0.09
Charles,Democrat,Hillary Clinton,15132,0.10
Iron,Republican,Donald Trump,800,0.11
Maverick,Democrat,Hillary Clinton,4342,0.02
Hart,Republican,Donald Trump,1858,0.08
Scott,Republican,Donald Trump,3373,0.08
Pickens,Republican,Donald Trump,3360,0.09
Jim Hogg,Democrat,Hillary Clinton,1421,0.06
Whitley,Republican,Ted Cruz,4064,0.08
Santa Clara,Democrat,Hillary Clinton,109963,0.04
Bureau,Republican,Donald Trump,2185,0.08
Sevier,Republican,Donald Trump,593,0.06
Clarke,Democrat,Hillary Clinton,3148,0.06
Hancock,Republican,Donald Trump,4147,0.10
Ozark,Republican,Donald Trump,1099,0.14
Ralls,Republican,Donald Trump,961,0.10
Kent,Democrat,Hillary Clinton,1460,0.09
King and Queen,Democrat,Hillary Clinton,477,0.10
Sanilac,Republican,Donald Trump,3279,0.08
Bexar,Democrat,Hillary Clinton,76502,0.08
Boone,Democrat,Bernie Sanders,2410,0.08
Scott,Democrat,Hillary Clinton,2013,0.04
Switzerland,Republican,Donald Trump,858,0.08
Houghton,Democrat,Bernie Sanders,2039,0.08
Hancock,Republican,Donald Trump,1494,0.09
Emporia,Democrat,Hillary Clinton,404,0.06
Polk,Democrat,Hillary Clinton,12122,0.06
Dolores,Democrat,Bernie Sanders,22,0.09
Attala,Democrat,Hillary Clinton,1519,0.07
Saint Francis,Democrat,Hillary Clinton,1912,0.07
Randolph,Republican,Donald Trump,2939,0.08
Martin,Republican,Donald Trump,1398,0.09
Hawaii,Democrat,Bernie Sanders,5605,0.08
Carroll,Republican,Donald Trump,7495,0.06
Gibson,Republican,Donald Trump,4237,0.07
Seminole,Republican,Donald Trump,25763,0.07
Winston,Republican,Donald Trump,3352,0.07
Los Angeles,Democrat,Hillary Clinton,590502,0.03
Camden,Democrat,Hillary Clinton,43720,0.06
Shiawassee,Democrat,Bernie Sanders,4452,0.08
Harris,Republican,Donald Trump,2542,0.11
Clatsop,Democrat,Bernie Sanders,3334,0.11
Lyon,Democrat,Bernie Sanders,561,0.11
Carroll,Republican,Donald Trump,0,0.11
Merrick,Republican,Donald Trump,775,0.11
Jones,Democrat,Bernie Sanders,480,0.10
Union,Democrat,Bernie Sanders,1106,0.08
Platte,Republican,Donald Trump,2902,0.07
Delaware,Democrat,Hillary Clinton,440,0.07
Lauderdale,Republican,Donald Trump,7502,0.08
Macoupin,Democrat,Bernie Sanders,3552,0.10
Santa Fe,Democrat,Hillary Clinton,16087,0.08
Valley,Republican,Donald Trump,1250,0.09
Conecuh,Democrat,Hillary Clinton,2031,0.09
Carter,Democrat,Bernie Sanders,2113,0.08
Peoria,Democrat,Hillary Clinton,11341,0.07
Baca,Democrat,Hillary Clinton,15,0.09
Ada,Republican,Ted Cruz,20156,0.07
Eagle,Democrat,Bernie Sanders,623,0.03
Fulton,Democrat,Hillary Clinton,701,0.11
Breathitt,Democrat,Bernie Sanders,1716,0.04
St. Clair,Democrat,Hillary Clinton,20987,0.11
Knox,Republican,Donald Trump,1285,0.05
Jackson,Democrat,Hillary Clinton,827,0.09
Bertie,Democrat,Hillary Clinton,2065,0.06
Custer,Democrat,Bernie Sanders,45,0.18
Warren,Democrat,Hillary Clinton,3463,0.06
Sacramento,Democrat,Hillary Clinton,68248,0.06
McDowell,Democrat,Bernie Sanders,1453,0.07
Garrard,Republican,Donald Trump,581,0.07
Treutlen,Republican,Donald Trump,437,0.05
Taliaferro,Democrat,Hillary Clinton,236,0.06
Elkhart,Republican,Ted Cruz,16204,0.06
Franklin,Democrat,Hillary Clinton,665,0.10
Bremer,Democrat,Hillary Clinton,640,0.08
Lunenburg,Democrat,Hillary Clinton,738,0.09
St. Clair,Republican,Donald Trump,8596,0.08
Westchester,Democrat,Hillary Clinton,69628,0.04
Hooker,Republican,Donald Trump,119,0.10
DuPage,Democrat,Bernie Sanders,65159,0.05
Newport News,Democrat,Hillary Clinton,12495,0.12
Braxton,Democrat,Bernie Sanders,1321,0.09
East Carroll,Democrat,Hillary Clinton,508,0.03
Brantley,Republican,Donald Trump,1161,0.07
Wicomico,Republican,Donald Trump,6998,0.07
Elliott,Democrat,Bernie Sanders,443,0.06
Assumption,Democrat,Hillary Clinton,1139,0.07
Tippah,Republican,Donald Trump,1951,0.06
Hot Springs,Democrat,Hillary Clinton,1,0.14
Travis,Democrat,Bernie Sanders,73889,0.05
Modoc,Republican,Donald Trump,1019,0.11
St. Francois,Republican,Donald Trump,4061,0.09
Cass,Republican,Donald Trump,1811,0.12
Cheboygan,Republican,Donald Trump,2089,0.11
Barbour,Democrat,Hillary Clinton,2567,0.08
Sussex,Democrat,Hillary Clinton,958,0.09
Fayette,Republican,Donald Trump,2479,0.07
Dillon,Democrat,Hillary Clinton,1615,0.07
Lake,Republican,Donald Trump,2927,0.10
Harris,Democrat,Hillary Clinton,156729,0.04
Larimer,Democrat,Bernie Sanders,6664,0.07
Charlottesville,Democrat,Bernie Sanders,4474,0.04
Calhoun,Democrat,Hillary Clinton,413,0.08
Carroll,Democrat,Bernie Sanders,0,0.11
Clinton,Republican,Donald Trump,1635,0.10
Marion,Republican,Donald Trump,2760,0.09
Laurens,Republican,Donald Trump,3088,0.07
Kalkaska,Republican,Donald Trump,1724,0.09
Zavala,Democrat,Hillary Clinton,1557,0.03
Jefferson,Democrat,Hillary Clinton,1671,0.12
Madison,Republican,Donald Trump,2280,0.07
Val Verde,Democrat,Hillary Clinton,1777,0.06
Swain,Democrat,Bernie Sanders,831,0.08
Johnson,Republican,Donald Trump,3035,0.11
Allen,Republican,Ted Cruz,29963,0.06
Manhattan,Democrat,Hillary Clinton,177496,0.03
Valencia,Democrat,Hillary Clinton,3123,0.10
Jackson,Republican,Donald Trump,5463,0.08
McCurtain,Democrat,Bernie Sanders,1314,0.08
Harlan,Republican,Donald Trump,436,0.09
La Plata,Democrat,Bernie Sanders,1466,0.07
Crook,Democrat,Bernie Sanders,1,0.07
San Bernardino,Democrat,Hillary Clinton,71246,0.05
Kemper,Democrat,Hillary Clinton,1008,0.06
Okaloosa,Republican,Donald Trump,17770,0.15
Bonner,Republican,Ted Cruz,3132,0.11
Arthur,Republican,Donald Trump,68,0.07
Blaine,Republican,Donald Trump,465,0.08
Woodford,Democrat,Bernie Sanders,1918,0.08
Karnes,Democrat,Hillary Clinton,719,0.08
Ziebach,Democrat,Bernie Sanders,132,0.05
Owen,Democrat,Bernie Sanders,720,0.06
Roscommon,Republican,Donald Trump,2257,0.13
Shelby,Republican,Donald Trump,5044,0.08
East Feliciana,Democrat,Hillary Clinton,1847,0.06
Park,Republican,Donald Trump,1901,0.09
Grand,Democrat,Bernie Sanders,636,0.07
Lewis,Republican,Donald Trump,801,0.08
Perry,Republican,Donald Trump,676,0.07
Izard,Republican,Donald Trump,873,0.12
Dawes,Republican,Donald Trump,831,0.09
Summit,Democrat,Bernie Sanders,419,0.05
Marshall,Republican,Donald Trump,9115,0.08
Caroline,Republican,Donald Trump,2521,0.09
Merced,Democrat,Hillary Clinton,7169,0.04
Richland,Democrat,Hillary Clinton,696,0.05
Livingston,Republican,Donald Trump,15359,0.07
Missoula,Democrat,Bernie Sanders,13271,0.08
Livingston,Republican,Ted Cruz,3235,0.07
Grant,Republican,Donald Trump,162,0.08
Montgomery,Democrat,Bernie Sanders,5090,0.05
Pottawatomie,Democrat,Bernie Sanders,3400,0.09
Daviess,Republican,Donald Trump,634,0.10
Calhoun,Democrat,Bernie Sanders,5810,0.08
Calhoun,Democrat,Bernie Sanders,545,0.11
Fairfax,Democrat,Hillary Clinton,86898,0.07
Marin,Democrat,Hillary Clinton,27238,0.06
Pecos,Democrat,Hillary Clinton,816,0.05
Erie,Democrat,Hillary Clinton,50199,0.07
Bulloch,Republican,Donald Trump,3111,0.06
Honolulu,Democrat,Bernie Sanders,11458,0.08
Rapides,Democrat,Hillary Clinton,4722,0.08
Saginaw,Democrat,Hillary Clinton,12348,0.08
McKinley,Democrat,Hillary Clinton,4761,0.04
Covington,Republican,Donald Trump,4608,0.09
Chester,Democrat,Hillary Clinton,1962,0.08
Franklin,Democrat,Bernie Sanders,5398,0.08
Miller,Republican,Donald Trump,2482,0.10
Grundy,Republican,Ted Cruz,272,0.07
Shelby,Republican,Ted Cruz,2069,0.10
Worcester,Republican,Donald Trump,5808,0.10
Yazoo,Democrat,Hillary Clinton,2203,0.06
Elmore,Republican,Donald Trump,1252,0.17
St. Helena,Democrat,Hillary Clinton,1407,0.07
Green,Republican,Donald Trump,655,0.07
Parke,Republican,Donald Trump,1996,0.08
Ogemaw,Republican,Donald Trump,1612,0.11
Posey,Republican,Donald Trump,3159,0.07
Monona,Republican,Ted Cruz,185,0.11
Amador,Republican,Donald Trump,3605,0.13
Albemarle,Democrat,Hillary Clinton,8284,0.07
Greene,Republican,Donald Trump,1014,0.08
Carter,Republican,Donald Trump,349,0.06
San Joaquin,Democrat,Hillary Clinton,25118,0.05
Clinton,Republican,Donald Trump,771,0.07
Irwin,Republican,Donald Trump,869,0.10
Lee,Republican,Donald Trump,51659,0.09
Mississippi,Democrat,Hillary Clinton,2017,0.07
Manatee,Republican,Donald Trump,26320,0.10
Dickinson,Republican,Donald Trump,1708,0.11
Gosper,Republican,Donald Trump,259,0.08
Brown,Republican,Donald Trump,555,0.12
Hernando,Republican,Donald Trump,15479,0.12
Blackford,Republican,Donald Trump,1019,0.09
Lafayette,Republican,Donald Trump,2521,0.04
Phelps,Republican,Donald Trump,963,0.08
Sullivan,Republican,Donald Trump,2379,0.07
Saint Lawrence,Democrat,Bernie Sanders,4102,0.07
Roberts,Democrat,Bernie Sanders,397,0.08
Ulster,Democrat,Bernie Sanders,11572,0.07
Summers,Democrat,Bernie Sanders,1060,0.10
Refugio,Democrat,Hillary Clinton,549,0.08
Cass,Republican,Donald Trump,680,0.07
Clay,Republican,Donald Trump,1920,0.08
Louisa,Republican,Donald Trump,261,0.07
Navajo,Democrat,Hillary Clinton,4415,0.07
Lee,Republican,Donald Trump,3057,0.08
Little River,Democrat,Hillary Clinton,721,0.10
Washington,Democrat,Hillary Clinton,1374,0.08
Dooly,Democrat,Hillary Clinton,737,0.09
Brooks,Republican,Donald Trump,1009,0.10
Martin,Republican,Donald Trump,586,0.05
Cook,Republican,Donald Trump,1229,0.07
Pittsburg,Democrat,Bernie Sanders,3026,0.10
Starke,Republican,Donald Trump,2456,0.08
Montgomery,Republican,Donald Trump,1192,0.10
Nottoway,Democrat,Hillary Clinton,829,0.08
Surry,Democrat,Hillary Clinton,812,0.10
Bullitt,Democrat,Bernie Sanders,3210,0.08
Callaway,Republican,Ted Cruz,3261,0.08
Washington,Democrat,Hillary Clinton,1663,0.08
Kendall,Democrat,Bernie Sanders,7482,0.05
Archuleta,Democrat,Bernie Sanders,156,0.09
Park,Democrat,Bernie Sanders,231,0.12
St. Bernard,Democrat,Hillary Clinton,1057,0.04
Miami,Republican,Donald Trump,3286,0.10
St. Mary's,Republican,Donald Trump,6576,0.12
Hayes,Republican,Donald Trump,103,0.14
Ionia,Democrat,Bernie Sanders,2812,0.07
Crawford,Republican,Donald Trump,1108,0.12
LaSalle,Republican,Donald Trump,577,0.07
Lee,Democrat,Hillary Clinton,956,0.05
Kenedy,Democrat,Hillary Clinton,63,0.08
Garland,Republican,Donald Trump,5538,0.11
Schley,Republican,Donald Trump,331,0.05
Tattnall,Republican,Donald Trump,1089,0.08
Missaukee,Republican,Donald Trump,1221,0.08
Deuel,Democrat,Hillary Clinton,162,0.11
Wayne,Democrat,Bernie Sanders,2898,0.09
Fayette,Democrat,Bernie Sanders,3585,0.09
Fluvanna,Democrat,Hillary Clinton,1355,0.09
Okmulgee,Democrat,Bernie Sanders,1882,0.09
Cumberland,Republican,Ted Cruz,1081,0.09
Jones,Republican,Donald Trump,6388,0.07
Claiborne,Democrat,Hillary Clinton,1411,0.04
Putnam,Democrat,Bernie Sanders,504,0.11
Fulton,Republican,Donald Trump,2556,0.08
Virginia Beach,Democrat,Hillary Clinton,22352,0.14
Jefferson,Democrat,Hillary Clinton,67357,0.07
Douglas,Republican,Donald Trump,23754,0.06
Des Moines,Democrat,Bernie Sanders,1066,0.09
Lee,Democrat,Hillary Clinton,929,0.10
Gage,Republican,Donald Trump,1407,0.09
Pierce,Republican,Donald Trump,617,0.10
Adams,Republican,Donald Trump,2798,0.08
Wake,Democrat,Hillary Clinton,77927,0.05
Leflore,Democrat,Hillary Clinton,2094,0.03
Chariton,Republican,Donald Trump,597,0.08
Claiborne,Democrat,Hillary Clinton,768,0.07
Prince William,Democrat,Hillary Clinton,26439,0.09
Kearney,Republican,Donald Trump,614,0.09
Lake,Democrat,Hillary Clinton,49750,0.05
Holt,Republican,Donald Trump,1302,0.08
Ballard,Democrat,Bernie Sanders,659,0.09
Jasper,Democrat,Hillary Clinton,2194,0.06
Pulaski,Republican,Donald Trump,2802,0.14
McDonough,Republican,Donald Trump,1599,0.08
Livingston,Democrat,Bernie Sanders,610,0.06
Coahoma,Democrat,Hillary Clinton,2301,0.05
Cross,Republican,Donald Trump,972,0.07
Edgecombe,Democrat,Hillary Clinton,6411,0.07
Russell,Democrat,Hillary Clinton,4381,0.10
Dallas,Republican,Marco Rubio,2469,0.05
Murray,Democrat,Bernie Sanders,909,0.10
Dent,Republican,Donald Trump,1688,0.10
Taylor,Republican,Donald Trump,1203,0.10
Marshall,Republican,Donald Trump,4755,0.07
Cassia,Republican,Ted Cruz,2095,0.06
Taylor,Democrat,Hillary Clinton,140,0.08
Decatur,Republican,Donald Trump,1525,0.06
Pasco,Republican,Donald Trump,33536,0.10
Lenoir,Democrat,Hillary Clinton,4731,0.07
Bergen,Democrat,Hillary Clinton,55264,0.04
Pearl River,Republican,Donald Trump,4562,0.09
Lincoln,Republican,Donald Trump,3235,0.09
Lafayette,Republican,Donald Trump,556,0.09
Lewis,Republican,Donald Trump,286,0.12
Metcalfe,Democrat,Bernie Sanders,582,0.06
Dunn,Democrat,Bernie Sanders,4272,0.07
Todd,Democrat,Bernie Sanders,524,0.05
Saline,Republican,Donald Trump,1417,0.08
Madison,Republican,Donald Trump,916,0.08
Jasper,Republican,Donald Trump,3903,0.08
Carroll,Republican,Ben Carson,0,0.11
San Juan,Democrat,Bernie Sanders,27,0.08
Fulton,Democrat,Hillary Clinton,315,0.08
Piatt,Republican,Ted Cruz,1855,0.08
Warren,Republican,Donald Trump,1018,0.07
Heard,Republican,Donald Trump,1068,0.07
Nicholas,Democrat,Bernie Sanders,420,0.06
Porter,Republican,Donald Trump,16194,0.07
Perry,Democrat,Hillary Clinton,648,0.10
Tuolumne,Republican,Donald Trump,4949,0.10
St. Lucie,Republican,Donald Trump,18350,0.09
Mineral,Democrat,Bernie Sanders,25,0.16
Dawson,Republican,Donald Trump,1685,0.09
Coles,Republican,Donald Trump,3156,0.07
Lee,Republican,Donald Trump,273,0.05
Maricopa,Republican,Donald Trump,144522,0.07
Union,Democrat,Hillary Clinton,2548,0.08
Lake,Democrat,Bernie Sanders,2704,0.11
Duval,Democrat,Hillary Clinton,2272,0.06
Paulding,Republican,Donald Trump,10002,0.07
DeWitt,Republican,Donald Trump,1577,0.08
Baxter,Republican,Donald Trump,3798,0.14
Rock,Democrat,Bernie Sanders,17337,0.07
Berrien,Republican,Donald Trump,1563,0.08
Ingham,Democrat,Bernie Sanders,22909,0.06
Weston,Democrat,Bernie Sanders,1,0.11
Kimball,Republican,Donald Trump,439,0.10
Plymouth,Republican,Donald Trump,618,0.08
Hancock,Republican,Ted Cruz,385,0.07
Bossier,Republican,Ted Cruz,4988,0.10
Fannin,Republican,Donald Trump,3001,0.10
Stanislaus,Republican,Donald Trump,15390,0.05
Harlan,Democrat,Bernie Sanders,1092,0.08
Pickens,Democrat,Hillary Clinton,2326,0.08
St. Joseph,Republican,Donald Trump,19059,0.07
McCreary,Republican,Donald Trump,725,0.06
Fayette,Republican,Donald Trump,1933,0.08
Leelanau,Democrat,Bernie Sanders,2359,0.10
Radford,Democrat,Bernie Sanders,655,0.05
Henderson,Republican,Donald Trump,516,0.12
Jefferson,Republican,Ted Cruz,3080,0.06
Lonoke,Republican,Ted Cruz,4028,0.10
Marshall,Democrat,Bernie Sanders,960,0.09
Lawrence,Republican,Donald Trump,3604,0.06
Conway,Democrat,Hillary Clinton,1755,0.07
St. Charles,Democrat,Hillary Clinton,2245,0.06
Richland,Republican,Donald Trump,1469,0.09
Custer,Republican,Donald Trump,430,0.13
Oglethorpe,Republican,Donald Trump,1230,0.08
Dade,Republican,Donald Trump,1151,0.08
Minidoka,Republican,Ted Cruz,1163,0.07
Pawnee,Republican,Donald Trump,225,0.07
Mecosta,Republican,Donald Trump,2113,0.08
Union,Republican,Donald Trump,875,0.08
Kankakee,Republican,Donald Trump,6403,0.08
Monroe,Republican,Donald Trump,2262,0.08
Big Horn,Democrat,Hillary Clinton,2,0.09
Richmond City,Democrat,Hillary Clinton,21822,0.06
Alamance,Democrat,Hillary Clinton,7374,0.07
Charlotte,Republican,Donald Trump,16525,0.15
Hancock,Republican,Donald Trump,9520,0.07
Faulkner,Republican,Ted Cruz,6228,0.07
Monongalia,Democrat,Bernie Sanders,8096,0.05
Stone,Republican,Ted Cruz,1428,0.09
Tuscola,Republican,Donald Trump,3750,0.08
Keokuk,Democrat,Hillary Clinton,250,0.08
Fremont,Republican,Ted Cruz,1434,0.07
Nelson,Democrat,Hillary Clinton,991,0.09
Cameron,Democrat,Hillary Clinton,20326,0.04
Bleckley,Republican,Donald Trump,935,0.07
McDonald,Republican,Donald Trump,1580,0.09
Lucas,Democrat,Hillary Clinton,32137,0.07
Stoddard,Republican,Donald Trump,3024,0.10
Grundy,Republican,Donald Trump,978,0.08
Jefferson,Republican,Donald Trump,3077,0.08
Barren,Democrat,Bernie Sanders,2653,0.06
Morgan,Republican,Donald Trump,1976,0.11
Wexford,Republican,Donald Trump,2578,0.09
Edmonson,Republican,Donald Trump,531,0.08
Iberville,Democrat,Hillary Clinton,3699,0.06
Ogle,Republican,Ted Cruz,4307,0.08
Georgetown,Democrat,Hillary Clinton,4931,0.10
Martinsville,Democrat,Hillary Clinton,834,0.08
Mercer,Democrat,Hillary Clinton,29505,0.05
Pike,Republican,Donald Trump,1649,0.08
Pemiscot,Republican,Donald Trump,1155,0.07
Clare,Republican,Donald Trump,1996,0.10
Perry,Democrat,Hillary Clinton,2575,0.07
Spalding,Republican,Donald Trump,4257,0.08
Hendry,Republican,Donald Trump,1290,0.05
Indian River,Republican,Donald Trump,13678,0.11
Mobile,Democrat,Hillary Clinton,28927,0.08
Prince George,Democrat,Hillary Clinton,1992,0.12
Greene,Republican,Ted Cruz,26784,0.08
Kauai,Democrat,Bernie Sanders,2049,0.07
Glacier,Democrat,Bernie Sanders,1074,0.07
Buffalo,Republican,Donald Trump,3748,0.06
Poweshiek,Democrat,Bernie Sanders,475,0.07
Hamilton,Democrat,Hillary Clinton,353,0.09
Oconee,Republican,Donald Trump,2871,0.06
Rio Arriba,Democrat,Hillary Clinton,4915,0.07
Loudoun,Democrat,Hillary Clinton,21171,0.06
Crockett,Democrat,Hillary Clinton,266,0.05
Mecklenburg,Democrat,Hillary Clinton,1588,0.09
Cascade,Republican,Donald Trump,8129,0.12
Whitley,Republican,Donald Trump,1556,0.07
Sangamon,Republican,Ted Cruz,12261,0.08
Gem,Republican,Ted Cruz,1391,0.10
Marion,Democrat,Hillary Clinton,1162,0.07
Garfield,Republican,Donald Trump,357,0.07
Franklin,Republican,Donald Trump,3487,0.06
Jackson,Democrat,Hillary Clinton,48860,0.07
Crawford,Republican,Ted Cruz,226,0.07
Johnson,Democrat,Bernie Sanders,1,0.11
Benton,Republican,Donald Trump,1175,0.07
Boundary,Republican,Ted Cruz,901,0.12
Butler,Republican,Donald Trump,3652,0.10
Prairie,Republican,Donald Trump,269,0.14
Clinton,Republican,Donald Trump,2522,0.09
Smith,Republican,Donald Trump,1820,0.06
Chowan,Democrat,Hillary Clinton,974,0.08
Washita,Democrat,Bernie Sanders,700,0.08
Shannon,Republican,Donald Trump,808,0.09
Norfolk,Democrat,Hillary Clinton,15747,0.11
Iberia,Democrat,Hillary Clinton,2171,0.06
Kane,Democrat,Bernie Sanders,31085,0.05
Centre,Democrat,Bernie Sanders,10269,0.06
Ottawa,Democrat,Bernie Sanders,1238,0.09
Pope,Republican,Donald Trump,507,0.10
Laurel,Republican,Donald Trump,2313,0.07
Independence,Republican,Donald Trump,2077,0.08
Hidalgo,Democrat,Hillary Clinton,40276,0.03
Fairfield,Democrat,Hillary Clinton,3260,0.09
Bienville,Democrat,Hillary Clinton,1056,0.08
Edgar,Republican,Donald Trump,1562,0.09
Winn,Democrat,Hillary Clinton,488,0.06
Mayes,Democrat,Bernie Sanders,2144,0.09
St. Louis County,Democrat,Hillary Clinton,89373,0.07
Chickasaw,Democrat,Hillary Clinton,360,0.09
Shelby,Democrat,Hillary Clinton,2195,0.08
Pierce,Democrat,Bernie Sanders,3199,0.07
LaPorte,Republican,Donald Trump,9494,0.08
Lafayette,Democrat,Bernie Sanders,1330,0.06
St. John the Baptist,Democrat,Hillary Clinton,3818,0.06
Pike,Republican,Donald Trump,1603,0.07
La Paz,Republican,Donald Trump,940,0.15
Marion,Republican,Donald Trump,2454,0.06
Steuben,Republican,Donald Trump,3973,0.08
Adams,Republican,Donald Trump,354,0.14
Lincoln,Democrat,Hillary Clinton,3,0.06
Gunnison,Democrat,Bernie Sanders,481,0.07
Phelps,Republican,Donald Trump,3425,0.09
Allendale,Democrat,Hillary Clinton,1022,0.06
Audubon,Democrat,Hillary Clinton,187,0.10
Alameda,Democrat,Hillary Clinton,107102,0.04
Clark,Republican,Donald Trump,10635,0.08
Murray,Republican,Donald Trump,3084,0.05
Franklin,Republican,Donald Trump,2155,0.06
Pike,Republican,Donald Trump,1930,0.08
Monroe,Republican,Donald Trump,698,0.10
Jefferson,Democrat,Hillary Clinton,1519,0.07
St. Landry,Democrat,Hillary Clinton,4606,0.05
Webster,Democrat,Hillary Clinton,1878,0.08
Prince George's,Democrat,Hillary Clinton,113912,0.07
Scott,Republican,Donald Trump,715,0.09
Crittenden,Democrat,Hillary Clinton,3379,0.07
Clinton,Democrat,Bernie Sanders,4301,0.09
Dearborn,Republican,Donald Trump,6617,0.08
Washington,Democrat,Hillary Clinton,2982,0.06
Allegan,Republican,Ted Cruz,7530,0.07
Essex,Democrat,Bernie Sanders,1932,0.10
Niobrara,Democrat,Bernie Sanders,2,0.08
Mahoning,Democrat,Hillary Clinton,21000,0.08
Twin Falls,Republican,Ted Cruz,4717,0.07
Conejos,Democrat,Hillary Clinton,73,0.06
Boone,Republican,Donald Trump,7023,0.05
Fayette,Democrat,Hillary Clinton,9184,0.09
Walthall,Republican,Donald Trump,1143,0.05
Anson,Democrat,Hillary Clinton,2307,0.08
Delaware,Democrat,Bernie Sanders,1773,0.10
Ottawa,Republican,Ted Cruz,23862,0.05
Cass,Republican,Donald Trump,3941,0.08
Washington,Republican,Ted Cruz,783,0.10
Columbia,Republican,Donald Trump,4019,0.11
Brooke,Democrat,Bernie Sanders,1966,0.09
Winnebago,Democrat,Bernie Sanders,230,0.08
Crawford,Republican,Ted Cruz,3926,0.09
Clearwater,Republican,Donald Trump,629,0.12
Lamar,Republican,Donald Trump,1398,0.09
Jefferson,Republican,Donald Trump,17781,0.08
Kiowa,Democrat,Hillary Clinton,5,0.06
Carroll,Republican,Donald Trump,1004,0.10
Randolph,Republican,Donald Trump,735,0.08
Jackson,Democrat,Bernie Sanders,4656,0.07
Johnson,Democrat,Hillary Clinton,1,0.11
Escambia,Republican,Donald Trump,20856,0.11
Gadsden,Democrat,Hillary Clinton,7446,0.07
Humboldt,Republican,Donald Trump,204,0.10
Lyon,Republican,Ted Cruz,432,0.06
Morehouse,Democrat,Hillary Clinton,1513,0.08
Muhlenberg,Democrat,Bernie Sanders,1632,0.07
Inyo,Republican,Donald Trump,1414,0.09
Bond,Republican,Donald Trump,1102,0.08
Wright,Republican,Donald Trump,1874,0.09
Franklin,Democrat,Bernie Sanders,2338,0.08
Pike,Democrat,Hillary Clinton,2870,0.06
Platte,Democrat,Bernie Sanders,2,0.10
Ventura,Democrat,Hillary Clinton,45848,0.06
Sutter,Republican,Donald Trump,4697,0.07
Pima,Democrat,Hillary Clinton,56317,0.09
Hamilton,Republican,Donald Trump,1030,0.09
Decatur,Republican,Donald Trump,3319,0.07
Jeff Davis,Democrat,Hillary Clinton,738,0.07
Greene,Republican,Donald Trump,1555,0.09
Chesterfield,Democrat,Hillary Clinton,22674,0.08
Shoshone,Republican,Donald Trump,632,0.13
Sumter,Democrat,Hillary Clinton,2987,0.05
Mecklenburg,Democrat,Hillary Clinton,71265,0.05
Crawford,Democrat,Bernie Sanders,1582,0.10
Autauga,Republican,Donald Trump,5387,0.11
Danville,Democrat,Hillary Clinton,2676,0.10
Clarendon,Democrat,Hillary Clinton,3564,0.09
Humboldt,Democrat,Bernie Sanders,13245,0.08
Newton,Republican,Donald Trump,1814,0.07
Knott,Democrat,Bernie Sanders,1114,0.05
Logan,Republican,Donald Trump,166,0.07
Gwinnett,Democrat,Hillary Clinton,37465,0.05
Willacy,Democrat,Hillary Clinton,2072,0.05
Wayne,Democrat,Hillary Clinton,163886,0.06
Miller,Republican,Ted Cruz,2741,0.08
Linn,Republican,Donald Trump,955,0.07
Leslie,Republican,Donald Trump,503,0.04
Gasconade,Republican,Donald Trump,1429,0.09
Las Animas,Democrat,Bernie Sanders,106,0.09
Cherokee,Democrat,Bernie Sanders,2897,0.08
Kent,Democrat,Bernie Sanders,43375,0.05
Tuscaloosa,Democrat,Hillary Clinton,12136,0.06
DeKalb,Republican,Donald Trump,4203,0.07
Aurora,Democrat,Hillary Clinton,150,0.08
New Castle,Democrat,Hillary Clinton,38580,0.07
Henry,Republican,Donald Trump,1636,0.10
Tensas,Democrat,Hillary Clinton,492,0.07
Jefferson,Democrat,Hillary Clinton,1550,0.04
Ashley,Democrat,Hillary Clinton,1375,0.07
Grant,Republican,Donald Trump,722,0.08
Atoka,Democrat,Bernie Sanders,723,0.08
Presque Isle,Republican,Donald Trump,916,0.12
Union,Democrat,Hillary Clinton,1690,0.07
Nelson,Democrat,Hillary Clinton,2395,0.07
Habersham,Republican,Donald Trump,3289,0.08
Canyon,Republican,Ted Cruz,11164,0.07
West Baton Rouge,Democrat,Hillary Clinton,2178,0.05
Calloway,Democrat,Bernie Sanders,2239,0.07
Ste. Genevieve,Republican,Donald Trump,1080,0.09
Tate,Republican,Ted Cruz,2034,0.06
Grundy,Republican,Donald Trump,3625,0.07
Moultrie,Republican,Ted Cruz,1321,0.07
Emanuel,Republican,Donald Trump,1489,0.06
Caldwell,Democrat,Bernie Sanders,866,0.08
Otero,Democrat,Bernie Sanders,94,0.09
East Baton Rouge,Democrat,Hillary Clinton,32960,0.06
Spencer,Democrat,Bernie Sanders,806,0.07
Stone,Republican,Donald Trump,993,0.11
Dixon,Republican,Donald Trump,513,0.08
Harrison,Republican,Donald Trump,4326,0.08
Cole,Republican,Ted Cruz,6159,0.09
Candler,Republican,Donald Trump,897,0.07
Benton,Democrat,Hillary Clinton,557,0.05
Charlevoix,Republican,Donald Trump,1886,0.09
Cedar,Republican,Ted Cruz,1404,0.11
St. Clair,Republican,Donald Trump,962,0.11
Pueblo,Democrat,Hillary Clinton,1260,0.09
Wakulla,Republican,Donald Trump,1664,0.11
Elbert,Democrat,Bernie Sanders,144,0.10
Wibaux,Republican,Donald Trump,231,0.07
Calvert,Republican,Donald Trump,6360,0.09
Jefferson,Republican,Donald Trump,1648,0.12
Scotland,Republican,Donald Trump,395,0.06
McHenry,Republican,Donald Trump,16514,0.06
Madison,Democrat,Bernie Sanders,4385,0.07
Perry,Republican,Donald Trump,1642,0.07
Lake,Democrat,Hillary Clinton,43091,0.07
Sedgwick,Democrat,Hillary Clinton,13,0.10
Chattahoochee,Democrat,Hillary Clinton,182,0.05
Teton,Democrat,Bernie Sanders,9,0.06
Washington,Democrat,Hillary Clinton,601,0.06
Turner,Republican,Donald Trump,652,0.06
Tulare,Republican,Donald Trump,15334,0.04
Kinney,Democrat,Hillary Clinton,211,0.14
Lafayette,Republican,Donald Trump,7171,0.06
Hoke,Democrat,Hillary Clinton,3528,0.09
Guadalupe,Democrat,Hillary Clinton,399,0.09
Muskogee,Democrat,Bernie Sanders,3515,0.09
Casey,Republican,Donald Trump,1029,0.08
Montezuma,Democrat,Bernie Sanders,412,0.09
Johnson,Republican,Donald Trump,684,0.08
Gallatin,Democrat,Bernie Sanders,340,0.08
Kern,Republican,Donald Trump,33838,0.05
Calhoun,Democrat,Bernie Sanders,200,0.09
Lumpkin,Republican,Donald Trump,2453,0.08
Clinton,Democrat,Bernie Sanders,4524,0.06
Bollinger,Republican,Donald Trump,1272,0.09
Miami-Dade,Democrat,Hillary Clinton,129467,0.02
Monroe,Republican,Donald Trump,805,0.07
Washington,Democrat,Hillary Clinton,1741,0.06
Fremont,Democrat,Bernie Sanders,10,0.09
Mariposa,Republican,Donald Trump,1940,0.12
Williamsburg,Democrat,Hillary Clinton,4609,0.06
Newton,Republican,Donald Trump,1794,0.08
Douglas,Republican,Donald Trump,1657,0.11
Richmond,Democrat,Hillary Clinton,16269,0.10
Clackamas,Democrat,Bernie Sanders,27969,0.08
Red River,Democrat,Hillary Clinton,530,0.07
Grant,Republican,Donald Trump,5992,0.09
Atkinson,Republican,Donald Trump,619,0.07
Brookings,Democrat,Hillary Clinton,955,0.06
Cameron,Republican,Donald Trump,216,0.07
Walker,Republican,Donald Trump,8394,0.08
Meagher,Republican,Donald Trump,394,0.12
Dawson,Republican,Donald Trump,1950,0.06
Cass,Republican,Donald Trump,2859,0.09
Monroe,Democrat,Hillary Clinton,1191,0.10
Phillips,Democrat,Bernie Sanders,18,0.08
Simpson,Republican,Donald Trump,2420,0.06
Jackson,Republican,Donald Trump,8113,0.08
Idaho County,Republican,Donald Trump,1668,0.12
Powell,Democrat,Bernie Sanders,744,0.05
Portage,Democrat,Bernie Sanders,9348,0.07
Lamar,Republican,Donald Trump,5197,0.06
Geneva,Republican,Donald Trump,3106,0.09
Winchester,Democrat,Hillary Clinton,949,0.06
Calhoun,Democrat,Hillary Clinton,200,0.09
Crawford,Republican,Donald Trump,930,0.07
Amite,Democrat,Hillary Clinton,1212,0.06
Worth,Republican,Donald Trump,224,0.11
Sublette,Democrat,Bernie Sanders,3,0.07
Watauga,Democrat,Bernie Sanders,5811,0.06
Teton,Republican,Ted Cruz,465,0.04
JoDaviess,Republican,Donald Trump,1666,0.10
Tehama,Republican,Donald Trump,3940,0.09
Somerset,Republican,Donald Trump,1686,0.08
Rockland,Democrat,Hillary Clinton,16966,0.04
Randolph,Democrat,Bernie Sanders,2492,0.10
Brunswick,Democrat,Hillary Clinton,1354,0.05
Socorro,Democrat,Hillary Clinton,1050,0.07
Hillsdale,Republican,Donald Trump,3060,0.08
Monroe,Republican,Donald Trump,6030,0.10
Rosebud,Republican,Donald Trump,959,0.08
Fayette,Republican,Donald Trump,2744,0.09
Cherokee,Republican,Donald Trump,18460,0.06
Kenosha,Democrat,Bernie Sanders,14612,0.07
Barry,Republican,Ted Cruz,3189,0.10
Barry,Republican,Donald Trump,3478,0.08
Hickman,Democrat,Bernie Sanders,300,0.08
Washington,Democrat,Bernie Sanders,41841,0.06
Clear Creek,Democrat,Bernie Sanders,199,0.10
Coffee,Republican,Donald Trump,2469,0.06
Taylor,Republican,Donald Trump,140,0.08
Converse,Democrat,Bernie Sanders,3,0.09
Livingston,Republican,Donald Trump,1191,0.09
Jefferson,Democrat,Bernie Sanders,654,0.09
Union,Republican,Donald Trump,719,0.13
Nuckolls,Republican,Donald Trump,446,0.11
Jeff Davis,Democrat,Hillary Clinton,1806,0.05
Floyd,Republican,Donald Trump,7456,0.08
Baker,Republican,Donald Trump,2163,0.07
Tippecanoe,Republican,Donald Trump,10296,0.05
Colbert,Democrat,Hillary Clinton,3879,0.08
Martin,Republican,Donald Trump,16065,0.11
Osceola,Republican,Ted Cruz,113,0.08
Montrose,Democrat,Bernie Sanders,258,0.08
Berrien,Republican,Donald Trump,7817,0.08
Halifax,Democrat,Hillary Clinton,6224,0.07
Scott,Democrat,Bernie Sanders,4144,0.07
Madison,Democrat,Bernie Sanders,2044,0.07
Orange,Republican,Donald Trump,2574,0.07
Brown,Republican,Donald Trump,502,0.07
Columbia,Democrat,Bernie Sanders,4221,0.11
Buena Vista,Republican,Ted Cruz,309,0.06
Marion,Republican,Donald Trump,1581,0.14
Walton,Republican,Donald Trump,7910,0.07
Marlboro,Democrat,Hillary Clinton,2132,0.07
Lincoln,Republican,Donald Trump,742,0.10
Allegheny,Democrat,Hillary Clinton,122399,0.08
Bryan,Republican,Donald Trump,2214,0.10
Sumter,Democrat,Hillary Clinton,1960,0.06
Clay,Democrat,Hillary Clinton,960,0.08
Tunica,Democrat,Hillary Clinton,904,0.05
Richland,Democrat,Hillary Clinton,39243,0.08
Stewart,Democrat,Hillary Clinton,460,0.06
Oregon,Republican,Donald Trump,941,0.10
Duplin,Democrat,Hillary Clinton,3036,0.07
Fulton,Democrat,Bernie Sanders,2537,0.09
Pierce,Republican,Donald Trump,1345,0.07
Haralson,Republican,Donald Trump,2818,0.07
Marion,Democrat,Bernie Sanders,5324,0.09
Jackson,Democrat,Hillary Clinton,15,0.10
Rush,Republican,Donald Trump,2362,0.08
Montgomery,Republican,Donald Trump,672,0.13
Cherokee,Republican,Donald Trump,248,0.10
Jasper,Democrat,Hillary Clinton,927,0.08
Dinwiddie,Democrat,Hillary Clinton,1935,0.09
Cuming,Republican,Donald Trump,783,0.08
Pike,Democrat,Bernie Sanders,4848,0.05
Douglas,Republican,Ted Cruz,1764,0.07
Effingham,Republican,Ted Cruz,3448,0.08
Greene,Democrat,Hillary Clinton,2714,0.06
Broward,Democrat,Hillary Clinton,132527,0.05
Salt Lake,Democrat,Bernie Sanders,35610,0.05
Washington,Democrat,Bernie Sanders,12,0.09
Columbus,Democrat,Hillary Clinton,3628,0.07
Chouteau,Republican,Donald Trump,865,0.10
Evans,Republican,Donald Trump,481,0.07
Knox,Democrat,Bernie Sanders,3168,0.09
Osage,Republican,Donald Trump,1316,0.08
Riverside,Republican,Donald Trump,82814,0.06
Pawnee,Democrat,Bernie Sanders,762,0.09
Hamilton,Democrat,Hillary Clinton,758,0.09
Mason,Republican,Donald Trump,1785,0.09
Allamakee,Democrat,Hillary Clinton,304,0.09
Dona Ana,Democrat,Hillary Clinton,9097,0.08
Wayne,Republican,Donald Trump,2033,0.09
Grant,Republican,Ted Cruz,1329,0.09
Wayne,Republican,Donald Trump,6116,0.08
Wayne,Republican,Donald Trump,1735,0.06
Polk,Republican,Donald Trump,3360,0.07
Lincoln,Republican,Donald Trump,3073,0.13
Cleveland,Republican,Ted Cruz,550,0.07
San Francisco,Democrat,Hillary Clinton,85070,0.03
Carter,Republican,Donald Trump,623,0.09
Menominee,Republican,Donald Trump,1304,0.11
Cerro Gordo,Democrat,Bernie Sanders,1108,0.09
Santa Barbara,Democrat,Hillary Clinton,23543,0.06
Dade,Republican,Ted Cruz,997,0.11
Baltimore,Democrat,Hillary Clinton,73099,0.07
Benton,Democrat,Hillary Clinton,672,0.08
Lincoln,Democrat,Hillary Clinton,20,0.09
Clinton,Democrat,Bernie Sanders,1234,0.09
El Dorado,Republican,Donald Trump,17651,0.09
Harmon,Democrat,Bernie Sanders,167,0.08
San Diego,Democrat,Hillary Clinton,139813,0.07
Catoosa,Republican,Donald Trump,4449,0.07
Solano,Democrat,Hillary Clinton,31753,0.08
Wright,Democrat,Hillary Clinton,273,0.07
Lawrence,Republican,Donald Trump,1201,0.09
Rio Grande,Democrat,Bernie Sanders,59,0.09
Shelby,Republican,Donald Trump,579,0.08
Dodge,Republican,Donald Trump,2760,0.08
Mason,Republican,Donald Trump,896,0.09
Greenup,Democrat,Bernie Sanders,1655,0.08
Sussex,Republican,Donald Trump,17794,0.10
Bradford,Republican,Donald Trump,1802,0.10
Onondaga,Democrat,Hillary Clinton,20397,0.07
Knox,Republican,Donald Trump,343,0.09
Henry,Republican,Ted Cruz,379,0.08
Emmet,Democrat,Hillary Clinton,168,0.08
Payne,Democrat,Bernie Sanders,3829,0.06
Henry,Republican,Donald Trump,5714,0.09
Delaware,Republican,Donald Trump,8793,0.07
Osceola,Republican,Donald Trump,1812,0.10
Fergus,Republican,Donald Trump,1975,0.11
Etowah,Republican,Donald Trump,8657,0.08
Avoyelles,Democrat,Hillary Clinton,1181,0.07
Colusa,Republican,Donald Trump,1342,0.05
Newton,Republican,Ted Cruz,6452,0.08
Martin,Democrat,Hillary Clinton,2469,0.07
Daviess,Democrat,Bernie Sanders,5188,0.08
Imperial,Democrat,Hillary Clinton,5743,0.04
Ida,Republican,Donald Trump,136,0.09
Adair,Democrat,Bernie Sanders,971,0.08
Harrison,Republican,Donald Trump,755,0.09
George,Republican,Donald Trump,2245,0.07
Latah,Republican,Ted Cruz,2134,0.06
Clay,Republican,Donald Trump,19374,0.13
Carroll,Republican,Donald Trump,2421,0.09
Elmore,Republican,Donald Trump,8525,0.10
Tillman,Democrat,Bernie Sanders,346,0.09
Todd,Democrat,Bernie Sanders,507,0.07
Uvalde,Democrat,Hillary Clinton,1740,0.05
McLean,Democrat,Bernie Sanders,628,0.08
Lincoln,Democrat,Hillary Clinton,779,0.07
Granite,Republican,Donald Trump,487,0.13
Edwards,Republican,Donald Trump,867,0.08
Moffat,Democrat,Bernie Sanders,28,0.09
Prince Edward,Democrat,Hillary Clinton,1366,0.06
Talbot,Republican,Donald Trump,3104,0.11
Dundy,Republican,Donald Trump,219,0.10
Robertson,Democrat,Bernie Sanders,177,0.07
Box Butte,Republican,Donald Trump,1188,0.09
Green,Democrat,Bernie Sanders,4359,0.07
Franklin,Democrat,Hillary Clinton,4951,0.07
Chesapeake,Democrat,Hillary Clinton,16126,0.11
Orange,Democrat,Bernie Sanders,18096,0.04
Harrison,Republican,Donald Trump,315,0.08
Warren,Democrat,Bernie Sanders,5365,0.06
Catahoula,Democrat,Hillary Clinton,431,0.07
Andrew,Republican,Donald Trump,1457,0.09
Forsyth,Democrat,Hillary Clinton,24446,0.07
Dixie,Republican,Donald Trump,1103,0.13
Page,Republican,Ted Cruz,249,0.10
Morgan,Republican,Donald Trump,10235,0.08
Beaverhead,Republican,Donald Trump,1626,0.10
Montmorency,Republican,Donald Trump,1046,0.14
Barnwell,Democrat,Hillary Clinton,1560,0.07
Union,Republican,Donald Trump,1332,0.09
Taylor,Republican,Donald Trump,550,0.08
Greene,Republican,Donald Trump,1088,0.08
Yankton,Democrat,Hillary Clinton,706,0.08
Glascock,Republican,Donald Trump,405,0.06
Mendocino,Democrat,Bernie Sanders,4654,0.08
Columbia,Democrat,Bernie Sanders,3302,0.09
Clay,Democrat,Hillary Clinton,297,0.08
Menard,Republican,Ted Cruz,1064,0.09
Marengo,Democrat,Hillary Clinton,3590,0.07
Kings,Republican,Donald Trump,7046,0.07
Thomas,Republican,Donald Trump,2649,0.08
Bent,Democrat,Hillary Clinton,26,0.11
Jackson,Democrat,Hillary Clinton,2798,0.10
Oneida,Republican,Ted Cruz,473,0.10
Yolo,Democrat,Hillary Clinton,12567,0.05
Plumas,Republican,Donald Trump,2588,0.12
Chilton,Republican,Donald Trump,5273,0.08
Cleveland,Democrat,Hillary Clinton,4880,0.07
Nassau,Republican,Donald Trump,9192,0.12
Union,Republican,Donald Trump,2691,0.12
Richmond,Democrat,Hillary Clinton,2941,0.09
Jefferson,Democrat,Hillary Clinton,9936,0.08
Madison,Democrat,Bernie Sanders,18723,0.09
Gallatin,Republican,Donald Trump,8313,0.06
Dubuque,Democrat,Hillary Clinton,2504,0.07
Woodford,Republican,Ted Cruz,5091,0.07
Bear Lake,Republican,Ted Cruz,643,0.07
Cleveland,Democrat,Bernie Sanders,16428,0.08
St. Clair,Republican,Donald Trump,11995,0.08
Adair,Republican,Donald Trump,1512,0.07
Butte,Republican,Ted Cruz,275,0.10
Hamilton,Republican,Donald Trump,766,0.09
Denver,Democrat,Bernie Sanders,14624,0.05
Evangeline,Democrat,Hillary Clinton,1319,0.05
Stone,Republican,Donald Trump,3928,0.12
Holt,Republican,Donald Trump,504,0.11
Rockdale,Democrat,Hillary Clinton,7930,0.08
Carroll,Republican,Ted Cruz,0,0.11
Ringgold,Democrat,Hillary Clinton,132,0.08
Marion,Democrat,Hillary Clinton,59649,0.06
Toombs,Republican,Donald Trump,1513,0.07
Dunklin,Republican,Donald Trump,1781,0.08
Lowndes,Republican,Donald Trump,5194,0.08
Milwaukee,Democrat,Hillary Clinton,100932,0.06
Campbell,Democrat,Bernie Sanders,12,0.06
Magoffin,Democrat,Bernie Sanders,626,0.04
Washington,Democrat,Hillary Clinton,9110,0.05
Johnson,Republican,Donald Trump,17218,0.07
Golden Valley,Republican,Donald Trump,203,0.08
Franklin,Democrat,Hillary Clinton,226,0.08
Howard,Republican,Donald Trump,534,0.10
Jones,Republican,Donald Trump,2318,0.06
Crawford,Republican,Donald Trump,1162,0.08
Sullivan,Democrat,Bernie Sanders,2671,0.08
Baldwin,Democrat,Hillary Clinton,3034,0.07
Randolph,Republican,Donald Trump,2352,0.07
Seminole,Democrat,Bernie Sanders,1194,0.08
Wells,Republican,Ted Cruz,3826,0.07
Middlesex,Democrat,Hillary Clinton,47978,0.04
Johnson,Democrat,Bernie Sanders,5473,0.05
Branch,Republican,Donald Trump,2455,0.07
Hampton,Democrat,Hillary Clinton,13529,0.15
Montgomery,Republican,Donald Trump,2269,0.10
Polk,Republican,Donald Trump,1895,0.11
Goshen,Democrat,Hillary Clinton,3,0.09
Macon,Democrat,Hillary Clinton,4293,0.09
Pitkin,Democrat,Bernie Sanders,421,0.05
Hertford,Democrat,Hillary Clinton,2926,0.07
Franklin City,Democrat,Hillary Clinton,831,0.10
Schuyler,Republican,Donald Trump,697,0.11
Montgomery,Democrat,Hillary Clinton,109304,0.05
Cedar,Republican,Donald Trump,775,0.09
Dallas,Republican,Donald Trump,1672,0.10
Mason,Democrat,Bernie Sanders,775,0.07
Christian,Republican,Donald Trump,2392,0.09
Park,Democrat,Bernie Sanders,8,0.09
Perry,Republican,Donald Trump,1561,0.08
Echols,Republican,Donald Trump,268,0.07
Haywood,Democrat,Bernie Sanders,3873,0.10
Gallatin,Democrat,Bernie Sanders,663,0.09
Garden,Republican,Donald Trump,372,0.13
Meade,Democrat,Bernie Sanders,1541,0.12
Saline,Republican,Ted Cruz,7507,0.09
Hinsdale,Democrat,Bernie Sanders,10,0.14
Teton,Republican,Donald Trump,882,0.10
Franklin,Republican,Ted Cruz,1187,0.06
Laramie,Democrat,Hillary Clinton,26,0.13
Franklin,Democrat,Hillary Clinton,650,0.06
Butte,Republican,Donald Trump,15695,0.08
Terrell,Democrat,Hillary Clinton,67,0.07
Clayton,Democrat,Bernie Sanders,408,0.09
DeSoto,Republican,Donald Trump,1445,0.08
Broome,Democrat,Bernie Sanders,9176,0.07
Montgomery,Democrat,Bernie Sanders,192,0.09
Vernon,Democrat,Bernie Sanders,3476,0.08
Van Buren,Republican,Ted Cruz,196,0.09
Coweta,Republican,Donald Trump,9593,0.08
Schenectady,Democrat,Bernie Sanders,6862,0.07
White,Republican,Donald Trump,2715,0.08
Warren,Democrat,Hillary Clinton,1217,0.08
Furnas,Republican,Donald Trump,546,0.10
Chatham,Democrat,Hillary Clinton,19898,0.09
Holmes,Democrat,Hillary Clinton,3301,0.03
Iosco,Republican,Donald Trump,1973,0.14
White,Republican,Donald Trump,3044,0.08
Carroll,Republican,Donald Trump,16534,0.08
Mineral,Republican,Donald Trump,638,0.15
McPherson,Republican,Donald Trump,114,0.06
Marquette,Democrat,Bernie Sanders,5530,0.10
Uinta,Democrat,Bernie Sanders,5,0.07
Greene,Democrat,Hillary Clinton,215,0.09
Kit Carson,Democrat,Bernie Sanders,16,0.10
Beadle,Democrat,Hillary Clinton,501,0.08
Deuel,Republican,Donald Trump,274,0.12
Shasta,Republican,Donald Trump,14822,0.10
Sunflower,Democrat,Hillary Clinton,2332,0.05
Fallon,Republican,Donald Trump,734,0.07
Big Horn,Republican,Donald Trump,1087,0.05
Lincoln,Democrat,Bernie Sanders,3,0.06
Gentry,Republican,Donald Trump,435,0.09
Glades,Republican,Donald Trump,632,0.09
Culberson,Democrat,Hillary Clinton,355,0.06
Noxubee,Democrat,Hillary Clinton,1397,0.03
Christian,Republican,Ted Cruz,10586,0.08
Howell,Republican,Donald Trump,4230,0.09
Spencer,Republican,Donald Trump,2350,0.09
Douglas,Democrat,Bernie Sanders,2347,0.06
Clark,Republican,Ted Cruz,62,0.05
Petersburg,Democrat,Hillary Clinton,4099,0.08
Antrim,Republican,Donald Trump,1969,0.10
Butler,Republican,Donald Trump,564,0.06
Sharp,Republican,Donald Trump,1241,0.12
Trempealeau,Democrat,Bernie Sanders,2429,0.07
Boyd,Republican,Donald Trump,327,0.11
Union,Republican,Donald Trump,2169,0.06
Portsmouth,Democrat,Hillary Clinton,9464,0.11
Massac,Republican,Donald Trump,1341,0.08
Cheyenne,Republican,Donald Trump,1130,0.09
DeKalb,Republican,Donald Trump,6247,0.06
Johnson,Republican,Donald Trump,1075,0.06
Corson,Democrat,Bernie Sanders,148,0.08
Muskegon,Democrat,Bernie Sanders,10062,0.08
Butts,Republican,Donald Trump,1884,0.07
Calhoun,Democrat,Bernie Sanders,803,0.08
Franklin,Republican,Donald Trump,9080,0.08
Oceana,Republican,Ted Cruz,1698,0.09
Ascension,Democrat,Hillary Clinton,4221,0.06
Fredericksburg,Democrat,Hillary Clinton,1396,0.07
Kiowa,Democrat,Bernie Sanders,514,0.09
Alexandria,Democrat,Hillary Clinton,16281,0.07
Delaware,Democrat,Hillary Clinton,44775,0.06
Adams,Democrat,Bernie Sanders,3279,0.06
San Miguel,Democrat,Hillary Clinton,3418,0.09
McIntosh,Republican,Donald Trump,1078,0.10
Madison,Democrat,Hillary Clinton,1085,0.08
Lawrence,Republican,Donald Trump,1326,0.08
Terrebonne,Republican,Donald Trump,3454,0.06
Jackson,Republican,Donald Trump,711,0.08
Jerome,Republican,Ted Cruz,1164,0.06
Worth,Democrat,Bernie Sanders,218,0.09
Warren,Democrat,Hillary Clinton,468,0.06
Nueces,Democrat,Hillary Clinton,15662,0.08
San Benito,Democrat,Hillary Clinton,2022,0.05
Wilson,Democrat,Hillary Clinton,6408,0.07
Johnston,Democrat,Bernie Sanders,606,0.08
St. Charles,Republican,Donald Trump,30489,0.07
Orange,Democrat,Hillary Clinton,66654,0.05
Leake,Democrat,Hillary Clinton,1614,0.06
Teller,Democrat,Bernie Sanders,219,0.14
Guilford,Democrat,Hillary Clinton,37880,0.06
Levy,Republican,Donald Trump,3745,0.12
Durham,Democrat,Hillary Clinton,35845,0.05
Lee,Republican,Donald Trump,2153,0.08
Northampton,Democrat,Hillary Clinton,868,0.09
Wabash,Republican,Donald Trump,977,0.08
Craig,Democrat,Bernie Sanders,926,0.10
Calaveras,Republican,Donald Trump,4902,0.12
Oldham,Democrat,Hillary Clinton,2730,0.07
Marion,Republican,Ted Cruz,1011,0.07
Taos,Democrat,Bernie Sanders,4325,0.09
Franklin,Republican,Donald Trump,3130,0.10
Greensville,Democrat,Hillary Clinton,832,0.09
Rowan,Democrat,Bernie Sanders,1363,0.05
Macon,Republican,Donald Trump,6655,0.09
Hinds,Democrat,Hillary Clinton,31386,0.06
Sweetwater,Democrat,Bernie Sanders,12,0.08
Newberry,Democrat,Hillary Clinton,2118,0.07
Keith,Republican,Donald Trump,1253,0.09
Putnam,Republican,Donald Trump,565,0.10
Clark,Republican,Donald Trump,545,0.10
Cibola,Democrat,Hillary Clinton,1586,0.07
Wilkes,Republican,Donald Trump,734,0.06
Screven,Republican,Donald Trump,801,0.07
Ray,Republican,Donald Trump,1565,0.08
Platte,Republican,Ted Cruz,5798,0.08
McLean,Republican,Ted Cruz,13085,0.06
Orangeburg,Democrat,Hillary Clinton,11819,0.07
St. Joseph,Republican,Ted Cruz,2655,0.07
Webster,Republican,Donald Trump,191,0.04
Hot Springs,Democrat,Bernie Sanders,1,0.14
Cortland,Democrat,Bernie Sanders,1878,0.07
Pushmataha,Democrat,Bernie Sanders,667,0.10
Plaquemines,Republican,Donald Trump,705,0.07
Berkeley,Democrat,Hillary Clinton,9471,0.10
Bernalillo,Democrat,Bernie Sanders,38247,0.08
Graves,Democrat,Bernie Sanders,2631,0.07
Rock Island,Democrat,Hillary Clinton,10216,0.08
Power,Republican,Ted Cruz,421,0.06
Yalobusha,Democrat,Hillary Clinton,1214,0.08
Webster,Democrat,Hillary Clinton,866,0.08
Lincoln,Democrat,Bernie Sanders,4674,0.12
Coosa,Republican,Donald Trump,1233,0.09
Lemhi,Republican,Donald Trump,757,0.13
Ripley,Republican,Donald Trump,1096,0.09
Searcy,Republican,Donald Trump,939,0.09
Christian,Democrat,Hillary Clinton,2437,0.09
LaClede,Republican,Donald Trump,3493,0.09
Tangipahoa,Democrat,Hillary Clinton,4267,0.06
San Luis Obispo,Republican,Donald Trump,19313,0.08
Keweenaw,Democrat,Bernie Sanders,188,0.16
Terrell,Democrat,Hillary Clinton,804,0.07
Napa,Democrat,Hillary Clinton,7370,0.07
Sebastian,Republican,Donald Trump,6030,0.08
Blount,Republican,Donald Trump,7390,0.08
Chambers,Democrat,Hillary Clinton,2899,0.08
Foard,Democrat,Bernie Sanders,112,0.07
Lawrence,Republican,Ted Cruz,4235,0.10
Burke,Democrat,Hillary Clinton,1659,0.07
Chicot,Democrat,Hillary Clinton,1370,0.08
Kootenai,Republican,Ted Cruz,11924,0.09
Douglas,Democrat,Hillary Clinton,9375,0.08
Hillsborough,Democrat,Hillary Clinton,68936,0.07
Washington,Republican,Donald Trump,1739,0.09
Pinal,Republican,Donald Trump,12182,0.09
LaRue,Democrat,Bernie Sanders,910,0.08
Long,Republican,Donald Trump,633,0.10
Itawamba,Republican,Donald Trump,1905,0.06
Florence,Democrat,Hillary Clinton,9411,0.07
La Crosse,Democrat,Bernie Sanders,15139,0.07
La Salle,Democrat,Hillary Clinton,557,0.04
Morgan,Democrat,Bernie Sanders,988,0.04
Desha,Democrat,Hillary Clinton,1342,0.06
Ford,Republican,Ted Cruz,1281,0.09
Menominee,Democrat,Bernie Sanders,355,0.08
Wayne,Republican,Donald Trump,1376,0.10
Vernon,Republican,Donald Trump,1119,0.13
Hudson,Democrat,Hillary Clinton,49798,0.02
Cleburne,Republican,Donald Trump,2530,0.12
Valley,Republican,Donald Trump,575,0.12
Monroe,Democrat,Hillary Clinton,2438,0.06
Liberty,Republican,Donald Trump,387,0.06
Colfax,Republican,Donald Trump,494,0.06
Grant,Democrat,Bernie Sanders,715,0.07
Jefferson,Democrat,Hillary Clinton,16580,0.07
Cuyahoga,Democrat,Hillary Clinton,125914,0.07
Muscogee,Democrat,Hillary Clinton,12801,0.10
Colleton,Democrat,Hillary Clinton,2932,0.11
Carbon,Republican,Donald Trump,1507,0.11
Greene,Republican,Donald Trump,2103,0.09
Albany,Democrat,Bernie Sanders,20422,0.06
Huron,Republican,Donald Trump,2346,0.08
Clay,Republican,Donald Trump,702,0.08
Alcona,Republican,Donald Trump,1111,0.16
Limestone,Republican,Donald Trump,8198,0.08
Sheridan,Republican,Donald Trump,499,0.08
Sierra,Republican,Donald Trump,497,0.15
Hart,Democrat,Bernie Sanders,1062,0.06
Hill,Republican,Donald Trump,1342,0.08
Fountain,Republican,Donald Trump,2742,0.08
McCone,Republican,Donald Trump,410,0.11
Monroe,Republican,Donald Trump,3272,0.08
Harrisonburg,Democrat,Bernie Sanders,2911,0.03
Custer,Republican,Donald Trump,1363,0.10
Scott,Democrat,Hillary Clinton,2505,0.06
Musselshell,Republican,Donald Trump,1032,0.14
Harford,Republican,Donald Trump,21771,0.08
Prentiss,Republican,Donald Trump,1597,0.04
Clarke,Democrat,Hillary Clinton,232,0.08
Multnomah,Democrat,Bernie Sanders,87247,0.06
Boone,Democrat,Bernie Sanders,715,0.09
Ontonagon,Republican,Donald Trump,519,0.16
Copiah,Democrat,Hillary Clinton,3373,0.06
LaGrange,Republican,Donald Trump,2571,0.05
Pasquotank,Democrat,Hillary Clinton,2471,0.10
West Feliciana,Democrat,Hillary Clinton,902,0.09
Jenkins,Republican,Donald Trump,513,0.07
Silver Bow,Democrat,Hillary Clinton,4089,0.09
Mahaska,Republican,Ted Cruz,669,0.07
Menifee,Democrat,Bernie Sanders,323,0.08
Audrain,Republican,Ted Cruz,1642,0.08
Vance,Democrat,Hillary Clinton,4561,0.07
Grand Traverse,Democrat,Bernie Sanders,8091,0.08
Covington,Republican,Donald Trump,1724,0.08
Forrest,Republican,Donald Trump,4267,0.07
Dallas,Democrat,Hillary Clinton,693,0.06
Jersey,Republican,Donald Trump,1902,0.11
Pendleton,Democrat,Bernie Sanders,546,0.06
Charlton,Republican,Donald Trump,602,0.10
Douglas,Democrat,Bernie Sanders,4510,0.09
Marion,Republican,Donald Trump,31370,0.12
Dougherty,Democrat,Hillary Clinton,8891,0.08
Bonneville,Republican,Ted Cruz,7794,0.06
Rensselaer,Democrat,Bernie Sanders,6649,0.07
Cumberland,Democrat,Hillary Clinton,22744,0.13
LaSalle,Republican,Donald Trump,6950,0.08
Troup,Republican,Donald Trump,4140,0.07
Mercer,Republican,Donald Trump,455,0.10
Tama,Democrat,Hillary Clinton,476,0.09
Sequoyah,Democrat,Bernie Sanders,1872,0.08
LeFlore,Democrat,Bernie Sanders,2283,0.08
Del Norte,Republican,Donald Trump,1536,0.10
Drew,Democrat,Hillary Clinton,1250,0.05
Benton,Republican,Marco Rubio,12863,0.07
Ouray,Democrat,Bernie Sanders,156,0.12
Boone,Republican,Donald Trump,2577,0.09
Washington,Republican,Donald Trump,1370,0.10
Morrill,Republican,Donald Trump,695,0.08
Sandoval,Democrat,Hillary Clinton,7448,0.10
Lamar,Republican,Donald Trump,1810,0.08
DeKalb,Democrat,Hillary Clinton,82348,0.06
Jackson,Republican,Donald Trump,582,0.06
Bingham,Republican,Ted Cruz,3471,0.06
Alexander,Democrat,Hillary Clinton,770,0.09
Wolfe,Democrat,Bernie Sanders,499,0.06
Los Alamos,Democrat,Hillary Clinton,1424,0.10
Door,Democrat,Bernie Sanders,3417,0.09
Collier,Republican,Donald Trump,30071,0.09
Shelby,Republican,Donald Trump,18260,0.07
Iowa,Democrat,Bernie Sanders,3198,0.07
Rockcastle,Republican,Donald Trump,743,0.07
Jackson,Republican,Donald Trump,5362,0.06
New Madrid,Republican,Donald Trump,1376,0.09
Putnam,Republican,Donald Trump,4087,0.07
Humphreys,Democrat,Hillary Clinton,2894,0.06
Choctaw,Republican,Donald Trump,765,0.08
Anne Arundel,Democrat,Hillary Clinton,35659,0.10
Hampton,Democrat,Hillary Clinton,1930,0.07
Lenawee,Republican,Donald Trump,5167,0.08
Lincoln,Democrat,Bernie Sanders,1510,0.08
Lowndes,Democrat,Hillary Clinton,3782,0.06
Colfax,Democrat,Hillary Clinton,949,0.11
Van Buren,Democrat,Bernie Sanders,3656,0.08
Trigg,Democrat,Bernie Sanders,715,0.12
Marion,Republican,Donald Trump,473,0.11
Warrick,Republican,Donald Trump,7450,0.08
Howard,Democrat,Hillary Clinton,30873,0.06
Pulaski,Republican,Donald Trump,436,0.09
Panola,Democrat,Hillary Clinton,3061,0.06
Madison,Republican,Donald Trump,12487,0.08
Nassau,Democrat,Hillary Clinton,70947,0.05
Union,Democrat,Hillary Clinton,40972,0.04
Jefferson,Republican,Donald Trump,533,0.09
Arkansas,Republican,Donald Trump,1073,0.07
Washakie,Democrat,Hillary Clinton,2,0.09
Albany,Democrat,Bernie Sanders,25,0.06
Coffee,Republican,Donald Trump,4304,0.12
Carbon,Democrat,Hillary Clinton,4,0.10
Lawrence,Republican,Donald Trump,5971,0.09
Marshall,Democrat,Bernie Sanders,2308,0.09
Adams,Republican,Ted Cruz,3851,0.05
Hardee,Republican,Donald Trump,1113,0.05
Huntington,Republican,Donald Trump,4100,0.07
Minnehaha,Democrat,Hillary Clinton,6018,0.06
Kershaw,Democrat,Hillary Clinton,3743,0.09
Cumberland,Republican,Donald Trump,1081,0.09
Morgan,Republican,Donald Trump,10909,0.08
Taylor,Democrat,Hillary Clinton,949,0.06
Tipton,Republican,Donald Trump,2269,0.10
Sonoma,Democrat,Hillary Clinton,44923,0.07
Grant,Democrat,Bernie Sanders,4484,0.06
Mohave,Republican,Donald Trump,14154,0.13
Gilpin,Democrat,Bernie Sanders,173,0.12
Caribou,Republican,Ted Cruz,602,0.07
Grant,Democrat,Hillary Clinton,2272,0.10
Wheatland,Republican,Donald Trump,380,0.11
Will,Democrat,Bernie Sanders,46305,0.05
Chickasaw,Democrat,Hillary Clinton,1398,0.04
Mississippi,Republican,Donald Trump,970,0.07
Ashland,Democrat,Bernie Sanders,2304,0.09
Fulton,Democrat,Hillary Clinton,82576,0.05
Pike,Republican,Donald Trump,2493,0.08
Arlington,Democrat,Hillary Clinton,25561,0.06
Carroll,Democrat,Bernie Sanders,573,0.07
Muscatine,Democrat,Bernie Sanders,972,0.07
Rankin,Republican,Donald Trump,13729,0.07
Franklin,Republican,Donald Trump,1997,0.06
Okfuskee,Democrat,Bernie Sanders,596,0.09
Madison,Democrat,Hillary Clinton,722,0.06
Warren,Republican,Donald Trump,2722,0.09
Leon,Democrat,Hillary Clinton,27333,0.06
Allen,Democrat,Hillary Clinton,536,0.07
Blaine,Republican,Donald Trump,99,0.09
Carlisle,Democrat,Bernie Sanders,462,0.08
Story,Democrat,Bernie Sanders,2737,0.05
Madison,Republican,Donald Trump,7540,0.05
Garrett,Republican,Donald Trump,3564,0.08
Garvin,Democrat,Bernie Sanders,1505,0.08
Dubois,Republican,Donald Trump,4692,0.08
Fillmore,Republican,Donald Trump,574,0.09
Henry,Republican,Donald Trump,3021,0.09
Clinton,Republican,Donald Trump,3252,0.06
Boise,Republican,Donald Trump,691,0.11
Hyde,Democrat,Hillary Clinton,459,0.05
Weston,Democrat,Hillary Clinton,1,0.11
Woodbury,Democrat,Bernie Sanders,1920,0.07
Citrus,Republican,Donald Trump,15232,0.15
Marshall,Democrat,Bernie Sanders,738,0.09
Clay,Republican,Donald Trump,1294,0.08
Acadia,Democrat,Hillary Clinton,1862,0.05
Bamberg,Democrat,Hillary Clinton,1715,0.09
Cape Girardeau,Republican,Ted Cruz,7332,0.08
Winnebago,Democrat,Bernie Sanders,16715,0.07
Latimer,Democrat,Bernie Sanders,852,0.09
Scott,Republican,Donald Trump,510,0.08
Montcalm,Republican,Donald Trump,3051,0.08
Vermilion,Republican,Donald Trump,5021,0.09
Logan,Democrat,Hillary Clinton,77,0.09
Allen,Republican,Donald Trump,640,0.07
Forsyth,Republican,Donald Trump,15698,0.05
Marion,Democrat,Hillary Clinton,3359,0.07
Hardin,Democrat,Hillary Clinton,4359,0.13
Monroe,Democrat,Bernie Sanders,15166,0.05
Beaver,Democrat,Hillary Clinton,12963,0.09
Putnam,Republican,Donald Trump,5119,0.11
Pope,Republican,Donald Trump,3073,0.07
Webster,Democrat,Bernie Sanders,837,0.07
Duval,Democrat,Hillary Clinton,58632,0.10
Otoe,Republican,Donald Trump,1255,0.08
Caddo,Democrat,Bernie Sanders,1543,0.09
Butler,Democrat,Bernie Sanders,350,0.07
Rio Blanco,Democrat,Bernie Sanders,18,0.08
Chaffee,Democrat,Bernie Sanders,404,0.12
Appling,Republican,Donald Trump,1290,0.05
Pike,Republican,Donald Trump,511,0.08
Northampton,Democrat,Hillary Clinton,3195,0.07
Cherokee,Republican,Donald Trump,2777,0.08
Love,Democrat,Bernie Sanders,502,0.07
Dodge,Republican,Donald Trump,1360,0.07
Bryan,Democrat,Bernie Sanders,1913,0.07
Letcher,Democrat,Bernie Sanders,1788,0.05
Jefferson,Democrat,Bernie Sanders,347,0.07
Henderson,Democrat,Hillary Clinton,2887,0.07
Saline,Republican,Donald Trump,2102,0.09
Hall,Republican,Donald Trump,12536,0.06
Howard,Democrat,Bernie Sanders,215,0.07
Tazewell,Republican,Ted Cruz,12085,0.08
Sweet Grass,Republican,Donald Trump,707,0.08
Harrison,Democrat,Bernie Sanders,1059,0.08
Gladwin,Republican,Donald Trump,1774,0.10
Presidio,Democrat,Hillary Clinton,776,0.05
Peach,Democrat,Hillary Clinton,1675,0.09
Harrison,Republican,Donald Trump,12555,0.11
Siskiyou,Republican,Donald Trump,3573,0.11
Sampson,Democrat,Hillary Clinton,3790,0.07
Sanders,Republican,Donald Trump,1992,0.14
Crowley,Democrat,Bernie Sanders,16,0.08
Owyhee,Republican,Ted Cruz,717,0.08
Nash,Democrat,Hillary Clinton,8554,0.07
Dallas,Democrat,Hillary Clinton,8577,0.07
Flagler,Republican,Donald Trump,9684,0.11
Yavapai,Republican,Donald Trump,17005,0.13
Knox,Republican,Donald Trump,642,0.10
Yell,Republican,Donald Trump,911,0.06
Lake,Democrat,Bernie Sanders,165,0.07
Boone,Republican,Donald Trump,740,0.10
Manistee,Democrat,Bernie Sanders,1646,0.12
Estill,Democrat,Hillary Clinton,446,0.06
Carroll,Republican,Marco Rubio,0,0.11
Floyd,Democrat,Bernie Sanders,4010,0.05
Monroe,Democrat,Hillary Clinton,37309,0.06
Beauregard,Republican,Ted Cruz,1363,0.10
Hancock,Democrat,Bernie Sanders,573,0.10
Floyd,Republican,Donald Trump,5945,0.08
Van Buren,Republican,Donald Trump,1198,0.11
Effingham,Republican,Donald Trump,3648,0.08
Bay,Democrat,Bernie Sanders,6363,0.08
Pulaski,Democrat,Hillary Clinton,34862,0.08
Logan,Republican,Ted Cruz,2361,0.08
Wilkinson,Democrat,Hillary Clinton,1269,0.04
Crawford,Republican,Donald Trump,2189,0.11
Ouachita,Democrat,Hillary Clinton,8995,0.06
Coal,Democrat,Bernie Sanders,456,0.09
Moody,Democrat,Hillary Clinton,262,0.09
Jasper,Republican,Donald Trump,1205,0.06
Wayne,Democrat,Hillary Clinton,7546,0.10
Montgomery,Democrat,Hillary Clinton,75333,0.06
Vigo,Republican,Donald Trump,8539,0.07
Noble,Republican,Donald Trump,4422,0.07
Scott,Republican,Donald Trump,1929,0.07
Lanier,Republican,Donald Trump,512,0.08
Huerfano,Democrat,Bernie Sanders,150,0.13
Hitchcock,Republican,Donald Trump,305,0.11
O'Brien,Republican,Ted Cruz,347,0.08
Cotton,Democrat,Bernie Sanders,388,0.10
El Paso,Democrat,Hillary Clinton,36067,0.06
Washington,Republican,Ted Cruz,542,0.07
Deer Lodge,Democrat,Hillary Clinton,986,0.13
Campbell,Democrat,Hillary Clinton,3169,0.07
Winneshiek,Democrat,Bernie Sanders,616,0.07
Jefferson,Democrat,Bernie Sanders,8281,0.08
Newton,Republican,Donald Trump,1073,0.11
Kosciusko,Republican,Donald Trump,8748,0.06
Webb,Democrat,Hillary Clinton,18559,0.02
San Mateo,Democrat,Hillary Clinton,47358,0.04
Isabella,Democrat,Bernie Sanders,4024,0.05
Wilkinson,Democrat,Hillary Clinton,832,0.07
Day,Democrat,Hillary Clinton,343,0.10
Wayne,Republican,Ted Cruz,171,0.09
Sioux,Republican,Ted Cruz,1524,0.05
Camden,Republican,Donald Trump,3065,0.13
Blaine,Republican,Donald Trump,543,0.06
DeKalb,Republican,Donald Trump,800,0.10
Lincoln,Democrat,Hillary Clinton,1692,0.05
Vermilion,Republican,Donald Trump,1460,0.06
Gates,Democrat,Hillary Clinton,749,0.10
Marshall,Republican,Ted Cruz,1095,0.09
Greeley,Republican,Donald Trump,125,0.11
Palo Alto,Democrat,Hillary Clinton,213,0.09
Montgomery,Republican,Donald Trump,712,0.06
Hopewell,Democrat,Hillary Clinton,1177,0.08
Washington,Democrat,Hillary Clinton,1511,0.06
Schuyler,Republican,Donald Trump,428,0.07
Twiggs,Democrat,Hillary Clinton,818,0.07
Washtenaw,Democrat,Bernie Sanders,38063,0.05
Mesa,Democrat,Bernie Sanders,1095,0.09
Monroe,Democrat,Hillary Clinton,843,0.08
Carroll,Democrat,Hillary Clinton,0,0.11
Decatur,Republican,Ted Cruz,173,0.07
Quitman,Democrat,Hillary Clinton,986,0.06
Pinellas,Democrat,Hillary Clinton,63699,0.10
Boone,Republican,Donald Trump,3816,0.06
Adams,Republican,Donald Trump,5233,0.09
Benewah,Republican,Ted Cruz,671,0.11
Winston,Democrat,Hillary Clinton,1442,0.06
Pontotoc,Democrat,Bernie Sanders,2392,0.08
Webster,Democrat,Bernie Sanders,1169,0.08
Lapeer,Republican,Donald Trump,7446,0.07
Moniteau,Republican,Ted Cruz,1374,0.08
Franklin,Republican,Donald Trump,333,0.12
Pocahontas,Democrat,Hillary Clinton,198,0.09
Genesee,Democrat,Hillary Clinton,31284,0.07
Whiteside,Democrat,Bernie Sanders,3102,0.09
Weld,Democrat,Bernie Sanders,1647,0.06
Jackson,Republican,Donald Trump,5484,0.06
Clay,Democrat,Hillary Clinton,2372,0.06
Brown,Republican,Donald Trump,2202,0.11
Franklin,Republican,Donald Trump,1229,0.09
Neshoba,Republican,Donald Trump,2249,0.06
Phillips,Democrat,Hillary Clinton,2696,0.06
Bartholomew,Republican,Donald Trump,7918,0.07
Dewey,Democrat,Bernie Sanders,342,0.05
Jasper,Republican,Ted Cruz,928,0.08
Nevada,Democrat,Hillary Clinton,647,0.09
Hall,Republican,Donald Trump,3818,0.07
Greene,Democrat,Hillary Clinton,1643,0.07
Ohio,Republican,Donald Trump,786,0.09
Dorchester,Republican,Donald Trump,2744,0.10
Boyd,Democrat,Bernie Sanders,2262,0.09
Banner,Republican,Donald Trump,108,0.09
Lafayette,Democrat,Hillary Clinton,443,0.08
Wapello,Democrat,Hillary Clinton,817,0.07
Saguache,Democrat,Bernie Sanders,219,0.08
Mercer,Republican,Ted Cruz,1073,0.09
Clarke,Democrat,Hillary Clinton,7089,0.05
Monterey,Democrat,Hillary Clinton,17126,0.05
Lafourche,Republican,Donald Trump,2725,0.05
Jasper,Democrat,Hillary Clinton,1976,0.06
Palm Beach,Democrat,Hillary Clinton,103369,0.07
Alachua,Democrat,Hillary Clinton,17733,0.07
Queen Anne's,Republican,Donald Trump,5195,0.09
Hudspeth,Democrat,Hillary Clinton,147,0.06
Lancaster,Republican,Donald Trump,13251,0.07
Graham,Republican,Ted Cruz,1606,0.07
Baltimore City,Democrat,Hillary Clinton,81115,0.06
Lincoln,Republican,Donald Trump,2950,0.06
Barrow,Republican,Donald Trump,4653,0.07
Madison,Democrat,Hillary Clinton,4351,0.07
Union,Democrat,Bernie Sanders,268,0.08
Comanche,Democrat,Bernie Sanders,3804,0.13
St. Martin,Democrat,Hillary Clinton,1869,0.06
Powell,Republican,Donald Trump,818,0.13
Gloucester,Democrat,Hillary Clinton,17954,0.07
Routt,Democrat,Bernie Sanders,406,0.05
Jefferson,Democrat,Hillary Clinton,64090,0.07
Lake,Republican,Donald Trump,803,0.11
Crook,Democrat,Hillary Clinton,1,0.07
Frio,Democrat,Hillary Clinton,1864,0.05
Camden,Republican,Donald Trump,5467,0.12
Bolivar,Democrat,Hillary Clinton,3029,0.04
Alcorn,Republican,Donald Trump,2901,0.06
Mitchell,Democrat,Hillary Clinton,1338,0.07
Fremont,Republican,Donald Trump,182,0.11
Houston,Republican,Donald Trump,8171,0.09
Perry,Democrat,Bernie Sanders,1666,0.06
Person,Democrat,Hillary Clinton,2954,0.07
Chesterfield,Democrat,Hillary Clinton,2209,0.07
Sullivan,Republican,Donald Trump,510,0.07
Lincoln,Republican,Donald Trump,4144,0.07
Natrona,Democrat,Hillary Clinton,20,0.08
Henry,Democrat,Bernie Sanders,958,0.06
Gila,Republican,Donald Trump,3065,0.12
Hopkins,Democrat,Bernie Sanders,2696,0.08
Cedar,Democrat,Bernie Sanders,445,0.09
Bartow,Republican,Donald Trump,8281,0.06
Craighead,Republican,Ted Cruz,4108,0.07
Madison,Democrat,Hillary Clinton,1542,0.08
Webster,Republican,Ted Cruz,4124,0.08
Mills,Republican,Donald Trump,300,0.09
